INSERT INTO partenaire (numpartenaire, nompartenaire, emailpartenaire) VALUES (nextval('partenaire_numpartenaire_seq'), 'ESF', 'esf@partner.example.com');
INSERT INTO partenaire (numpartenaire, nompartenaire, emailpartenaire) VALUES (nextval('partenaire_numpartenaire_seq'), 'DiveCenter', 'dive@partner.example.com');
INSERT INTO partenaire (numpartenaire, nompartenaire, emailpartenaire) VALUES (nextval('partenaire_numpartenaire_seq'), 'YogaPro', 'yoga@partner.example.com');
INSERT INTO partenaire (numpartenaire, nompartenaire, emailpartenaire) VALUES (nextval('partenaire_numpartenaire_seq'), 'GolfPro', 'golf@partner.example.com');
INSERT INTO partenaire (numpartenaire, nompartenaire, emailpartenaire) VALUES (nextval('partenaire_numpartenaire_seq'), 'SpaCorp', 'spa@partner.example.com');

INSERT INTO typeactivite (numtypeactivite, nomtypeactivite, desctypeactivite, nbactiviteincluses, nbactivitealacarte) VALUES (nextval('typeactivite_numtypeactivite_seq'), 'Ski', 'Sports de neige', 5, 10);
INSERT INTO typeactivite (numtypeactivite, nomtypeactivite, desctypeactivite, nbactiviteincluses, nbactivitealacarte) VALUES (nextval('typeactivite_numtypeactivite_seq'), 'Plongée', 'Activités aquatiques', 3, 8);
INSERT INTO typeactivite (numtypeactivite, nomtypeactivite, desctypeactivite, nbactiviteincluses, nbactivitealacarte) VALUES (nextval('typeactivite_numtypeactivite_seq'), 'Yoga', 'Bien-être et relaxation', 4, 6);
INSERT INTO typeactivite (numtypeactivite, nomtypeactivite, desctypeactivite, nbactiviteincluses, nbactivitealacarte) VALUES (nextval('typeactivite_numtypeactivite_seq'), 'Tennis', 'Sports de raquette', 3, 5);
INSERT INTO typeactivite (numtypeactivite, nomtypeactivite, desctypeactivite, nbactiviteincluses, nbactivitealacarte) VALUES (nextval('typeactivite_numtypeactivite_seq'), 'Fitness', 'Salle et cours collectifs', 6, 0);
INSERT INTO typeactivite (numtypeactivite, nomtypeactivite, desctypeactivite, nbactiviteincluses, nbactivitealacarte) VALUES (nextval('typeactivite_numtypeactivite_seq'), 'Kids Club', 'Activités enfants par tranche d''age', 10, 0);
INSERT INTO typeactivite (numtypeactivite, nomtypeactivite, desctypeactivite, nbactiviteincluses, nbactivitealacarte) VALUES (nextval('typeactivite_numtypeactivite_seq'), 'Sailing', 'Sports nautiques', 2, 5);
INSERT INTO typeactivite (numtypeactivite, nomtypeactivite, desctypeactivite, nbactiviteincluses, nbactivitealacarte) VALUES (nextval('typeactivite_numtypeactivite_seq'), 'Climbing', 'Escalade et via ferrata', 1, 4);
INSERT INTO typeactivite (numtypeactivite, nomtypeactivite, desctypeactivite, nbactiviteincluses, nbactivitealacarte) VALUES (nextval('typeactivite_numtypeactivite_seq'), 'Golf', 'Practice et parcours', 2, 3);
INSERT INTO typeactivite (numtypeactivite, nomtypeactivite, desctypeactivite, nbactiviteincluses, nbactivitealacarte) VALUES (nextval('typeactivite_numtypeactivite_seq'), 'Spa', 'Soins et massages', 1, 6);

INSERT INTO activite (numactivite, numtypeactivite, nomactivite, dureeactivite, descriptionactivite, agemin, frequence, estincluse) VALUES (nextval('activite_numactivite_seq'), 1, 'Ski Découverte', 60, 'Initiation au ski', 6, 'Quotidienne', true);
INSERT INTO activite (numactivite, numtypeactivite, nomactivite, dureeactivite, descriptionactivite, agemin, frequence, estincluse) VALUES (nextval('activite_numactivite_seq'), 1, 'Ski Privé', 120, 'Cours privé de ski', 10, 'Sur réservation', false);
INSERT INTO activitealacarte (numactivite, numpartenaire, prixmin) VALUES (2, 2, 138.96);
INSERT INTO activite (numactivite, numtypeactivite, nomactivite, dureeactivite, descriptionactivite, agemin, frequence, estincluse) VALUES (nextval('activite_numactivite_seq'), 2, 'Plongée Découverte', 60, 'Initiation au plongée', 6, 'Quotidienne', true);
INSERT INTO activite (numactivite, numtypeactivite, nomactivite, dureeactivite, descriptionactivite, agemin, frequence, estincluse) VALUES (nextval('activite_numactivite_seq'), 2, 'Plongée Privé', 120, 'Cours privé de plongée', 10, 'Sur réservation', false);
INSERT INTO activitealacarte (numactivite, numpartenaire, prixmin) VALUES (4, 4, 115.63);
INSERT INTO activite (numactivite, numtypeactivite, nomactivite, dureeactivite, descriptionactivite, agemin, frequence, estincluse) VALUES (nextval('activite_numactivite_seq'), 3, 'Yoga Découverte', 60, 'Initiation au yoga', 6, 'Quotidienne', true);
INSERT INTO activite (numactivite, numtypeactivite, nomactivite, dureeactivite, descriptionactivite, agemin, frequence, estincluse) VALUES (nextval('activite_numactivite_seq'), 3, 'Yoga Privé', 120, 'Cours privé de yoga', 10, 'Sur réservation', false);
INSERT INTO activitealacarte (numactivite, numpartenaire, prixmin) VALUES (6, 4, 130.8);
INSERT INTO activite (numactivite, numtypeactivite, nomactivite, dureeactivite, descriptionactivite, agemin, frequence, estincluse) VALUES (nextval('activite_numactivite_seq'), 4, 'Tennis Découverte', 60, 'Initiation au tennis', 6, 'Quotidienne', true);
INSERT INTO activite (numactivite, numtypeactivite, nomactivite, dureeactivite, descriptionactivite, agemin, frequence, estincluse) VALUES (nextval('activite_numactivite_seq'), 4, 'Tennis Privé', 120, 'Cours privé de tennis', 10, 'Sur réservation', false);
INSERT INTO activitealacarte (numactivite, numpartenaire, prixmin) VALUES (8, 4, 55.22);
INSERT INTO activite (numactivite, numtypeactivite, nomactivite, dureeactivite, descriptionactivite, agemin, frequence, estincluse) VALUES (nextval('activite_numactivite_seq'), 5, 'Fitness Découverte', 60, 'Initiation au fitness', 6, 'Quotidienne', true);
INSERT INTO activite (numactivite, numtypeactivite, nomactivite, dureeactivite, descriptionactivite, agemin, frequence, estincluse) VALUES (nextval('activite_numactivite_seq'), 5, 'Fitness Privé', 120, 'Cours privé de fitness', 10, 'Sur réservation', false);
INSERT INTO activitealacarte (numactivite, numpartenaire, prixmin) VALUES (10, 3, 73.95);
INSERT INTO activite (numactivite, numtypeactivite, nomactivite, dureeactivite, descriptionactivite, agemin, frequence, estincluse) VALUES (nextval('activite_numactivite_seq'), 6, 'Kids Club Découverte', 60, 'Initiation au kids club', 6, 'Quotidienne', true);
INSERT INTO activite (numactivite, numtypeactivite, nomactivite, dureeactivite, descriptionactivite, agemin, frequence, estincluse) VALUES (nextval('activite_numactivite_seq'), 6, 'Kids Club Privé', 120, 'Cours privé de kids club', 10, 'Sur réservation', false);
INSERT INTO activitealacarte (numactivite, numpartenaire, prixmin) VALUES (12, 3, 185.33);
INSERT INTO activite (numactivite, numtypeactivite, nomactivite, dureeactivite, descriptionactivite, agemin, frequence, estincluse) VALUES (nextval('activite_numactivite_seq'), 7, 'Sailing Découverte', 60, 'Initiation au sailing', 6, 'Quotidienne', true);
INSERT INTO activite (numactivite, numtypeactivite, nomactivite, dureeactivite, descriptionactivite, agemin, frequence, estincluse) VALUES (nextval('activite_numactivite_seq'), 7, 'Sailing Privé', 120, 'Cours privé de sailing', 10, 'Sur réservation', false);
INSERT INTO activitealacarte (numactivite, numpartenaire, prixmin) VALUES (14, 4, 149.2);
INSERT INTO activite (numactivite, numtypeactivite, nomactivite, dureeactivite, descriptionactivite, agemin, frequence, estincluse) VALUES (nextval('activite_numactivite_seq'), 8, 'Climbing Découverte', 60, 'Initiation au climbing', 6, 'Quotidienne', true);
INSERT INTO activite (numactivite, numtypeactivite, nomactivite, dureeactivite, descriptionactivite, agemin, frequence, estincluse) VALUES (nextval('activite_numactivite_seq'), 8, 'Climbing Privé', 120, 'Cours privé de climbing', 10, 'Sur réservation', false);
INSERT INTO activitealacarte (numactivite, numpartenaire, prixmin) VALUES (16, 3, 198.25);
INSERT INTO activite (numactivite, numtypeactivite, nomactivite, dureeactivite, descriptionactivite, agemin, frequence, estincluse) VALUES (nextval('activite_numactivite_seq'), 9, 'Golf Découverte', 60, 'Initiation au golf', 6, 'Quotidienne', true);
INSERT INTO activite (numactivite, numtypeactivite, nomactivite, dureeactivite, descriptionactivite, agemin, frequence, estincluse) VALUES (nextval('activite_numactivite_seq'), 9, 'Golf Privé', 120, 'Cours privé de golf', 10, 'Sur réservation', false);
INSERT INTO activitealacarte (numactivite, numpartenaire, prixmin) VALUES (18, 5, 21.46);
INSERT INTO activite (numactivite, numtypeactivite, nomactivite, dureeactivite, descriptionactivite, agemin, frequence, estincluse) VALUES (nextval('activite_numactivite_seq'), 10, 'Spa Découverte', 60, 'Initiation au spa', 6, 'Quotidienne', true);
INSERT INTO activite (numactivite, numtypeactivite, nomactivite, dureeactivite, descriptionactivite, agemin, frequence, estincluse) VALUES (nextval('activite_numactivite_seq'), 10, 'Spa Privé', 120, 'Cours privé de spa', 10, 'Sur réservation', false);
INSERT INTO activitealacarte (numactivite, numpartenaire, prixmin) VALUES (20, 5, 92.76);

INSERT INTO regroupementclub (numregroupement, nomregroupement, descregroupement) VALUES (nextval('regroupementclub_numregroupement_seq'), 'Nos coups de coeur', 'Nos coups de coeur - sélection spéciale');
INSERT INTO regroupementclub (numregroupement, nomregroupement, descregroupement) VALUES (nextval('regroupementclub_numregroupement_seq'), 'Dernières chambres', 'Dernières chambres - sélection spéciale');
INSERT INTO regroupementclub (numregroupement, nomregroupement, descregroupement) VALUES (nextval('regroupementclub_numregroupement_seq'), 'Départ imminent', 'Départ imminent - sélection spéciale');
INSERT INTO regroupementclub (numregroupement, nomregroupement, descregroupement) VALUES (nextval('regroupementclub_numregroupement_seq'), 'Jusqu''à -10%', 'Jusqu''à -10% - sélection spéciale');
INSERT INTO regroupementclub (numregroupement, nomregroupement, descregroupement) VALUES (nextval('regroupementclub_numregroupement_seq'), 'Famille', 'Famille - sélection spéciale');

INSERT INTO pays (codepays, nompays) VALUES ('FR', 'France');
INSERT INTO pays (codepays, nompays) VALUES ('IT', 'Italy');
INSERT INTO pays (codepays, nompays) VALUES ('CH', 'Switzerland');
INSERT INTO pays (codepays, nompays) VALUES ('GR', 'Greece');
INSERT INTO pays (codepays, nompays) VALUES ('MA', 'Morocco');
INSERT INTO pays (codepays, nompays) VALUES ('ES', 'Spain');
INSERT INTO pays (codepays, nompays) VALUES ('MX', 'Mexico');
INSERT INTO pays (codepays, nompays) VALUES ('TR', 'Turkey');
INSERT INTO pays (codepays, nompays) VALUES ('AE', 'United Arab Emirates');
INSERT INTO pays (codepays, nompays) VALUES ('TH', 'Thailand');

INSERT INTO localisation (numlocalisation, nomlocalisation) VALUES (nextval('localisation_numlocalisation_seq'), 'Les Alpes');
INSERT INTO localisation (numlocalisation, nomlocalisation) VALUES (nextval('localisation_numlocalisation_seq'), 'Europe et Côtes Méditerranéennes');
INSERT INTO localisation (numlocalisation, nomlocalisation) VALUES (nextval('localisation_numlocalisation_seq'), 'Amériques');
INSERT INTO localisation (numlocalisation, nomlocalisation) VALUES (nextval('localisation_numlocalisation_seq'), 'Asie');
INSERT INTO localisation (numlocalisation, nomlocalisation) VALUES (nextval('localisation_numlocalisation_seq'), 'Afrique');
INSERT INTO localisation (numlocalisation, nomlocalisation) VALUES (nextval('localisation_numlocalisation_seq'), 'Caraïbes');
INSERT INTO localisation (numlocalisation, nomlocalisation) VALUES (nextval('localisation_numlocalisation_seq'), 'Océan Indien');
INSERT INTO localisation (numlocalisation, nomlocalisation) VALUES (nextval('localisation_numlocalisation_seq'), 'Océanie');
INSERT INTO localisation (numlocalisation, nomlocalisation) VALUES (nextval('localisation_numlocalisation_seq'), 'Moyen-Orient');
INSERT INTO localisation (numlocalisation, nomlocalisation) VALUES (nextval('localisation_numlocalisation_seq'), 'Nord de l''Europe');

INSERT INTO resort (numresort, codepays, nomresort, descriptionresort, moyenneavis, nbchambrestotal, nbtridents) VALUES (nextval('resort_numresort_seq'), 'FR', 'Tignes', 'Vibrez au cœur des Alpes ! Tignes 3 Tridents est le resort de ceux qui vivent le sport intensément. Profitez d''une ambiance conviviale et festive, avec un accès direct à un domaine skiable de renommée mondiale. L''altitude est une fête, le ski est roi !', 3.24, 200, 3);
INSERT INTO resort (numresort, codepays, nomresort, descriptionresort, moyenneavis, nbchambrestotal, nbtridents) VALUES (nextval('resort_numresort_seq'), 'IT', 'Val d''Isère', 'Plongez dans l''authenticité d''un village alpin légendaire. Val d''Isère 3 Tridents allie charme savoyard et accès à l''un des plus beaux espaces de ski au monde. C''est le choix parfait pour les passionnés de glisse à la recherche de convivialité et de grands espaces.', 3.7, 331, 3);
INSERT INTO resort (numresort, codepays, nomresort, descriptionresort, moyenneavis, nbchambrestotal, nbtridents) VALUES (nextval('resort_numresort_seq'), 'CH', 'Val Thorens', 'Atteignez les sommets du luxe et de la glisse à Val Thorens, 4 Tridents. Au cœur du plus grand domaine skiable du monde, ce resort premium vous offre des vues à couper le souffle, un confort chic et un accès ski-aux-pieds inégalé. L''expérience haute-altitude par excellence.', 3.0, 336, 4);
INSERT INTO resort (numresort, codepays, nomresort, descriptionresort, moyenneavis, nbchambrestotal, nbtridents) VALUES (nextval('resort_numresort_seq'), 'GR', 'La Plagne', 'Le paradis des familles et des skieurs de tous niveaux ! La Plagne 3 Tridents vous accueille dans une atmosphère chaleureuse et décontractée. Découvrez l''immense domaine de Paradiski et partagez des moments inoubliables, le tout dans un confort tout-compris.', 3.21, 194, 3);
INSERT INTO resort (numresort, codepays, nomresort, descriptionresort, moyenneavis, nbchambrestotal, nbtridents) VALUES (nextval('resort_numresort_seq'), 'MA', 'Méribel', 'L''élégance au cœur des 3 Vallées. Méribel 4 Tridents est un écrin de raffinement et de charme alpin. Profitez d''un service premium, d''une gastronomie soignée et d''un emplacement de rêve pour dévaler les pistes du plus grand domaine skiable du monde.', 3.45, 352, 4);
INSERT INTO resort (numresort, codepays, nomresort, descriptionresort, moyenneavis, nbchambrestotal, nbtridents) VALUES (nextval('resort_numresort_seq'), 'ES', 'Courchevel', 'Vivez l''exclusivité à Courchevel, 4 Tridents. Ce resort premium combine le frisson du ski d''exception et l''art de vivre à la française. Dans un cadre prestigieux, profitez d''un service attentionné et d''un accès direct aux pistes légendaires des 3 Vallées.', 4.19, 245, 4);
INSERT INTO resort (numresort, codepays, nomresort, descriptionresort, moyenneavis, nbchambrestotal, nbtridents) VALUES (nextval('resort_numresort_seq'), 'MX', 'Chamonix', 'Face au Mont-Blanc, vivez la légende de l''alpinisme. Chamonix 3 Tridents est le camp de base idéal pour les aventuriers et les amoureux de la montagne. Un resort vibrant où l''on se retrouve après une journée d''émotions fortes pour partager ses exploits.', 3.72, 329, 3);
INSERT INTO resort (numresort, codepays, nomresort, descriptionresort, moyenneavis, nbchambrestotal, nbtridents) VALUES (nextval('resort_numresort_seq'), 'TR', 'Les Arcs', 'Modernité et sensations fortes à Paradiski ! Le resort des Arcs 3 Tridents vous surprendra par son design audacieux et son ambiance dynamique. Parfait pour les tribus et les accros à la glisse, il offre un terrain de jeu infini pour tous les styles.', 4.26, 293, 3);
INSERT INTO resort (numresort, codepays, nomresort, descriptionresort, moyenneavis, nbchambrestotal, nbtridents) VALUES (nextval('resort_numresort_seq'), 'AE', 'Valmorel', 'Le charme d''un village authentique, le confort d''un 4 Tridents. Valmorel est un cocon de bien-être pour les familles et les couples. Avec ses chalets de pierre et de bois, profitez d''une atmosphère chaleureuse et d''un ski tout en douceur au cœur du Grand Domaine.', 3.36, 246, 4);
INSERT INTO resort (numresort, codepays, nomresort, descriptionresort, moyenneavis, nbchambrestotal, nbtridents) VALUES (nextval('resort_numresort_seq'), 'TH', 'Flaine', 'Design et ski d''exception. Flaine 4 Tridents, perché tel un joyau face au Mont-Blanc, est un chef-d''œuvre d''architecture moderne. Profitez d''un confort premium, de vues panoramiques spectaculaires et d''un enneigement exceptionnel au cœur du Grand Massif.', 4.6, 128, 4);
INSERT INTO resort (numresort, codepays, nomresort, descriptionresort, moyenneavis, nbchambrestotal, nbtridents) VALUES (nextval('resort_numresort_seq'), 'FR', 'Les Menuires', 'La convivialité au cœur des 3 Vallées. Les Menuires 3 Tridents est le choix malin pour profiter à 100% du plus grand domaine skiable du monde. Un resort fonctionnel et chaleureux, pensé pour les familles et les groupes d''amis prêts à dévaler les pistes.', 4.9, 393, 3);
INSERT INTO resort (numresort, codepays, nomresort, descriptionresort, moyenneavis, nbchambrestotal, nbtridents) VALUES (nextval('resort_numresort_seq'), 'IT', 'Les 2 Alpes', 'Vivez l''exclusivité à 3600 mètres ! Le resort 5 Tridents des 2 Alpes réinvente le luxe à la montagne. Ski sur glacier, suites spacieuses avec vues imprenables et service de conciergerie : une expérience de ski ultime et sur-mesure pour les plus exigeants.', 3.26, 86, 5);
INSERT INTO resort (numresort, codepays, nomresort, descriptionresort, moyenneavis, nbchambrestotal, nbtridents) VALUES (nextval('resort_numresort_seq'), 'CH', 'Avoriaz', 'L''expérience Exclusive Collection au cœur des Portes du Soleil. Avoriaz 5 Tridents est un joyau d''architecture mimétique, entièrement piéton. Profitez d''un luxe raffiné, d''un spa d''exception et de pistes qui s''offrent à vous dès la sortie du resort.', 3.03, 299, 5);
INSERT INTO resort (numresort, codepays, nomresort, descriptionresort, moyenneavis, nbchambrestotal, nbtridents) VALUES (nextval('resort_numresort_seq'), 'GR', 'Serre Chevalier', 'Le soleil des Alpes du Sud, l''ambiance conviviale en plus. Serre Chevalier 3 Tridents vous accueille dans un cadre naturel préservé. Idéal pour les familles, ce resort combine ski plaisir, bains thermaux et la douceur de vivre provençale en altitude.', 3.83, 119, 3);
INSERT INTO resort (numresort, codepays, nomresort, descriptionresort, moyenneavis, nbchambrestotal, nbtridents) VALUES (nextval('resort_numresort_seq'), 'MA', 'Pra-Loup', 'Le chic décontracté sous le soleil des Alpes du Sud. Pra-Loup 4 Tridents offre une expérience premium dans une station à taille humaine. Entre mélèzes et sommets, profitez d''une ambiance intime et d''un service raffiné après vos journées de ski ensoleillées.', 3.26, 262, 4);
INSERT INTO resort (numresort, codepays, nomresort, descriptionresort, moyenneavis, nbchambrestotal, nbtridents) VALUES (nextval('resort_numresort_seq'), 'ES', 'Alpe d''Huez', 'Vivez le ski au soleil à l''Alpe d''Huez, 4 Tridents ! Surnommée "l''Île au Soleil", cette destination premium vous garantit un ski d''exception et un panorama à couper le souffle. Après l''effort sur la mythique Sarenne, le réconfort d''un resort chic et vibrant vous attend.', 4.7, 359, 4);
INSERT INTO resort (numresort, codepays, nomresort, descriptionresort, moyenneavis, nbchambrestotal, nbtridents) VALUES (nextval('resort_numresort_seq'), 'MX', 'Les Deux Alpes', 'Redécouvrez le ski d''exception aux Deux Alpes, 5 Tridents. Ce resort Exclusive Collection offre une interprétation luxueuse de la montagne. Service personnalisé, design contemporain et accès au glacier en font une destination de prestige pour une glisse sans compromis.', 4.18, 282, 5);
INSERT INTO resort (numresort, codepays, nomresort, descriptionresort, moyenneavis, nbchambrestotal, nbtridents) VALUES (nextval('resort_numresort_seq'), 'TR', 'Megève', 'L''élégance intemporelle au pied du Mont-Blanc. Megève 4 Tridents incarne l''art de vivre alpin. Ce resort premium mêle luxe discret, charme authentique et gastronomie raffinée. Une destination de choix pour ceux qui cherchent l''excellence, sur les pistes comme au chalet.', 3.81, 280, 4);
INSERT INTO resort (numresort, codepays, nomresort, descriptionresort, moyenneavis, nbchambrestotal, nbtridents) VALUES (nextval('resort_numresort_seq'), 'AE', 'Saint Tropez', 'Vivez la légende tropézienne en mode premium. Le resort 4 Tridents de Saint Tropez vous plonge dans le mythe de la Côte d''Azur. Entre plage privée, soirées chics et art de vivre méditerranéen, c''est l''adresse idéale pour une escapade glamour et décontractée.', 3.68, 145, 4);
INSERT INTO resort (numresort, codepays, nomresort, descriptionresort, moyenneavis, nbchambrestotal, nbtridents) VALUES (nextval('resort_numresort_seq'), 'TH', 'Cannes', 'Sous les projecteurs de la Côte d''Azur. Cannes 4 Tridents vous invite à vivre la "French Riviera" avec élégance. Profitez d''un cadre raffiné, d''une plage privée sur la Croisette et d''une ambiance exclusive. Le glamour est inclus, le champagne est frais.', 4.15, 345, 4);
INSERT INTO resort (numresort, codepays, nomresort, descriptionresort, moyenneavis, nbchambrestotal, nbtridents) VALUES (nextval('resort_numresort_seq'), 'FR', 'Nice', 'Le joyau de la Baie des Anges. Nice, 5 Tridents, est une adresse d''exception sur la Promenade des Anglais. Cet espace Exclusive Collection offre un luxe incomparable, des vues mer spectaculaires et un service de conciergerie pour vivre la Côte d''Azur comme jamais.', 4.61, 171, 5);
INSERT INTO resort (numresort, codepays, nomresort, descriptionresort, moyenneavis, nbchambrestotal, nbtridents) VALUES (nextval('resort_numresort_seq'), 'IT', 'Antibes', 'L''exclusivité d''une presqu''île privée. Le resort 5 Tridents d''Antibes est un havre de paix luxueux entre Cannes et Nice. Entouré de jardins luxuriants et de criques secrètes, profitez d''un service sur-mesure, de suites somptueuses et de la quintessence du chic méditerranéen.', 3.95, 260, 5);
INSERT INTO resort (numresort, codepays, nomresort, descriptionresort, moyenneavis, nbchambrestotal, nbtridents) VALUES (nextval('resort_numresort_seq'), 'CH', 'Marrakech La Palmeraie', 'Une oasis de fraîcheur au cœur du désert. Marrakech La Palmeraie 3 Tridents est une explosion de couleurs et de saveurs. Profitez de jardins luxuriants, de piscines rafraîchissantes et de l''ambiance vibrante du Maroc, le tout dans un esprit convivial et familial.', 4.1, 67, 3);
INSERT INTO resort (numresort, codepays, nomresort, descriptionresort, moyenneavis, nbchambrestotal, nbtridents) VALUES (nextval('resort_numresort_seq'), 'GR', 'Agadir', 'Le soleil toute l''année, les pieds dans l''eau. Agadir 3 Tridents vous offre une plage de sable fin à perte de vue. Une destination conviviale parfaite pour se ressourcer en famille, s''initier au surf ou simplement profiter de la douceur de vivre marocaine.', 4.08, 238, 3);
INSERT INTO resort (numresort, codepays, nomresort, descriptionresort, moyenneavis, nbchambrestotal, nbtridents) VALUES (nextval('resort_numresort_seq'), 'MA', 'Saly Senegal', 'Vivez au rythme de la Teranga sénégalaise. Le resort de Saly 3 Tridents est une immersion colorée et chaleureuse en Afrique de l''Ouest. Entre cocotiers et plage de sable fin, profitez d''une ambiance festive et d''une hospitalité sans pareille.', 4.1, 90, 3);
INSERT INTO resort (numresort, codepays, nomresort, descriptionresort, moyenneavis, nbchambrestotal, nbtridents) VALUES (nextval('resort_numresort_seq'), 'ES', 'Cancún', 'La fête et le farniente sous le soleil du Mexique. Cancún 4 Tridents, c''est l''expérience caribéenne premium par excellence. Plages de sable blanc, eaux turquoise, soirées vibrantes et excursions mayas : un paradis tout-inclus pour des vacances inoubliables.', 4.39, 319, 4);
INSERT INTO resort (numresort, codepays, nomresort, descriptionresort, moyenneavis, nbchambrestotal, nbtridents) VALUES (nextval('resort_numresort_seq'), 'MX', 'Punta Cana', 'Le paradis tropical réinventé. Punta Cana 5 Tridents est un écrin de luxe exclusif en République Dominicaine. Avec son espace Zen Oasis réservé aux adultes et ses services haut de gamme, c''est l''évasion parfaite pour un luxe raffiné au bord d''une plage de rêve.', 3.88, 90, 5);
INSERT INTO resort (numresort, codepays, nomresort, descriptionresort, moyenneavis, nbchambrestotal, nbtridents) VALUES (nextval('resort_numresort_seq'), 'TR', 'Bali', 'L''île des Dieux en toute convivialité. Le resort de Bali 3 Tridents vous immerge dans la culture et la beauté indonésienne. Entre rizières et océan, profitez de jardins tropicaux, de cours de yoga et d''une atmosphère sereine pour vous reconnecter à l''essentiel.', 4.69, 95, 3);
INSERT INTO resort (numresort, codepays, nomresort, descriptionresort, moyenneavis, nbchambrestotal, nbtridents) VALUES (nextval('resort_numresort_seq'), 'AE', 'Phuket', 'Le luxe sur-mesure au cœur d''un paradis thaïlandais. Phuket 5 Tridents est une perle de l''Exclusive Collection. Nagez dans votre piscine privée, laissez-vous choyer par votre majordome et admirez les couchers de soleil sur la mer d''Andaman. L''ultime définition de la sérénité.', 3.9, 389, 5);
INSERT INTO resort (numresort, codepays, nomresort, descriptionresort, moyenneavis, nbchambrestotal, nbtridents) VALUES (nextval('resort_numresort_seq'), 'TH', 'Hua Hin', 'L''élégance royale sur les côtes thaïlandaises. Le resort 5 Tridents de Hua Hin, destination historique de la royauté, offre un luxe discret et un raffinement exceptionnel. Un sanctuaire de bien-être exclusif, idéal pour les amateurs de golf et de tranquillité.', 3.15, 374, 5);
INSERT INTO resort (numresort, codepays, nomresort, descriptionresort, moyenneavis, nbchambrestotal, nbtridents) VALUES (nextval('resort_numresort_seq'), 'FR', 'Istanbul', 'Le luxe où l''Orient rencontre l''Occident. Le resort 5 Tridents d''Istanbul, joyau sur le Bosphore, est votre porte d''entrée exclusive vers une ville-monde. Profitez d''un service d''exception et d''une vue imprenable après avoir exploré les trésors de l''ancienne Byzance.', 4.52, 209, 5);
INSERT INTO resort (numresort, codepays, nomresort, descriptionresort, moyenneavis, nbchambrestotal, nbtridents) VALUES (nextval('resort_numresort_seq'), 'IT', 'Bodrum', 'L''exclusivité sur la Riviera turque. Le resort 5 Tridents de Bodrum est un paradis d''exception réservé aux adultes. Dans un cadre idyllique, profitez de suites luxueuses, d''une gastronomie raffinée et d''une atmosphère sereine pour une escapade romantique parfaite.', 3.1, 225, 5);
INSERT INTO resort (numresort, codepays, nomresort, descriptionresort, moyenneavis, nbchambrestotal, nbtridents) VALUES (nextval('resort_numresort_seq'), 'CH', 'Dubai Jumeirah', 'Le futur s''écrit ici. Dubai Jumeirah 4 Tridents est une oasis de modernité premium face au Golfe Persique. Profitez d''une plage privée, d''une architecture audacieuse et d''un service impeccable, avec le dynamisme de la ville la plus spectaculaire du monde à vos pieds.', 4.48, 290, 4);
INSERT INTO resort (numresort, codepays, nomresort, descriptionresort, moyenneavis, nbchambrestotal, nbtridents) VALUES (nextval('resort_numresort_seq'), 'GR', 'Muscat', 'Un palais des Mille et Une Nuits. Le resort 5 Tridents de Muscat, au Sultanat d''Oman, est une adresse confidentielle et luxueuse entre mer et désert. Découvrez un service d''une rare élégance, une architecture somptueuse et le mystère d''une Arabie préservée.', 3.97, 290, 5);
INSERT INTO resort (numresort, codepays, nomresort, descriptionresort, moyenneavis, nbchambrestotal, nbtridents) VALUES (nextval('resort_numresort_seq'), 'MA', 'Belek', 'Le paradis des golfeurs et des familles sur la Riviera turque. Belek 4 Tridents vous offre un service premium exceptionnel, des piscines immenses et un accès direct à des parcours de golf de classe mondiale. Le tout-inclus généreux et raffiné.', 4.39, 265, 4);
INSERT INTO resort (numresort, codepays, nomresort, descriptionresort, moyenneavis, nbchambrestotal, nbtridents) VALUES (nextval('resort_numresort_seq'), 'ES', 'Bodrum Blue', 'Le chic et la sérénité en bord de mer Égée. Réservé aux adultes, le resort 4 Tridents de Bodrum Blue est une bulle de détente premium. Profitez de vues imprenables, d''une ambiance lounge et d''un service attentionné pour des vacances en couple inoubliables.', 4.83, 200, 4);
INSERT INTO resort (numresort, codepays, nomresort, descriptionresort, moyenneavis, nbchambrestotal, nbtridents) VALUES (nextval('resort_numresort_seq'), 'MX', 'Kemer', 'Luxe et festivités sur la côte turquoise. Kemer 5 Tridents est un resort Exclusive Collection vibrant et spectaculaire. Entre mer turquoise et montagnes verdoyantes, profitez d''une atmosphère festive, de sports nautiques de haut niveau et d''un luxe sans compromis.', 3.32, 355, 5);
INSERT INTO resort (numresort, codepays, nomresort, descriptionresort, moyenneavis, nbchambrestotal, nbtridents) VALUES (nextval('resort_numresort_seq'), 'TR', 'Djerba', 'La douceur de vivre tunisienne en mode premium. Djerba 4 Tridents vous accueille dans une oasis de palmiers et de sable blanc. Une destination idéale pour les familles, alliant détente, activités sportives et découverte d''une culture insulaire unique.', 3.58, 338, 4);
INSERT INTO resort (numresort, codepays, nomresort, descriptionresort, moyenneavis, nbchambrestotal, nbtridents) VALUES (nextval('resort_numresort_seq'), 'AE', 'Essaouira', 'Le luxe bohème face à l''Atlantique. Le resort 5 Tridents d''Essaouira est un joyau de l''Exclusive Collection. Protégé par les remparts, profitez d''une atmosphère artistique, d''un golf exceptionnel et d''un service sur-mesure dans la cité mythique des alizés.', 3.12, 292, 5);
INSERT INTO resort (numresort, codepays, nomresort, descriptionresort, moyenneavis, nbchambrestotal, nbtridents) VALUES (nextval('resort_numresort_seq'), 'TH', 'Madeira', 'L''île-jardin en version luxe exclusif. Le resort 5 Tridents de Madeira, perché sur les falaises, offre des vues spectaculaires sur l''océan. Un écrin de luxe botanique, parfait pour les amateurs de randonnée, de bien-être et de sérénité absolue.', 3.32, 76, 5);
INSERT INTO resort (numresort, codepays, nomresort, descriptionresort, moyenneavis, nbchambrestotal, nbtridents) VALUES (nextval('resort_numresort_seq'), 'FR', 'Fuerteventura', 'L''évasion volcanique et sportive aux Canaries. Fuerteventura 3 Tridents est le terrain de jeu idéal pour les amateurs de sports de glisse et les familles. Profitez d''un climat idéal toute l''année, de plages immenses et d''une ambiance conviviale et dynamique.', 4.88, 369, 3);
INSERT INTO resort (numresort, codepays, nomresort, descriptionresort, moyenneavis, nbchambrestotal, nbtridents) VALUES (nextval('resort_numresort_seq'), 'IT', 'Barbados', 'Le rythme des Caraïbes dans un jardin tropical. Le resort 3 Tridents de Barbados vous offre une escapade conviviale sur une île de rêve. Farniente, sports nautiques et ambiance décontractée vous attendent pour goûter à la douceur de vivre "Bajan".', 3.54, 92, 3);
INSERT INTO resort (numresort, codepays, nomresort, descriptionresort, moyenneavis, nbchambrestotal, nbtridents) VALUES (nextval('resort_numresort_seq'), 'CH', 'Punta del Este', 'Le Saint-Tropez de l''Amérique du Sud, version premium. Punta del Este 4 Tridents vous plonge dans l''ambiance chic et festive de l''Uruguay. Entre plages glamour et design raffiné, profitez d''une expérience exclusive alliant gastronomie, polo et soirées élégantes.', 3.96, 192, 4);
INSERT INTO resort (numresort, codepays, nomresort, descriptionresort, moyenneavis, nbchambrestotal, nbtridents) VALUES (nextval('resort_numresort_seq'), 'GR', 'Rio de Janeiro', 'La "Cidade Maravilhosa" en mode tout-inclus premium. Le resort 4 Tridents de Rio de Janeiro est une bulle d''exotisme tropical. Avec des vues imprenables sur la baie, profitez d''une oasis de verdure pour vous ressourcer avant de plonger dans l''énergie vibrante de la ville.', 3.25, 193, 4);
INSERT INTO resort (numresort, codepays, nomresort, descriptionresort, moyenneavis, nbchambrestotal, nbtridents) VALUES (nextval('resort_numresort_seq'), 'MA', 'Cartagena', 'L''exclusivité d''un joyau colonial. Le resort 5 Tridents de Cartagena, au cœur d''une île privée des Caraïbes, est une perle rare. Vivez une expérience luxueuse et intime, alliant le charme de l''histoire colombienne à la beauté d''une nature préservée.', 4.63, 57, 5);
INSERT INTO resort (numresort, codepays, nomresort, descriptionresort, moyenneavis, nbchambrestotal, nbtridents) VALUES (nextval('resort_numresort_seq'), 'ES', 'Los Cabos', 'Le luxe où le désert rencontre l''océan Pacifique. Los Cabos 5 Tridents est une destination Exclusive Collection spectaculaire. Admirez le ballet des baleines depuis votre suite, profitez d''un service d''exception et vivez le Mexique dans sa version la plus luxueuse.', 3.21, 139, 5);
INSERT INTO resort (numresort, codepays, nomresort, descriptionresort, moyenneavis, nbchambrestotal, nbtridents) VALUES (nextval('resort_numresort_seq'), 'MX', 'La Romana', 'L''expérience caribéenne premium pour tous. La Romana 4 Tridents, en République Dominicaine, est un paradis pour les familles et les sportifs. Plage de rêve, école de cirque, golf et détente : tout est réuni pour des vacances tout-inclus pleines d''activités et de sourires.', 4.4, 387, 4);
INSERT INTO resort (numresort, codepays, nomresort, descriptionresort, moyenneavis, nbchambrestotal, nbtridents) VALUES (nextval('resort_numresort_seq'), 'TR', 'Ko Samui', 'La sérénité thaïlandaise dans un écrin premium. Le resort 4 Tridents de Ko Samui est une invitation à la détente. Niché dans un jardin tropical luxuriant, profitez d''une ambiance zen, d''un spa raffiné et de la beauté idyllique des plages de Thaïlande.', 3.7, 139, 4);
INSERT INTO resort (numresort, codepays, nomresort, descriptionresort, moyenneavis, nbchambrestotal, nbtridents) VALUES (nextval('resort_numresort_seq'), 'AE', 'Phangan', 'L''esprit bohème-chic sur une île secrète. Phangan 4 Tridents est une évasion premium loin des foules. Entre criques isolées et jungle luxuriante, profitez d''une atmosphère décontractée, de cours de yoga et de la beauté brute d''une Thaïlande authentique.', 4.49, 170, 4);
INSERT INTO resort (numresort, codepays, nomresort, descriptionresort, moyenneavis, nbchambrestotal, nbtridents) VALUES (nextval('resort_numresort_seq'), 'TH', 'Zanzibar', 'L''île aux épices, une évasion conviviale et exotique. Zanzibar 3 Tridents vous plonge dans un décor de carte postale. Plages de sable blanc, eaux turquoise et culture swahilie : une destination chaleureuse pour une aventure tropicale inoubliable.', 3.34, 320, 3);

INSERT INTO client (numclient, nomclient, prenomclient, emailclient, genreclient, datenaissance, telephone, numrue, nomrue, codepostal, ville) VALUES (nextval('client_numclient_seq'), 'Dubois', 'Sophie', 'sophie.dubois1@example.com', 'F', '1965-04-05', '0607742055', 33, 'Rue Nationale', '67000', 'Strasbourg');
INSERT INTO client (numclient, nomclient, prenomclient, emailclient, genreclient, datenaissance, telephone, numrue, nomrue, codepostal, ville) VALUES (nextval('client_numclient_seq'), 'Leroux', 'Luc', 'luc.leroux2@example.com', 'M', '1951-02-07', '0645315453', 98, 'Boulevard des Alpes', '51100', 'Reims');
INSERT INTO client (numclient, nomclient, prenomclient, emailclient, genreclient, datenaissance, telephone, numrue, nomrue, codepostal, ville) VALUES (nextval('client_numclient_seq'), 'Richard', 'Jean', 'jean.richard3@example.com', 'F', '1964-08-19', '0601444110', 97, 'Boulevard des Alpes', '34000', 'Montpellier');
INSERT INTO client (numclient, nomclient, prenomclient, emailclient, genreclient, datenaissance, telephone, numrue, nomrue, codepostal, ville) VALUES (nextval('client_numclient_seq'), 'Simon', 'Camille', 'camille.simon4@example.com', 'F', '1959-04-25', '0660726749', 47, 'Rue du Moulin', '33000', 'Bordeaux');
INSERT INTO client (numclient, nomclient, prenomclient, emailclient, genreclient, datenaissance, telephone, numrue, nomrue, codepostal, ville) VALUES (nextval('client_numclient_seq'), 'Thomas', 'Nicolas', 'nicolas.thomas5@example.com', 'F', '2004-06-20', '0663799929', 168, 'Rue du Stade', '06000', 'Nice');
INSERT INTO client (numclient, nomclient, prenomclient, emailclient, genreclient, datenaissance, telephone, numrue, nomrue, codepostal, ville) VALUES (nextval('client_numclient_seq'), 'Thomas', 'Antoine', 'antoine.thomas6@example.com', 'F', '1955-09-10', '0695685442', 92, 'Rue Henri Barbusse', '75001', 'Paris');
INSERT INTO client (numclient, nomclient, prenomclient, emailclient, genreclient, datenaissance, telephone, numrue, nomrue, codepostal, ville) VALUES (nextval('client_numclient_seq'), 'Richard', 'Laura', 'laura.richard7@example.com', 'M', '1952-11-08', '0698645629', 62, 'Boulevard Saint-Michel', '63000', 'Clermont-Ferrand');
INSERT INTO client (numclient, nomclient, prenomclient, emailclient, genreclient, datenaissance, telephone, numrue, nomrue, codepostal, ville) VALUES (nextval('client_numclient_seq'), 'Thomas', 'Julie', 'julie.thomas8@example.com', 'F', '1967-08-21', '0684557908', 200, 'Rue des Fleurs', '75001', 'Paris');
INSERT INTO client (numclient, nomclient, prenomclient, emailclient, genreclient, datenaissance, telephone, numrue, nomrue, codepostal, ville) VALUES (nextval('client_numclient_seq'), 'Michel', 'Laura', 'laura.michel9@example.com', 'M', '1992-05-23', '0630154829', 193, 'Avenue du Général Leclerc', '67000', 'Strasbourg');
INSERT INTO client (numclient, nomclient, prenomclient, emailclient, genreclient, datenaissance, telephone, numrue, nomrue, codepostal, ville) VALUES (nextval('client_numclient_seq'), 'Durand', 'Claire', 'claire.durand10@example.com', 'M', '1979-07-09', '0634752614', 194, 'Rue de la République', '76600', 'Le Havre');
INSERT INTO client (numclient, nomclient, prenomclient, emailclient, genreclient, datenaissance, telephone, numrue, nomrue, codepostal, ville) VALUES (nextval('client_numclient_seq'), 'Simon', 'Julie', 'julie.simon11@example.com', 'M', '1964-01-26', '0693782499', 22, 'Boulevard des Alpes', '59000', 'Lille');
INSERT INTO client (numclient, nomclient, prenomclient, emailclient, genreclient, datenaissance, telephone, numrue, nomrue, codepostal, ville) VALUES (nextval('client_numclient_seq'), 'Richard', 'Luc', 'luc.richard12@example.com', 'F', '1963-11-16', '0604967964', 19, 'Rue Nationale', '35000', 'Rennes');
INSERT INTO client (numclient, nomclient, prenomclient, emailclient, genreclient, datenaissance, telephone, numrue, nomrue, codepostal, ville) VALUES (nextval('client_numclient_seq'), 'Leroy', 'Pierre', 'pierre.leroy13@example.com', 'M', '1965-12-18', '0671947778', 153, 'Avenue Gambetta', '63000', 'Clermont-Ferrand');
INSERT INTO client (numclient, nomclient, prenomclient, emailclient, genreclient, datenaissance, telephone, numrue, nomrue, codepostal, ville) VALUES (nextval('client_numclient_seq'), 'Lefebvre', 'Camille', 'camille.lefebvre14@example.com', 'F', '1964-03-17', '0639513859', 195, 'Rue Henri Barbusse', '51100', 'Reims');
INSERT INTO client (numclient, nomclient, prenomclient, emailclient, genreclient, datenaissance, telephone, numrue, nomrue, codepostal, ville) VALUES (nextval('client_numclient_seq'), 'Petit', 'Sophie', 'sophie.petit15@example.com', 'M', '2000-11-14', '0681125071', 191, 'Rue Henri Barbusse', '75001', 'Paris');
INSERT INTO client (numclient, nomclient, prenomclient, emailclient, genreclient, datenaissance, telephone, numrue, nomrue, codepostal, ville) VALUES (nextval('client_numclient_seq'), 'Roux', 'Nicolas', 'nicolas.roux16@example.com', 'F', '1985-01-22', '0659933291', 33, 'Avenue Gambetta', '67000', 'Strasbourg');
INSERT INTO client (numclient, nomclient, prenomclient, emailclient, genreclient, datenaissance, telephone, numrue, nomrue, codepostal, ville) VALUES (nextval('client_numclient_seq'), 'Simon', 'Paul', 'paul.simon17@example.com', 'M', '1968-07-06', '0608986694', 165, 'Rue des Fleurs', '59000', 'Lille');
INSERT INTO client (numclient, nomclient, prenomclient, emailclient, genreclient, datenaissance, telephone, numrue, nomrue, codepostal, ville) VALUES (nextval('client_numclient_seq'), 'Robert', 'Paul', 'paul.robert18@example.com', 'M', '2005-11-10', '0682278087', 111, 'Rue du Stade', '38000', 'Grenoble');
INSERT INTO client (numclient, nomclient, prenomclient, emailclient, genreclient, datenaissance, telephone, numrue, nomrue, codepostal, ville) VALUES (nextval('client_numclient_seq'), 'Petit', 'Marc', 'marc.petit19@example.com', 'F', '1998-03-18', '0630778092', 29, 'Rue du Stade', '21000', 'Dijon');
INSERT INTO client (numclient, nomclient, prenomclient, emailclient, genreclient, datenaissance, telephone, numrue, nomrue, codepostal, ville) VALUES (nextval('client_numclient_seq'), 'Garnier', 'Thomas', 'thomas.garnier20@example.com', 'M', '1957-06-27', '0635050765', 7, 'Rue du Parc', '35000', 'Rennes');
INSERT INTO client (numclient, nomclient, prenomclient, emailclient, genreclient, datenaissance, telephone, numrue, nomrue, codepostal, ville) VALUES (nextval('client_numclient_seq'), 'Durand', 'Marie', 'marie.durand21@example.com', 'M', '1955-12-16', '0680098221', 170, 'Rue Henri Barbusse', '21000', 'Dijon');
INSERT INTO client (numclient, nomclient, prenomclient, emailclient, genreclient, datenaissance, telephone, numrue, nomrue, codepostal, ville) VALUES (nextval('client_numclient_seq'), 'Petit', 'Pierre', 'pierre.petit22@example.com', 'F', '1985-03-09', '0619041766', 72, 'Rue des Fleurs', '14000', 'Caen');
INSERT INTO client (numclient, nomclient, prenomclient, emailclient, genreclient, datenaissance, telephone, numrue, nomrue, codepostal, ville) VALUES (nextval('client_numclient_seq'), 'Richard', 'Marc', 'marc.richard23@example.com', 'F', '1975-11-21', '0679634540', 172, 'Avenue de la Liberté', '76600', 'Le Havre');
INSERT INTO client (numclient, nomclient, prenomclient, emailclient, genreclient, datenaissance, telephone, numrue, nomrue, codepostal, ville) VALUES (nextval('client_numclient_seq'), 'Thomas', 'Antoine', 'antoine.thomas24@example.com', 'M', '1964-02-11', '0666396067', 179, 'Avenue Victor Hugo', '76600', 'Le Havre');
INSERT INTO client (numclient, nomclient, prenomclient, emailclient, genreclient, datenaissance, telephone, numrue, nomrue, codepostal, ville) VALUES (nextval('client_numclient_seq'), 'Durand', 'Julie', 'julie.durand25@example.com', 'M', '1954-12-21', '0619770597', 62, 'Rue des Acacias', '34000', 'Montpellier');
INSERT INTO client (numclient, nomclient, prenomclient, emailclient, genreclient, datenaissance, telephone, numrue, nomrue, codepostal, ville) VALUES (nextval('client_numclient_seq'), 'Simon', 'Marie', 'marie.simon26@example.com', 'M', '1982-04-09', '0649606625', 41, 'Boulevard du Midi', '57000', 'Metz');
INSERT INTO client (numclient, nomclient, prenomclient, emailclient, genreclient, datenaissance, telephone, numrue, nomrue, codepostal, ville) VALUES (nextval('client_numclient_seq'), 'Garnier', 'Pierre', 'pierre.garnier27@example.com', 'M', '2000-08-26', '0682729694', 68, 'Avenue Gambetta', '33000', 'Bordeaux');
INSERT INTO client (numclient, nomclient, prenomclient, emailclient, genreclient, datenaissance, telephone, numrue, nomrue, codepostal, ville) VALUES (nextval('client_numclient_seq'), 'Leroux', 'Sophie', 'sophie.leroux28@example.com', 'F', '1977-07-15', '0698411403', 14, 'Rue des Fleurs', '76600', 'Le Havre');
INSERT INTO client (numclient, nomclient, prenomclient, emailclient, genreclient, datenaissance, telephone, numrue, nomrue, codepostal, ville) VALUES (nextval('client_numclient_seq'), 'Martin', 'Sophie', 'sophie.martin29@example.com', 'F', '1996-06-26', '0682361132', 115, 'Rue Henri Barbusse', '75001', 'Paris');
INSERT INTO client (numclient, nomclient, prenomclient, emailclient, genreclient, datenaissance, telephone, numrue, nomrue, codepostal, ville) VALUES (nextval('client_numclient_seq'), 'Roux', 'Marc', 'marc.roux30@example.com', 'M', '1977-03-09', '0622914766', 152, 'Rue du Parc', '75001', 'Paris');
INSERT INTO client (numclient, nomclient, prenomclient, emailclient, genreclient, datenaissance, telephone, numrue, nomrue, codepostal, ville) VALUES (nextval('client_numclient_seq'), 'Thomas', 'Antoine', 'antoine.thomas31@example.com', 'M', '1991-09-27', '0603298856', 165, 'Boulevard du Midi', '14000', 'Caen');
INSERT INTO client (numclient, nomclient, prenomclient, emailclient, genreclient, datenaissance, telephone, numrue, nomrue, codepostal, ville) VALUES (nextval('client_numclient_seq'), 'Leroux', 'Claire', 'claire.leroux32@example.com', 'F', '1980-04-28', '0606898053', 72, 'Rue des Acacias', '57000', 'Metz');
INSERT INTO client (numclient, nomclient, prenomclient, emailclient, genreclient, datenaissance, telephone, numrue, nomrue, codepostal, ville) VALUES (nextval('client_numclient_seq'), 'Dubois', 'Nicolas', 'nicolas.dubois33@example.com', 'F', '1966-08-10', '0691186950', 26, 'Rue Nationale', '21000', 'Dijon');
INSERT INTO client (numclient, nomclient, prenomclient, emailclient, genreclient, datenaissance, telephone, numrue, nomrue, codepostal, ville) VALUES (nextval('client_numclient_seq'), 'Petit', 'Chloé', 'chloé.petit34@example.com', 'M', '1968-04-02', '0615772308', 100, 'Boulevard du Midi', '14000', 'Caen');
INSERT INTO client (numclient, nomclient, prenomclient, emailclient, genreclient, datenaissance, telephone, numrue, nomrue, codepostal, ville) VALUES (nextval('client_numclient_seq'), 'Simon', 'Marie', 'marie.simon35@example.com', 'M', '1953-10-16', '0671168357', 188, 'Avenue du Général Leclerc', '44000', 'Nantes');
INSERT INTO client (numclient, nomclient, prenomclient, emailclient, genreclient, datenaissance, telephone, numrue, nomrue, codepostal, ville) VALUES (nextval('client_numclient_seq'), 'Bernard', 'Marie', 'marie.bernard36@example.com', 'M', '1954-10-03', '0625629746', 75, 'Rue Henri Barbusse', '31000', 'Toulouse');
INSERT INTO client (numclient, nomclient, prenomclient, emailclient, genreclient, datenaissance, telephone, numrue, nomrue, codepostal, ville) VALUES (nextval('client_numclient_seq'), 'Durand', 'Sophie', 'sophie.durand37@example.com', 'M', '1989-02-14', '0619747403', 148, 'Avenue du Général Leclerc', '13001', 'Marseille');
INSERT INTO client (numclient, nomclient, prenomclient, emailclient, genreclient, datenaissance, telephone, numrue, nomrue, codepostal, ville) VALUES (nextval('client_numclient_seq'), 'Leroy', 'Thomas', 'thomas.leroy38@example.com', 'M', '1992-12-11', '0617795301', 128, 'Avenue de la Liberté', '49000', 'Angers');
INSERT INTO client (numclient, nomclient, prenomclient, emailclient, genreclient, datenaissance, telephone, numrue, nomrue, codepostal, ville) VALUES (nextval('client_numclient_seq'), 'Moreau', 'Pierre', 'pierre.moreau39@example.com', 'F', '1970-02-01', '0693102392', 183, 'Avenue de la Liberté', '49000', 'Angers');
INSERT INTO client (numclient, nomclient, prenomclient, emailclient, genreclient, datenaissance, telephone, numrue, nomrue, codepostal, ville) VALUES (nextval('client_numclient_seq'), 'Bernard', 'Sophie', 'sophie.bernard40@example.com', 'M', '1982-05-05', '0680207690', 35, 'Avenue Gambetta', '63000', 'Clermont-Ferrand');
INSERT INTO client (numclient, nomclient, prenomclient, emailclient, genreclient, datenaissance, telephone, numrue, nomrue, codepostal, ville) VALUES (nextval('client_numclient_seq'), 'Moreau', 'Laura', 'laura.moreau41@example.com', 'M', '1978-09-23', '0649176426', 82, 'Rue des Acacias', '31000', 'Toulouse');
INSERT INTO client (numclient, nomclient, prenomclient, emailclient, genreclient, datenaissance, telephone, numrue, nomrue, codepostal, ville) VALUES (nextval('client_numclient_seq'), 'Moreau', 'Jean', 'jean.moreau42@example.com', 'M', '1958-05-04', '0688215152', 43, 'Avenue du Général Leclerc', '34000', 'Montpellier');
INSERT INTO client (numclient, nomclient, prenomclient, emailclient, genreclient, datenaissance, telephone, numrue, nomrue, codepostal, ville) VALUES (nextval('client_numclient_seq'), 'Leroy', 'Pierre', 'pierre.leroy43@example.com', 'F', '1988-04-23', '0661883843', 179, 'Rue Nationale', '38000', 'Grenoble');
INSERT INTO client (numclient, nomclient, prenomclient, emailclient, genreclient, datenaissance, telephone, numrue, nomrue, codepostal, ville) VALUES (nextval('client_numclient_seq'), 'Garnier', 'Paul', 'paul.garnier44@example.com', 'F', '2004-01-03', '0637519671', 108, 'Boulevard du Midi', '38000', 'Grenoble');
INSERT INTO client (numclient, nomclient, prenomclient, emailclient, genreclient, datenaissance, telephone, numrue, nomrue, codepostal, ville) VALUES (nextval('client_numclient_seq'), 'Dubois', 'Marie', 'marie.dubois45@example.com', 'F', '1999-03-21', '0603173104', 95, 'Rue des Fleurs', '63000', 'Clermont-Ferrand');
INSERT INTO client (numclient, nomclient, prenomclient, emailclient, genreclient, datenaissance, telephone, numrue, nomrue, codepostal, ville) VALUES (nextval('client_numclient_seq'), 'Leroux', 'Antoine', 'antoine.leroux46@example.com', 'M', '1957-02-23', '0659207905', 127, 'Rue du Parc', '33000', 'Bordeaux');
INSERT INTO client (numclient, nomclient, prenomclient, emailclient, genreclient, datenaissance, telephone, numrue, nomrue, codepostal, ville) VALUES (nextval('client_numclient_seq'), 'Petit', 'Laura', 'laura.petit47@example.com', 'F', '1958-01-10', '0684388837', 10, 'Rue du Moulin', '51100', 'Reims');
INSERT INTO client (numclient, nomclient, prenomclient, emailclient, genreclient, datenaissance, telephone, numrue, nomrue, codepostal, ville) VALUES (nextval('client_numclient_seq'), 'Durand', 'Marc', 'marc.durand48@example.com', 'M', '1972-09-28', '0667346195', 131, 'Rue Henri Barbusse', '33000', 'Bordeaux');
INSERT INTO client (numclient, nomclient, prenomclient, emailclient, genreclient, datenaissance, telephone, numrue, nomrue, codepostal, ville) VALUES (nextval('client_numclient_seq'), 'Durand', 'Pierre', 'pierre.durand49@example.com', 'M', '2001-03-14', '0638800830', 82, 'Boulevard du Midi', '54000', 'Nancy');
INSERT INTO client (numclient, nomclient, prenomclient, emailclient, genreclient, datenaissance, telephone, numrue, nomrue, codepostal, ville) VALUES (nextval('client_numclient_seq'), 'Leroux', 'Thomas', 'thomas.leroux50@example.com', 'M', '1967-03-26', '0614632658', 82, 'Boulevard Saint-Michel', '69001', 'Lyon');
INSERT INTO client (numclient, nomclient, prenomclient, emailclient, genreclient, datenaissance, telephone, numrue, nomrue, codepostal, ville) VALUES (nextval('client_numclient_seq'), 'Garnier', 'Marie', 'marie.garnier51@example.com', 'M', '1962-08-12', '0681090444', 91, 'Boulevard Saint-Michel', '31000', 'Toulouse');
INSERT INTO client (numclient, nomclient, prenomclient, emailclient, genreclient, datenaissance, telephone, numrue, nomrue, codepostal, ville) VALUES (nextval('client_numclient_seq'), 'Richard', 'Jean', 'jean.richard52@example.com', 'F', '1971-05-28', '0675671821', 49, 'Boulevard Saint-Michel', '34000', 'Montpellier');
INSERT INTO client (numclient, nomclient, prenomclient, emailclient, genreclient, datenaissance, telephone, numrue, nomrue, codepostal, ville) VALUES (nextval('client_numclient_seq'), 'Lefebvre', 'Laura', 'laura.lefebvre53@example.com', 'F', '1951-02-09', '0661810095', 179, 'Rue du Stade', '06000', 'Nice');
INSERT INTO client (numclient, nomclient, prenomclient, emailclient, genreclient, datenaissance, telephone, numrue, nomrue, codepostal, ville) VALUES (nextval('client_numclient_seq'), 'Thomas', 'Marie', 'marie.thomas54@example.com', 'F', '1972-12-26', '0621970055', 68, 'Boulevard du Midi', '75001', 'Paris');
INSERT INTO client (numclient, nomclient, prenomclient, emailclient, genreclient, datenaissance, telephone, numrue, nomrue, codepostal, ville) VALUES (nextval('client_numclient_seq'), 'Lefebvre', 'Sophie', 'sophie.lefebvre55@example.com', 'M', '1966-01-23', '0676145326', 196, 'Boulevard des Alpes', '14000', 'Caen');
INSERT INTO client (numclient, nomclient, prenomclient, emailclient, genreclient, datenaissance, telephone, numrue, nomrue, codepostal, ville) VALUES (nextval('client_numclient_seq'), 'Michel', 'Marc', 'marc.michel56@example.com', 'F', '1954-11-11', '0693807046', 193, 'Rue du Stade', '49000', 'Angers');
INSERT INTO client (numclient, nomclient, prenomclient, emailclient, genreclient, datenaissance, telephone, numrue, nomrue, codepostal, ville) VALUES (nextval('client_numclient_seq'), 'Moreau', 'Sophie', 'sophie.moreau57@example.com', 'F', '1992-07-11', '0609219981', 13, 'Boulevard des Alpes', '76600', 'Le Havre');
INSERT INTO client (numclient, nomclient, prenomclient, emailclient, genreclient, datenaissance, telephone, numrue, nomrue, codepostal, ville) VALUES (nextval('client_numclient_seq'), 'Richard', 'Pierre', 'pierre.richard58@example.com', 'F', '1992-07-22', '0620451368', 184, 'Avenue Gambetta', '14000', 'Caen');
INSERT INTO client (numclient, nomclient, prenomclient, emailclient, genreclient, datenaissance, telephone, numrue, nomrue, codepostal, ville) VALUES (nextval('client_numclient_seq'), 'Lefebvre', 'Emma', 'emma.lefebvre59@example.com', 'M', '1969-05-07', '0650579988', 175, 'Avenue de la Liberté', '49000', 'Angers');
INSERT INTO client (numclient, nomclient, prenomclient, emailclient, genreclient, datenaissance, telephone, numrue, nomrue, codepostal, ville) VALUES (nextval('client_numclient_seq'), 'Roux', 'Thomas', 'thomas.roux60@example.com', 'F', '1978-11-07', '0654285425', 195, 'Rue du Stade', '44000', 'Nantes');
INSERT INTO client (numclient, nomclient, prenomclient, emailclient, genreclient, datenaissance, telephone, numrue, nomrue, codepostal, ville) VALUES (nextval('client_numclient_seq'), 'Bernard', 'Claire', 'claire.bernard61@example.com', 'F', '1982-11-21', '0695734870', 100, 'Rue du Parc', '34000', 'Montpellier');
INSERT INTO client (numclient, nomclient, prenomclient, emailclient, genreclient, datenaissance, telephone, numrue, nomrue, codepostal, ville) VALUES (nextval('client_numclient_seq'), 'Moreau', 'Julie', 'julie.moreau62@example.com', 'M', '2001-04-05', '0656271285', 132, 'Avenue Victor Hugo', '54000', 'Nancy');
INSERT INTO client (numclient, nomclient, prenomclient, emailclient, genreclient, datenaissance, telephone, numrue, nomrue, codepostal, ville) VALUES (nextval('client_numclient_seq'), 'Bernard', 'Chloé', 'chloé.bernard63@example.com', 'F', '1976-11-19', '0610822232', 169, 'Rue du Parc', '31000', 'Toulouse');
INSERT INTO client (numclient, nomclient, prenomclient, emailclient, genreclient, datenaissance, telephone, numrue, nomrue, codepostal, ville) VALUES (nextval('client_numclient_seq'), 'Garnier', 'Nicolas', 'nicolas.garnier64@example.com', 'F', '1965-03-21', '0633376897', 71, 'Rue de la République', '76600', 'Le Havre');
INSERT INTO client (numclient, nomclient, prenomclient, emailclient, genreclient, datenaissance, telephone, numrue, nomrue, codepostal, ville) VALUES (nextval('client_numclient_seq'), 'Durand', 'Camille', 'camille.durand65@example.com', 'M', '2001-12-17', '0624774902', 91, 'Rue du Moulin', '75001', 'Paris');
INSERT INTO client (numclient, nomclient, prenomclient, emailclient, genreclient, datenaissance, telephone, numrue, nomrue, codepostal, ville) VALUES (nextval('client_numclient_seq'), 'Thomas', 'Julie', 'julie.thomas66@example.com', 'F', '1958-08-22', '0623897594', 199, 'Boulevard du Midi', '51100', 'Reims');
INSERT INTO client (numclient, nomclient, prenomclient, emailclient, genreclient, datenaissance, telephone, numrue, nomrue, codepostal, ville) VALUES (nextval('client_numclient_seq'), 'Roux', 'Thomas', 'thomas.roux67@example.com', 'F', '2003-09-15', '0655187381', 39, 'Boulevard Saint-Michel', '14000', 'Caen');
INSERT INTO client (numclient, nomclient, prenomclient, emailclient, genreclient, datenaissance, telephone, numrue, nomrue, codepostal, ville) VALUES (nextval('client_numclient_seq'), 'Leroy', 'Antoine', 'antoine.leroy68@example.com', 'M', '2003-11-09', '0685339618', 1, 'Rue des Acacias', '51100', 'Reims');
INSERT INTO client (numclient, nomclient, prenomclient, emailclient, genreclient, datenaissance, telephone, numrue, nomrue, codepostal, ville) VALUES (nextval('client_numclient_seq'), 'Durand', 'Chloé', 'chloé.durand69@example.com', 'F', '1978-02-23', '0608528188', 178, 'Rue du Moulin', '44000', 'Nantes');
INSERT INTO client (numclient, nomclient, prenomclient, emailclient, genreclient, datenaissance, telephone, numrue, nomrue, codepostal, ville) VALUES (nextval('client_numclient_seq'), 'Simon', 'Thomas', 'thomas.simon70@example.com', 'M', '1958-03-08', '0679713589', 109, 'Boulevard du Midi', '76600', 'Le Havre');
INSERT INTO client (numclient, nomclient, prenomclient, emailclient, genreclient, datenaissance, telephone, numrue, nomrue, codepostal, ville) VALUES (nextval('client_numclient_seq'), 'Bernard', 'Marc', 'marc.bernard71@example.com', 'F', '1976-06-18', '0606564844', 184, 'Rue du Moulin', '75001', 'Paris');
INSERT INTO client (numclient, nomclient, prenomclient, emailclient, genreclient, datenaissance, telephone, numrue, nomrue, codepostal, ville) VALUES (nextval('client_numclient_seq'), 'Leroux', 'Marc', 'marc.leroux72@example.com', 'F', '1999-10-23', '0667149394', 16, 'Avenue de la Liberté', '76600', 'Le Havre');
INSERT INTO client (numclient, nomclient, prenomclient, emailclient, genreclient, datenaissance, telephone, numrue, nomrue, codepostal, ville) VALUES (nextval('client_numclient_seq'), 'Garnier', 'Nicolas', 'nicolas.garnier73@example.com', 'M', '1972-05-25', '0672320417', 112, 'Rue du Stade', '59000', 'Lille');
INSERT INTO client (numclient, nomclient, prenomclient, emailclient, genreclient, datenaissance, telephone, numrue, nomrue, codepostal, ville) VALUES (nextval('client_numclient_seq'), 'Garnier', 'Julie', 'julie.garnier74@example.com', 'M', '1967-07-16', '0668034477', 150, 'Boulevard Saint-Michel', '34000', 'Montpellier');
INSERT INTO client (numclient, nomclient, prenomclient, emailclient, genreclient, datenaissance, telephone, numrue, nomrue, codepostal, ville) VALUES (nextval('client_numclient_seq'), 'Robert', 'Nicolas', 'nicolas.robert75@example.com', 'F', '1958-10-18', '0646986964', 169, 'Rue du Stade', '21000', 'Dijon');
INSERT INTO client (numclient, nomclient, prenomclient, emailclient, genreclient, datenaissance, telephone, numrue, nomrue, codepostal, ville) VALUES (nextval('client_numclient_seq'), 'Bernard', 'Jean', 'jean.bernard76@example.com', 'F', '1958-08-06', '0667192611', 195, 'Boulevard du Midi', '34000', 'Montpellier');
INSERT INTO client (numclient, nomclient, prenomclient, emailclient, genreclient, datenaissance, telephone, numrue, nomrue, codepostal, ville) VALUES (nextval('client_numclient_seq'), 'Richard', 'Thomas', 'thomas.richard77@example.com', 'F', '1970-06-25', '0690744759', 86, 'Boulevard Saint-Michel', '44000', 'Nantes');
INSERT INTO client (numclient, nomclient, prenomclient, emailclient, genreclient, datenaissance, telephone, numrue, nomrue, codepostal, ville) VALUES (nextval('client_numclient_seq'), 'Bernard', 'Paul', 'paul.bernard78@example.com', 'F', '1951-12-18', '0619284912', 193, 'Avenue du Général Leclerc', '33000', 'Bordeaux');
INSERT INTO client (numclient, nomclient, prenomclient, emailclient, genreclient, datenaissance, telephone, numrue, nomrue, codepostal, ville) VALUES (nextval('client_numclient_seq'), 'Martin', 'Luc', 'luc.martin79@example.com', 'M', '1965-04-27', '0610175702', 130, 'Rue Nationale', '13001', 'Marseille');
INSERT INTO client (numclient, nomclient, prenomclient, emailclient, genreclient, datenaissance, telephone, numrue, nomrue, codepostal, ville) VALUES (nextval('client_numclient_seq'), 'Petit', 'Julie', 'julie.petit80@example.com', 'F', '1992-02-19', '0668933888', 64, 'Avenue de la Liberté', '06000', 'Nice');
INSERT INTO client (numclient, nomclient, prenomclient, emailclient, genreclient, datenaissance, telephone, numrue, nomrue, codepostal, ville) VALUES (nextval('client_numclient_seq'), 'Michel', 'Paul', 'paul.michel81@example.com', 'M', '1988-10-24', '0613994602', 173, 'Avenue du Général Leclerc', '06000', 'Nice');
INSERT INTO client (numclient, nomclient, prenomclient, emailclient, genreclient, datenaissance, telephone, numrue, nomrue, codepostal, ville) VALUES (nextval('client_numclient_seq'), 'Thomas', 'Emma', 'emma.thomas82@example.com', 'M', '1969-10-22', '0644230146', 126, 'Rue des Acacias', '44000', 'Nantes');
INSERT INTO client (numclient, nomclient, prenomclient, emailclient, genreclient, datenaissance, telephone, numrue, nomrue, codepostal, ville) VALUES (nextval('client_numclient_seq'), 'Bernard', 'Marc', 'marc.bernard83@example.com', 'M', '1956-12-25', '0632382182', 161, 'Boulevard des Alpes', '69001', 'Lyon');
INSERT INTO client (numclient, nomclient, prenomclient, emailclient, genreclient, datenaissance, telephone, numrue, nomrue, codepostal, ville) VALUES (nextval('client_numclient_seq'), 'Martin', 'Sophie', 'sophie.martin84@example.com', 'F', '1984-07-22', '0664434707', 154, 'Rue du Stade', '14000', 'Caen');
INSERT INTO client (numclient, nomclient, prenomclient, emailclient, genreclient, datenaissance, telephone, numrue, nomrue, codepostal, ville) VALUES (nextval('client_numclient_seq'), 'Dubois', 'Thomas', 'thomas.dubois85@example.com', 'F', '2002-08-04', '0670668277', 185, 'Rue de la République', '44000', 'Nantes');
INSERT INTO client (numclient, nomclient, prenomclient, emailclient, genreclient, datenaissance, telephone, numrue, nomrue, codepostal, ville) VALUES (nextval('client_numclient_seq'), 'Petit', 'Antoine', 'antoine.petit86@example.com', 'F', '1961-12-17', '0662468435', 54, 'Rue du Moulin', '33000', 'Bordeaux');
INSERT INTO client (numclient, nomclient, prenomclient, emailclient, genreclient, datenaissance, telephone, numrue, nomrue, codepostal, ville) VALUES (nextval('client_numclient_seq'), 'Roux', 'Chloé', 'chloé.roux87@example.com', 'F', '2002-12-19', '0694648159', 128, 'Avenue du Général Leclerc', '44000', 'Nantes');
INSERT INTO client (numclient, nomclient, prenomclient, emailclient, genreclient, datenaissance, telephone, numrue, nomrue, codepostal, ville) VALUES (nextval('client_numclient_seq'), 'Leroy', 'Luc', 'luc.leroy88@example.com', 'F', '1965-08-19', '0646163710', 145, 'Rue Nationale', '38000', 'Grenoble');
INSERT INTO client (numclient, nomclient, prenomclient, emailclient, genreclient, datenaissance, telephone, numrue, nomrue, codepostal, ville) VALUES (nextval('client_numclient_seq'), 'Dubois', 'Thomas', 'thomas.dubois89@example.com', 'F', '2004-06-06', '0671419185', 73, 'Rue de la République', '57000', 'Metz');
INSERT INTO client (numclient, nomclient, prenomclient, emailclient, genreclient, datenaissance, telephone, numrue, nomrue, codepostal, ville) VALUES (nextval('client_numclient_seq'), 'Simon', 'Paul', 'paul.simon90@example.com', 'F', '1988-12-09', '0641568598', 191, 'Rue du Moulin', '14000', 'Caen');
INSERT INTO client (numclient, nomclient, prenomclient, emailclient, genreclient, datenaissance, telephone, numrue, nomrue, codepostal, ville) VALUES (nextval('client_numclient_seq'), 'Bernard', 'Marc', 'marc.bernard91@example.com', 'M', '1996-07-16', '0649522553', 145, 'Rue des Fleurs', '76600', 'Le Havre');
INSERT INTO client (numclient, nomclient, prenomclient, emailclient, genreclient, datenaissance, telephone, numrue, nomrue, codepostal, ville) VALUES (nextval('client_numclient_seq'), 'Garnier', 'Chloé', 'chloé.garnier92@example.com', 'F', '2000-01-03', '0650546482', 43, 'Boulevard des Alpes', '67000', 'Strasbourg');
INSERT INTO client (numclient, nomclient, prenomclient, emailclient, genreclient, datenaissance, telephone, numrue, nomrue, codepostal, ville) VALUES (nextval('client_numclient_seq'), 'Moreau', 'Julie', 'julie.moreau93@example.com', 'F', '1980-09-17', '0677860421', 36, 'Avenue du Général Leclerc', '59000', 'Lille');
INSERT INTO client (numclient, nomclient, prenomclient, emailclient, genreclient, datenaissance, telephone, numrue, nomrue, codepostal, ville) VALUES (nextval('client_numclient_seq'), 'Michel', 'Thomas', 'thomas.michel94@example.com', 'F', '1967-05-09', '0685101281', 57, 'Rue de la République', '75001', 'Paris');
INSERT INTO client (numclient, nomclient, prenomclient, emailclient, genreclient, datenaissance, telephone, numrue, nomrue, codepostal, ville) VALUES (nextval('client_numclient_seq'), 'Simon', 'Marc', 'marc.simon95@example.com', 'M', '1997-09-25', '0615097115', 57, 'Rue du Moulin', '76600', 'Le Havre');
INSERT INTO client (numclient, nomclient, prenomclient, emailclient, genreclient, datenaissance, telephone, numrue, nomrue, codepostal, ville) VALUES (nextval('client_numclient_seq'), 'Garnier', 'Marc', 'marc.garnier96@example.com', 'F', '1996-10-25', '0699008977', 21, 'Boulevard Saint-Michel', '35000', 'Rennes');
INSERT INTO client (numclient, nomclient, prenomclient, emailclient, genreclient, datenaissance, telephone, numrue, nomrue, codepostal, ville) VALUES (nextval('client_numclient_seq'), 'Richard', 'Sophie', 'sophie.richard97@example.com', 'F', '1964-06-06', '0684501629', 45, 'Avenue Gambetta', '49000', 'Angers');
INSERT INTO client (numclient, nomclient, prenomclient, emailclient, genreclient, datenaissance, telephone, numrue, nomrue, codepostal, ville) VALUES (nextval('client_numclient_seq'), 'Leroy', 'Pierre', 'pierre.leroy98@example.com', 'M', '1953-09-10', '0602212518', 144, 'Rue du Stade', '76600', 'Le Havre');
INSERT INTO client (numclient, nomclient, prenomclient, emailclient, genreclient, datenaissance, telephone, numrue, nomrue, codepostal, ville) VALUES (nextval('client_numclient_seq'), 'Thomas', 'Chloé', 'chloé.thomas99@example.com', 'M', '1986-05-16', '0633749498', 51, 'Avenue du Général Leclerc', '31000', 'Toulouse');
INSERT INTO client (numclient, nomclient, prenomclient, emailclient, genreclient, datenaissance, telephone, numrue, nomrue, codepostal, ville) VALUES (nextval('client_numclient_seq'), 'Martin', 'Claire', 'claire.martin100@example.com', 'F', '2005-08-04', '0643655802', 123, 'Rue du Moulin', '33000', 'Bordeaux');

INSERT INTO cartebancaire (idcarte, numclient, numeromasque, dateexpiration, nomtitulaire, tokenpaiement) VALUES (nextval('cartebancaire_idcarte_seq'), 63, 'XXXX-XXXX-XXXX-5066', '2026-12-31', 'Chloé Bernard', 'tok_1');
INSERT INTO cartebancaire (idcarte, numclient, numeromasque, dateexpiration, nomtitulaire, tokenpaiement) VALUES (nextval('cartebancaire_idcarte_seq'), 10, 'XXXX-XXXX-XXXX-2940', '2026-12-31', 'Claire Durand', 'tok_2');
INSERT INTO cartebancaire (idcarte, numclient, numeromasque, dateexpiration, nomtitulaire, tokenpaiement) VALUES (nextval('cartebancaire_idcarte_seq'), 74, 'XXXX-XXXX-XXXX-7818', '2026-12-31', 'Julie Garnier', 'tok_3');
INSERT INTO cartebancaire (idcarte, numclient, numeromasque, dateexpiration, nomtitulaire, tokenpaiement) VALUES (nextval('cartebancaire_idcarte_seq'), 81, 'XXXX-XXXX-XXXX-4697', '2026-12-31', 'Paul Michel', 'tok_4');
INSERT INTO cartebancaire (idcarte, numclient, numeromasque, dateexpiration, nomtitulaire, tokenpaiement) VALUES (nextval('cartebancaire_idcarte_seq'), 88, 'XXXX-XXXX-XXXX-9561', '2026-12-31', 'Luc Leroy', 'tok_5');
INSERT INTO cartebancaire (idcarte, numclient, numeromasque, dateexpiration, nomtitulaire, tokenpaiement) VALUES (nextval('cartebancaire_idcarte_seq'), 7, 'XXXX-XXXX-XXXX-7232', '2026-12-31', 'Laura Richard', 'tok_6');
INSERT INTO cartebancaire (idcarte, numclient, numeromasque, dateexpiration, nomtitulaire, tokenpaiement) VALUES (nextval('cartebancaire_idcarte_seq'), 20, 'XXXX-XXXX-XXXX-8381', '2026-12-31', 'Thomas Garnier', 'tok_7');
INSERT INTO cartebancaire (idcarte, numclient, numeromasque, dateexpiration, nomtitulaire, tokenpaiement) VALUES (nextval('cartebancaire_idcarte_seq'), 73, 'XXXX-XXXX-XXXX-8253', '2026-12-31', 'Nicolas Garnier', 'tok_8');
INSERT INTO cartebancaire (idcarte, numclient, numeromasque, dateexpiration, nomtitulaire, tokenpaiement) VALUES (nextval('cartebancaire_idcarte_seq'), 39, 'XXXX-XXXX-XXXX-5871', '2026-12-31', 'Pierre Moreau', 'tok_9');
INSERT INTO cartebancaire (idcarte, numclient, numeromasque, dateexpiration, nomtitulaire, tokenpaiement) VALUES (nextval('cartebancaire_idcarte_seq'), 11, 'XXXX-XXXX-XXXX-8025', '2026-12-31', 'Julie Simon', 'tok_10');

INSERT INTO documentation (numdocumentation, numresort, titredoc, url, formatdoc) VALUES (nextval('documentation_numdocumentation_seq'), 1, 'Brochure 1', 'https://example.com/docs/brochure_1.pdf', 'pdf');
INSERT INTO photo (numfichierphoto, numresort, nomfichierphoto, cheminfichiervideo, formatphoto, taillephoto) VALUES (nextval('photo_numfichierphoto_seq'), 1, 'photo_1.jpg', '/media/photos/photo_1.jpg', 'jpg', 106);
INSERT INTO documentation (numdocumentation, numresort, titredoc, url, formatdoc) VALUES (nextval('documentation_numdocumentation_seq'), 2, 'Brochure 2', 'https://example.com/docs/brochure_2.pdf', 'pdf');
INSERT INTO photo (numfichierphoto, numresort, nomfichierphoto, cheminfichiervideo, formatphoto, taillephoto) VALUES (nextval('photo_numfichierphoto_seq'), 2, 'photo_2.jpg', '/media/photos/photo_2.jpg', 'jpg', 448);
INSERT INTO documentation (numdocumentation, numresort, titredoc, url, formatdoc) VALUES (nextval('documentation_numdocumentation_seq'), 3, 'Brochure 3', 'https://example.com/docs/brochure_3.pdf', 'pdf');
INSERT INTO photo (numfichierphoto, numresort, nomfichierphoto, cheminfichiervideo, formatphoto, taillephoto) VALUES (nextval('photo_numfichierphoto_seq'), 3, 'photo_3.jpg', '/media/photos/photo_3.jpg', 'jpg', 371);
INSERT INTO documentation (numdocumentation, numresort, titredoc, url, formatdoc) VALUES (nextval('documentation_numdocumentation_seq'), 4, 'Brochure 4', 'https://example.com/docs/brochure_4.pdf', 'pdf');
INSERT INTO documentation (numdocumentation, numresort, titredoc, url, formatdoc) VALUES (nextval('documentation_numdocumentation_seq'), 5, 'Brochure 5', 'https://example.com/docs/brochure_5.pdf', 'pdf');
INSERT INTO photo (numfichierphoto, numresort, nomfichierphoto, cheminfichiervideo, formatphoto, taillephoto) VALUES (nextval('photo_numfichierphoto_seq'), 5, 'photo_4.jpg', '/media/photos/photo_4.jpg', 'jpg', 28);
INSERT INTO video (numfichiervideo, numresort, nomfichiervideo, cheminfichiervideo, dureevideo, formatvideo, resolutionvideo, taillevideo) VALUES (nextval('video_numfichiervideo_seq'), 5, 'video_1.mp4', '/media/videos/video_1.mp4', 199, 'mp4', '1080p', 7577);
INSERT INTO photo (numfichierphoto, numresort, nomfichierphoto, cheminfichiervideo, formatphoto, taillephoto) VALUES (nextval('photo_numfichierphoto_seq'), 6, 'photo_5.jpg', '/media/photos/photo_5.jpg', 'jpg', 279);
INSERT INTO documentation (numdocumentation, numresort, titredoc, url, formatdoc) VALUES (nextval('documentation_numdocumentation_seq'), 7, 'Brochure 7', 'https://example.com/docs/brochure_7.pdf', 'pdf');
INSERT INTO photo (numfichierphoto, numresort, nomfichierphoto, cheminfichiervideo, formatphoto, taillephoto) VALUES (nextval('photo_numfichierphoto_seq'), 7, 'photo_6.jpg', '/media/photos/photo_6.jpg', 'jpg', 455);
INSERT INTO documentation (numdocumentation, numresort, titredoc, url, formatdoc) VALUES (nextval('documentation_numdocumentation_seq'), 8, 'Brochure 8', 'https://example.com/docs/brochure_8.pdf', 'pdf');
INSERT INTO photo (numfichierphoto, numresort, nomfichierphoto, cheminfichiervideo, formatphoto, taillephoto) VALUES (nextval('photo_numfichierphoto_seq'), 8, 'photo_7.jpg', '/media/photos/photo_7.jpg', 'jpg', 145);
INSERT INTO video (numfichiervideo, numresort, nomfichiervideo, cheminfichiervideo, dureevideo, formatvideo, resolutionvideo, taillevideo) VALUES (nextval('video_numfichiervideo_seq'), 8, 'video_2.mp4', '/media/videos/video_2.mp4', 233, 'mp4', '1080p', 43587);
INSERT INTO documentation (numdocumentation, numresort, titredoc, url, formatdoc) VALUES (nextval('documentation_numdocumentation_seq'), 9, 'Brochure 9', 'https://example.com/docs/brochure_9.pdf', 'pdf');
INSERT INTO photo (numfichierphoto, numresort, nomfichierphoto, cheminfichiervideo, formatphoto, taillephoto) VALUES (nextval('photo_numfichierphoto_seq'), 9, 'photo_8.jpg', '/media/photos/photo_8.jpg', 'jpg', 355);
INSERT INTO documentation (numdocumentation, numresort, titredoc, url, formatdoc) VALUES (nextval('documentation_numdocumentation_seq'), 10, 'Brochure 10', 'https://example.com/docs/brochure_10.pdf', 'pdf');
INSERT INTO photo (numfichierphoto, numresort, nomfichierphoto, cheminfichiervideo, formatphoto, taillephoto) VALUES (nextval('photo_numfichierphoto_seq'), 10, 'photo_9.jpg', '/media/photos/photo_9.jpg', 'jpg', 377);
INSERT INTO documentation (numdocumentation, numresort, titredoc, url, formatdoc) VALUES (nextval('documentation_numdocumentation_seq'), 11, 'Brochure 11', 'https://example.com/docs/brochure_11.pdf', 'pdf');
INSERT INTO photo (numfichierphoto, numresort, nomfichierphoto, cheminfichiervideo, formatphoto, taillephoto) VALUES (nextval('photo_numfichierphoto_seq'), 11, 'photo_10.jpg', '/media/photos/photo_10.jpg', 'jpg', 326);
INSERT INTO video (numfichiervideo, numresort, nomfichiervideo, cheminfichiervideo, dureevideo, formatvideo, resolutionvideo, taillevideo) VALUES (nextval('video_numfichiervideo_seq'), 11, 'video_3.mp4', '/media/videos/video_3.mp4', 177, 'mp4', '1080p', 15908);
INSERT INTO documentation (numdocumentation, numresort, titredoc, url, formatdoc) VALUES (nextval('documentation_numdocumentation_seq'), 12, 'Brochure 12', 'https://example.com/docs/brochure_12.pdf', 'pdf');
INSERT INTO photo (numfichierphoto, numresort, nomfichierphoto, cheminfichiervideo, formatphoto, taillephoto) VALUES (nextval('photo_numfichierphoto_seq'), 12, 'photo_11.jpg', '/media/photos/photo_11.jpg', 'jpg', 60);
INSERT INTO documentation (numdocumentation, numresort, titredoc, url, formatdoc) VALUES (nextval('documentation_numdocumentation_seq'), 13, 'Brochure 13', 'https://example.com/docs/brochure_13.pdf', 'pdf');
INSERT INTO photo (numfichierphoto, numresort, nomfichierphoto, cheminfichiervideo, formatphoto, taillephoto) VALUES (nextval('photo_numfichierphoto_seq'), 13, 'photo_12.jpg', '/media/photos/photo_12.jpg', 'jpg', 95);
INSERT INTO photo (numfichierphoto, numresort, nomfichierphoto, cheminfichiervideo, formatphoto, taillephoto) VALUES (nextval('photo_numfichierphoto_seq'), 14, 'photo_13.jpg', '/media/photos/photo_13.jpg', 'jpg', 417);
INSERT INTO video (numfichiervideo, numresort, nomfichiervideo, cheminfichiervideo, dureevideo, formatvideo, resolutionvideo, taillevideo) VALUES (nextval('video_numfichiervideo_seq'), 14, 'video_4.mp4', '/media/videos/video_4.mp4', 213, 'mp4', '1080p', 25565);
INSERT INTO documentation (numdocumentation, numresort, titredoc, url, formatdoc) VALUES (nextval('documentation_numdocumentation_seq'), 15, 'Brochure 15', 'https://example.com/docs/brochure_15.pdf', 'pdf');
INSERT INTO photo (numfichierphoto, numresort, nomfichierphoto, cheminfichiervideo, formatphoto, taillephoto) VALUES (nextval('photo_numfichierphoto_seq'), 15, 'photo_14.jpg', '/media/photos/photo_14.jpg', 'jpg', 220);
INSERT INTO video (numfichiervideo, numresort, nomfichiervideo, cheminfichiervideo, dureevideo, formatvideo, resolutionvideo, taillevideo) VALUES (nextval('video_numfichiervideo_seq'), 15, 'video_5.mp4', '/media/videos/video_5.mp4', 122, 'mp4', '1080p', 12140);
INSERT INTO documentation (numdocumentation, numresort, titredoc, url, formatdoc) VALUES (nextval('documentation_numdocumentation_seq'), 16, 'Brochure 16', 'https://example.com/docs/brochure_16.pdf', 'pdf');
INSERT INTO photo (numfichierphoto, numresort, nomfichierphoto, cheminfichiervideo, formatphoto, taillephoto) VALUES (nextval('photo_numfichierphoto_seq'), 16, 'photo_15.jpg', '/media/photos/photo_15.jpg', 'jpg', 205);
INSERT INTO documentation (numdocumentation, numresort, titredoc, url, formatdoc) VALUES (nextval('documentation_numdocumentation_seq'), 17, 'Brochure 17', 'https://example.com/docs/brochure_17.pdf', 'pdf');
INSERT INTO video (numfichiervideo, numresort, nomfichiervideo, cheminfichiervideo, dureevideo, formatvideo, resolutionvideo, taillevideo) VALUES (nextval('video_numfichiervideo_seq'), 17, 'video_6.mp4', '/media/videos/video_6.mp4', 266, 'mp4', '1080p', 42805);
INSERT INTO documentation (numdocumentation, numresort, titredoc, url, formatdoc) VALUES (nextval('documentation_numdocumentation_seq'), 18, 'Brochure 18', 'https://example.com/docs/brochure_18.pdf', 'pdf');
INSERT INTO photo (numfichierphoto, numresort, nomfichierphoto, cheminfichiervideo, formatphoto, taillephoto) VALUES (nextval('photo_numfichierphoto_seq'), 18, 'photo_16.jpg', '/media/photos/photo_16.jpg', 'jpg', 14);
INSERT INTO documentation (numdocumentation, numresort, titredoc, url, formatdoc) VALUES (nextval('documentation_numdocumentation_seq'), 19, 'Brochure 19', 'https://example.com/docs/brochure_19.pdf', 'pdf');
INSERT INTO photo (numfichierphoto, numresort, nomfichierphoto, cheminfichiervideo, formatphoto, taillephoto) VALUES (nextval('photo_numfichierphoto_seq'), 19, 'photo_17.jpg', '/media/photos/photo_17.jpg', 'jpg', 289);
INSERT INTO video (numfichiervideo, numresort, nomfichiervideo, cheminfichiervideo, dureevideo, formatvideo, resolutionvideo, taillevideo) VALUES (nextval('video_numfichiervideo_seq'), 19, 'video_7.mp4', '/media/videos/video_7.mp4', 256, 'mp4', '1080p', 23646);
INSERT INTO photo (numfichierphoto, numresort, nomfichierphoto, cheminfichiervideo, formatphoto, taillephoto) VALUES (nextval('photo_numfichierphoto_seq'), 20, 'photo_18.jpg', '/media/photos/photo_18.jpg', 'jpg', 227);
INSERT INTO documentation (numdocumentation, numresort, titredoc, url, formatdoc) VALUES (nextval('documentation_numdocumentation_seq'), 21, 'Brochure 21', 'https://example.com/docs/brochure_21.pdf', 'pdf');
INSERT INTO photo (numfichierphoto, numresort, nomfichierphoto, cheminfichiervideo, formatphoto, taillephoto) VALUES (nextval('photo_numfichierphoto_seq'), 21, 'photo_19.jpg', '/media/photos/photo_19.jpg', 'jpg', 206);
INSERT INTO documentation (numdocumentation, numresort, titredoc, url, formatdoc) VALUES (nextval('documentation_numdocumentation_seq'), 22, 'Brochure 22', 'https://example.com/docs/brochure_22.pdf', 'pdf');
INSERT INTO photo (numfichierphoto, numresort, nomfichierphoto, cheminfichiervideo, formatphoto, taillephoto) VALUES (nextval('photo_numfichierphoto_seq'), 22, 'photo_20.jpg', '/media/photos/photo_20.jpg', 'jpg', 193);
INSERT INTO video (numfichiervideo, numresort, nomfichiervideo, cheminfichiervideo, dureevideo, formatvideo, resolutionvideo, taillevideo) VALUES (nextval('video_numfichiervideo_seq'), 22, 'video_8.mp4', '/media/videos/video_8.mp4', 181, 'mp4', '1080p', 2437);
INSERT INTO photo (numfichierphoto, numresort, nomfichierphoto, cheminfichiervideo, formatphoto, taillephoto) VALUES (nextval('photo_numfichierphoto_seq'), 23, 'photo_21.jpg', '/media/photos/photo_21.jpg', 'jpg', 150);
INSERT INTO video (numfichiervideo, numresort, nomfichiervideo, cheminfichiervideo, dureevideo, formatvideo, resolutionvideo, taillevideo) VALUES (nextval('video_numfichiervideo_seq'), 23, 'video_9.mp4', '/media/videos/video_9.mp4', 55, 'mp4', '1080p', 40741);
INSERT INTO documentation (numdocumentation, numresort, titredoc, url, formatdoc) VALUES (nextval('documentation_numdocumentation_seq'), 24, 'Brochure 24', 'https://example.com/docs/brochure_24.pdf', 'pdf');
INSERT INTO photo (numfichierphoto, numresort, nomfichierphoto, cheminfichiervideo, formatphoto, taillephoto) VALUES (nextval('photo_numfichierphoto_seq'), 24, 'photo_22.jpg', '/media/photos/photo_22.jpg', 'jpg', 472);
INSERT INTO video (numfichiervideo, numresort, nomfichiervideo, cheminfichiervideo, dureevideo, formatvideo, resolutionvideo, taillevideo) VALUES (nextval('video_numfichiervideo_seq'), 24, 'video_10.mp4', '/media/videos/video_10.mp4', 147, 'mp4', '1080p', 40784);
INSERT INTO photo (numfichierphoto, numresort, nomfichierphoto, cheminfichiervideo, formatphoto, taillephoto) VALUES (nextval('photo_numfichierphoto_seq'), 25, 'photo_23.jpg', '/media/photos/photo_23.jpg', 'jpg', 107);
INSERT INTO documentation (numdocumentation, numresort, titredoc, url, formatdoc) VALUES (nextval('documentation_numdocumentation_seq'), 26, 'Brochure 26', 'https://example.com/docs/brochure_26.pdf', 'pdf');
INSERT INTO photo (numfichierphoto, numresort, nomfichierphoto, cheminfichiervideo, formatphoto, taillephoto) VALUES (nextval('photo_numfichierphoto_seq'), 26, 'photo_24.jpg', '/media/photos/photo_24.jpg', 'jpg', 347);
INSERT INTO documentation (numdocumentation, numresort, titredoc, url, formatdoc) VALUES (nextval('documentation_numdocumentation_seq'), 27, 'Brochure 27', 'https://example.com/docs/brochure_27.pdf', 'pdf');
INSERT INTO photo (numfichierphoto, numresort, nomfichierphoto, cheminfichiervideo, formatphoto, taillephoto) VALUES (nextval('photo_numfichierphoto_seq'), 27, 'photo_25.jpg', '/media/photos/photo_25.jpg', 'jpg', 331);
INSERT INTO documentation (numdocumentation, numresort, titredoc, url, formatdoc) VALUES (nextval('documentation_numdocumentation_seq'), 28, 'Brochure 28', 'https://example.com/docs/brochure_28.pdf', 'pdf');
INSERT INTO photo (numfichierphoto, numresort, nomfichierphoto, cheminfichiervideo, formatphoto, taillephoto) VALUES (nextval('photo_numfichierphoto_seq'), 28, 'photo_26.jpg', '/media/photos/photo_26.jpg', 'jpg', 306);
INSERT INTO video (numfichiervideo, numresort, nomfichiervideo, cheminfichiervideo, dureevideo, formatvideo, resolutionvideo, taillevideo) VALUES (nextval('video_numfichiervideo_seq'), 28, 'video_11.mp4', '/media/videos/video_11.mp4', 97, 'mp4', '1080p', 6906);
INSERT INTO photo (numfichierphoto, numresort, nomfichierphoto, cheminfichiervideo, formatphoto, taillephoto) VALUES (nextval('photo_numfichierphoto_seq'), 29, 'photo_27.jpg', '/media/photos/photo_27.jpg', 'jpg', 222);
INSERT INTO video (numfichiervideo, numresort, nomfichiervideo, cheminfichiervideo, dureevideo, formatvideo, resolutionvideo, taillevideo) VALUES (nextval('video_numfichiervideo_seq'), 29, 'video_12.mp4', '/media/videos/video_12.mp4', 97, 'mp4', '1080p', 36350);
INSERT INTO photo (numfichierphoto, numresort, nomfichierphoto, cheminfichiervideo, formatphoto, taillephoto) VALUES (nextval('photo_numfichierphoto_seq'), 30, 'photo_28.jpg', '/media/photos/photo_28.jpg', 'jpg', 266);
INSERT INTO photo (numfichierphoto, numresort, nomfichierphoto, cheminfichiervideo, formatphoto, taillephoto) VALUES (nextval('photo_numfichierphoto_seq'), 31, 'photo_29.jpg', '/media/photos/photo_29.jpg', 'jpg', 432);
INSERT INTO photo (numfichierphoto, numresort, nomfichierphoto, cheminfichiervideo, formatphoto, taillephoto) VALUES (nextval('photo_numfichierphoto_seq'), 32, 'photo_30.jpg', '/media/photos/photo_30.jpg', 'jpg', 455);
INSERT INTO video (numfichiervideo, numresort, nomfichiervideo, cheminfichiervideo, dureevideo, formatvideo, resolutionvideo, taillevideo) VALUES (nextval('video_numfichiervideo_seq'), 32, 'video_13.mp4', '/media/videos/video_13.mp4', 88, 'mp4', '1080p', 31692);
INSERT INTO photo (numfichierphoto, numresort, nomfichierphoto, cheminfichiervideo, formatphoto, taillephoto) VALUES (nextval('photo_numfichierphoto_seq'), 33, 'photo_31.jpg', '/media/photos/photo_31.jpg', 'jpg', 125);
INSERT INTO documentation (numdocumentation, numresort, titredoc, url, formatdoc) VALUES (nextval('documentation_numdocumentation_seq'), 34, 'Brochure 34', 'https://example.com/docs/brochure_34.pdf', 'pdf');
INSERT INTO photo (numfichierphoto, numresort, nomfichierphoto, cheminfichiervideo, formatphoto, taillephoto) VALUES (nextval('photo_numfichierphoto_seq'), 35, 'photo_32.jpg', '/media/photos/photo_32.jpg', 'jpg', 414);
INSERT INTO video (numfichiervideo, numresort, nomfichiervideo, cheminfichiervideo, dureevideo, formatvideo, resolutionvideo, taillevideo) VALUES (nextval('video_numfichiervideo_seq'), 35, 'video_14.mp4', '/media/videos/video_14.mp4', 165, 'mp4', '1080p', 36164);
INSERT INTO documentation (numdocumentation, numresort, titredoc, url, formatdoc) VALUES (nextval('documentation_numdocumentation_seq'), 36, 'Brochure 36', 'https://example.com/docs/brochure_36.pdf', 'pdf');
INSERT INTO photo (numfichierphoto, numresort, nomfichierphoto, cheminfichiervideo, formatphoto, taillephoto) VALUES (nextval('photo_numfichierphoto_seq'), 36, 'photo_33.jpg', '/media/photos/photo_33.jpg', 'jpg', 393);
INSERT INTO documentation (numdocumentation, numresort, titredoc, url, formatdoc) VALUES (nextval('documentation_numdocumentation_seq'), 37, 'Brochure 37', 'https://example.com/docs/brochure_37.pdf', 'pdf');
INSERT INTO photo (numfichierphoto, numresort, nomfichierphoto, cheminfichiervideo, formatphoto, taillephoto) VALUES (nextval('photo_numfichierphoto_seq'), 37, 'photo_34.jpg', '/media/photos/photo_34.jpg', 'jpg', 491);
INSERT INTO video (numfichiervideo, numresort, nomfichiervideo, cheminfichiervideo, dureevideo, formatvideo, resolutionvideo, taillevideo) VALUES (nextval('video_numfichiervideo_seq'), 37, 'video_15.mp4', '/media/videos/video_15.mp4', 149, 'mp4', '1080p', 31898);
INSERT INTO documentation (numdocumentation, numresort, titredoc, url, formatdoc) VALUES (nextval('documentation_numdocumentation_seq'), 38, 'Brochure 38', 'https://example.com/docs/brochure_38.pdf', 'pdf');
INSERT INTO photo (numfichierphoto, numresort, nomfichierphoto, cheminfichiervideo, formatphoto, taillephoto) VALUES (nextval('photo_numfichierphoto_seq'), 38, 'photo_35.jpg', '/media/photos/photo_35.jpg', 'jpg', 297);
INSERT INTO video (numfichiervideo, numresort, nomfichiervideo, cheminfichiervideo, dureevideo, formatvideo, resolutionvideo, taillevideo) VALUES (nextval('video_numfichiervideo_seq'), 38, 'video_16.mp4', '/media/videos/video_16.mp4', 143, 'mp4', '1080p', 43444);
INSERT INTO documentation (numdocumentation, numresort, titredoc, url, formatdoc) VALUES (nextval('documentation_numdocumentation_seq'), 39, 'Brochure 39', 'https://example.com/docs/brochure_39.pdf', 'pdf');
INSERT INTO photo (numfichierphoto, numresort, nomfichierphoto, cheminfichiervideo, formatphoto, taillephoto) VALUES (nextval('photo_numfichierphoto_seq'), 39, 'photo_36.jpg', '/media/photos/photo_36.jpg', 'jpg', 475);
INSERT INTO documentation (numdocumentation, numresort, titredoc, url, formatdoc) VALUES (nextval('documentation_numdocumentation_seq'), 40, 'Brochure 40', 'https://example.com/docs/brochure_40.pdf', 'pdf');
INSERT INTO photo (numfichierphoto, numresort, nomfichierphoto, cheminfichiervideo, formatphoto, taillephoto) VALUES (nextval('photo_numfichierphoto_seq'), 40, 'photo_37.jpg', '/media/photos/photo_37.jpg', 'jpg', 33);
INSERT INTO documentation (numdocumentation, numresort, titredoc, url, formatdoc) VALUES (nextval('documentation_numdocumentation_seq'), 41, 'Brochure 41', 'https://example.com/docs/brochure_41.pdf', 'pdf');
INSERT INTO photo (numfichierphoto, numresort, nomfichierphoto, cheminfichiervideo, formatphoto, taillephoto) VALUES (nextval('photo_numfichierphoto_seq'), 41, 'photo_38.jpg', '/media/photos/photo_38.jpg', 'jpg', 59);
INSERT INTO video (numfichiervideo, numresort, nomfichiervideo, cheminfichiervideo, dureevideo, formatvideo, resolutionvideo, taillevideo) VALUES (nextval('video_numfichiervideo_seq'), 41, 'video_17.mp4', '/media/videos/video_17.mp4', 99, 'mp4', '1080p', 26470);
INSERT INTO documentation (numdocumentation, numresort, titredoc, url, formatdoc) VALUES (nextval('documentation_numdocumentation_seq'), 42, 'Brochure 42', 'https://example.com/docs/brochure_42.pdf', 'pdf');
INSERT INTO photo (numfichierphoto, numresort, nomfichierphoto, cheminfichiervideo, formatphoto, taillephoto) VALUES (nextval('photo_numfichierphoto_seq'), 42, 'photo_39.jpg', '/media/photos/photo_39.jpg', 'jpg', 390);
INSERT INTO documentation (numdocumentation, numresort, titredoc, url, formatdoc) VALUES (nextval('documentation_numdocumentation_seq'), 43, 'Brochure 43', 'https://example.com/docs/brochure_43.pdf', 'pdf');
INSERT INTO photo (numfichierphoto, numresort, nomfichierphoto, cheminfichiervideo, formatphoto, taillephoto) VALUES (nextval('photo_numfichierphoto_seq'), 43, 'photo_40.jpg', '/media/photos/photo_40.jpg', 'jpg', 382);
INSERT INTO video (numfichiervideo, numresort, nomfichiervideo, cheminfichiervideo, dureevideo, formatvideo, resolutionvideo, taillevideo) VALUES (nextval('video_numfichiervideo_seq'), 43, 'video_18.mp4', '/media/videos/video_18.mp4', 242, 'mp4', '1080p', 43920);
INSERT INTO documentation (numdocumentation, numresort, titredoc, url, formatdoc) VALUES (nextval('documentation_numdocumentation_seq'), 44, 'Brochure 44', 'https://example.com/docs/brochure_44.pdf', 'pdf');
INSERT INTO photo (numfichierphoto, numresort, nomfichierphoto, cheminfichiervideo, formatphoto, taillephoto) VALUES (nextval('photo_numfichierphoto_seq'), 44, 'photo_41.jpg', '/media/photos/photo_41.jpg', 'jpg', 218);
INSERT INTO documentation (numdocumentation, numresort, titredoc, url, formatdoc) VALUES (nextval('documentation_numdocumentation_seq'), 45, 'Brochure 45', 'https://example.com/docs/brochure_45.pdf', 'pdf');
INSERT INTO photo (numfichierphoto, numresort, nomfichierphoto, cheminfichiervideo, formatphoto, taillephoto) VALUES (nextval('photo_numfichierphoto_seq'), 45, 'photo_42.jpg', '/media/photos/photo_42.jpg', 'jpg', 121);
INSERT INTO video (numfichiervideo, numresort, nomfichiervideo, cheminfichiervideo, dureevideo, formatvideo, resolutionvideo, taillevideo) VALUES (nextval('video_numfichiervideo_seq'), 45, 'video_19.mp4', '/media/videos/video_19.mp4', 150, 'mp4', '1080p', 24768);
INSERT INTO documentation (numdocumentation, numresort, titredoc, url, formatdoc) VALUES (nextval('documentation_numdocumentation_seq'), 46, 'Brochure 46', 'https://example.com/docs/brochure_46.pdf', 'pdf');
INSERT INTO photo (numfichierphoto, numresort, nomfichierphoto, cheminfichiervideo, formatphoto, taillephoto) VALUES (nextval('photo_numfichierphoto_seq'), 46, 'photo_43.jpg', '/media/photos/photo_43.jpg', 'jpg', 288);
INSERT INTO documentation (numdocumentation, numresort, titredoc, url, formatdoc) VALUES (nextval('documentation_numdocumentation_seq'), 47, 'Brochure 47', 'https://example.com/docs/brochure_47.pdf', 'pdf');
INSERT INTO photo (numfichierphoto, numresort, nomfichierphoto, cheminfichiervideo, formatphoto, taillephoto) VALUES (nextval('photo_numfichierphoto_seq'), 47, 'photo_44.jpg', '/media/photos/photo_44.jpg', 'jpg', 151);
INSERT INTO video (numfichiervideo, numresort, nomfichiervideo, cheminfichiervideo, dureevideo, formatvideo, resolutionvideo, taillevideo) VALUES (nextval('video_numfichiervideo_seq'), 47, 'video_20.mp4', '/media/videos/video_20.mp4', 92, 'mp4', '1080p', 30800);
INSERT INTO documentation (numdocumentation, numresort, titredoc, url, formatdoc) VALUES (nextval('documentation_numdocumentation_seq'), 48, 'Brochure 48', 'https://example.com/docs/brochure_48.pdf', 'pdf');
INSERT INTO photo (numfichierphoto, numresort, nomfichierphoto, cheminfichiervideo, formatphoto, taillephoto) VALUES (nextval('photo_numfichierphoto_seq'), 48, 'photo_45.jpg', '/media/photos/photo_45.jpg', 'jpg', 337);
INSERT INTO video (numfichiervideo, numresort, nomfichiervideo, cheminfichiervideo, dureevideo, formatvideo, resolutionvideo, taillevideo) VALUES (nextval('video_numfichiervideo_seq'), 48, 'video_21.mp4', '/media/videos/video_21.mp4', 40, 'mp4', '1080p', 4314);
INSERT INTO documentation (numdocumentation, numresort, titredoc, url, formatdoc) VALUES (nextval('documentation_numdocumentation_seq'), 49, 'Brochure 49', 'https://example.com/docs/brochure_49.pdf', 'pdf');
INSERT INTO photo (numfichierphoto, numresort, nomfichierphoto, cheminfichiervideo, formatphoto, taillephoto) VALUES (nextval('photo_numfichierphoto_seq'), 49, 'photo_46.jpg', '/media/photos/photo_46.jpg', 'jpg', 74);
INSERT INTO documentation (numdocumentation, numresort, titredoc, url, formatdoc) VALUES (nextval('documentation_numdocumentation_seq'), 50, 'Brochure 50', 'https://example.com/docs/brochure_50.pdf', 'pdf');
INSERT INTO photo (numfichierphoto, numresort, nomfichierphoto, cheminfichiervideo, formatphoto, taillephoto) VALUES (nextval('photo_numfichierphoto_seq'), 50, 'photo_47.jpg', '/media/photos/photo_47.jpg', 'jpg', 293);
INSERT INTO video (numfichiervideo, numresort, nomfichiervideo, cheminfichiervideo, dureevideo, formatvideo, resolutionvideo, taillevideo) VALUES (nextval('video_numfichiervideo_seq'), 50, 'video_22.mp4', '/media/videos/video_22.mp4', 140, 'mp4', '1080p', 16269);

INSERT INTO domaineskiable (numdomaine, numresort, nomdomaine, nomstation, altitudeclub, altitudestation, longueurpiste, nbpiste, skiaupied, descriptiondomaine) VALUES (nextval('domaineskiable_numdomaine_seq'), 1, 'Tignes Domaine', 'Tignes Station', 927.13, 1215.6599999999999, 182.1, 5, false, 'Domaine skiable de Tignes - pistes variées.');
INSERT INTO piste (numpiste, numdomaine, nompiste, typepiste) VALUES (nextval('piste_numpiste_seq'), 1, 'Tignes_piste_1', 'Bleue');
INSERT INTO piste (numpiste, numdomaine, nompiste, typepiste) VALUES (nextval('piste_numpiste_seq'), 1, 'Tignes_piste_2', 'Rouge');
INSERT INTO piste (numpiste, numdomaine, nompiste, typepiste) VALUES (nextval('piste_numpiste_seq'), 1, 'Tignes_piste_3', 'Bleue');
INSERT INTO piste (numpiste, numdomaine, nompiste, typepiste) VALUES (nextval('piste_numpiste_seq'), 1, 'Tignes_piste_4', 'Verte');
INSERT INTO domaineskiable (numdomaine, numresort, nomdomaine, nomstation, altitudeclub, altitudestation, longueurpiste, nbpiste, skiaupied, descriptiondomaine) VALUES (nextval('domaineskiable_numdomaine_seq'), 2, 'Val d''Isère Domaine', 'Val d''Isère Station', 1359.37, 1574.84, 22.67, 35, true, 'Domaine skiable de Val d''Isère - pistes variées.');
INSERT INTO piste (numpiste, numdomaine, nompiste, typepiste) VALUES (nextval('piste_numpiste_seq'), 2, 'Val d''Isère_piste_1', 'Verte');
INSERT INTO piste (numpiste, numdomaine, nompiste, typepiste) VALUES (nextval('piste_numpiste_seq'), 2, 'Val d''Isère_piste_2', 'Bleue');
INSERT INTO piste (numpiste, numdomaine, nompiste, typepiste) VALUES (nextval('piste_numpiste_seq'), 2, 'Val d''Isère_piste_3', 'Rouge');
INSERT INTO piste (numpiste, numdomaine, nompiste, typepiste) VALUES (nextval('piste_numpiste_seq'), 2, 'Val d''Isère_piste_4', 'Verte');
INSERT INTO piste (numpiste, numdomaine, nompiste, typepiste) VALUES (nextval('piste_numpiste_seq'), 2, 'Val d''Isère_piste_5', 'Bleue');
INSERT INTO domaineskiable (numdomaine, numresort, nomdomaine, nomstation, altitudeclub, altitudestation, longueurpiste, nbpiste, skiaupied, descriptiondomaine) VALUES (nextval('domaineskiable_numdomaine_seq'), 3, 'Val Thorens Domaine', 'Val Thorens Station', 1464.23, 1979.88, 154.22, 65, false, 'Domaine skiable de Val Thorens - pistes variées.');
INSERT INTO piste (numpiste, numdomaine, nompiste, typepiste) VALUES (nextval('piste_numpiste_seq'), 3, 'Val Thorens_piste_1', 'Verte');
INSERT INTO piste (numpiste, numdomaine, nompiste, typepiste) VALUES (nextval('piste_numpiste_seq'), 3, 'Val Thorens_piste_2', 'Noire');
INSERT INTO piste (numpiste, numdomaine, nompiste, typepiste) VALUES (nextval('piste_numpiste_seq'), 3, 'Val Thorens_piste_3', 'Bleue');
INSERT INTO piste (numpiste, numdomaine, nompiste, typepiste) VALUES (nextval('piste_numpiste_seq'), 3, 'Val Thorens_piste_4', 'Verte');
INSERT INTO piste (numpiste, numdomaine, nompiste, typepiste) VALUES (nextval('piste_numpiste_seq'), 3, 'Val Thorens_piste_5', 'Rouge');
INSERT INTO domaineskiable (numdomaine, numresort, nomdomaine, nomstation, altitudeclub, altitudestation, longueurpiste, nbpiste, skiaupied, descriptiondomaine) VALUES (nextval('domaineskiable_numdomaine_seq'), 11, 'Les Menuires Domaine', 'Les Menuires Station', 1095.46, 1873.88, 30.95, 66, false, 'Domaine skiable de Les Menuires - pistes variées.');
INSERT INTO piste (numpiste, numdomaine, nompiste, typepiste) VALUES (nextval('piste_numpiste_seq'), 4, 'Les Menuires_piste_1', 'Verte');
INSERT INTO piste (numpiste, numdomaine, nompiste, typepiste) VALUES (nextval('piste_numpiste_seq'), 4, 'Les Menuires_piste_2', 'Noire');
INSERT INTO piste (numpiste, numdomaine, nompiste, typepiste) VALUES (nextval('piste_numpiste_seq'), 4, 'Les Menuires_piste_3', 'Noire');
INSERT INTO piste (numpiste, numdomaine, nompiste, typepiste) VALUES (nextval('piste_numpiste_seq'), 4, 'Les Menuires_piste_4', 'Verte');
INSERT INTO piste (numpiste, numdomaine, nompiste, typepiste) VALUES (nextval('piste_numpiste_seq'), 4, 'Les Menuires_piste_5', 'Verte');
INSERT INTO piste (numpiste, numdomaine, nompiste, typepiste) VALUES (nextval('piste_numpiste_seq'), 4, 'Les Menuires_piste_6', 'Rouge');
INSERT INTO domaineskiable (numdomaine, numresort, nomdomaine, nomstation, altitudeclub, altitudestation, longueurpiste, nbpiste, skiaupied, descriptiondomaine) VALUES (nextval('domaineskiable_numdomaine_seq'), 12, 'Les 2 Alpes Domaine', 'Les 2 Alpes Station', 1290.79, 1530.2, 69.5, 79, true, 'Domaine skiable de Les 2 Alpes - pistes variées.');
INSERT INTO piste (numpiste, numdomaine, nompiste, typepiste) VALUES (nextval('piste_numpiste_seq'), 5, 'Les 2 Alpes_piste_1', 'Rouge');
INSERT INTO piste (numpiste, numdomaine, nompiste, typepiste) VALUES (nextval('piste_numpiste_seq'), 5, 'Les 2 Alpes_piste_2', 'Noire');
INSERT INTO piste (numpiste, numdomaine, nompiste, typepiste) VALUES (nextval('piste_numpiste_seq'), 5, 'Les 2 Alpes_piste_3', 'Rouge');
INSERT INTO piste (numpiste, numdomaine, nompiste, typepiste) VALUES (nextval('piste_numpiste_seq'), 5, 'Les 2 Alpes_piste_4', 'Noire');
INSERT INTO piste (numpiste, numdomaine, nompiste, typepiste) VALUES (nextval('piste_numpiste_seq'), 5, 'Les 2 Alpes_piste_5', 'Noire');
INSERT INTO piste (numpiste, numdomaine, nompiste, typepiste) VALUES (nextval('piste_numpiste_seq'), 5, 'Les 2 Alpes_piste_6', 'Verte');
INSERT INTO piste (numpiste, numdomaine, nompiste, typepiste) VALUES (nextval('piste_numpiste_seq'), 5, 'Les 2 Alpes_piste_7', 'Verte');
INSERT INTO piste (numpiste, numdomaine, nompiste, typepiste) VALUES (nextval('piste_numpiste_seq'), 5, 'Les 2 Alpes_piste_8', 'Bleue');
INSERT INTO domaineskiable (numdomaine, numresort, nomdomaine, nomstation, altitudeclub, altitudestation, longueurpiste, nbpiste, skiaupied, descriptiondomaine) VALUES (nextval('domaineskiable_numdomaine_seq'), 13, 'Avoriaz Domaine', 'Avoriaz Station', 1059.09, 1791.94, 94.49, 63, false, 'Domaine skiable de Avoriaz - pistes variées.');
INSERT INTO piste (numpiste, numdomaine, nompiste, typepiste) VALUES (nextval('piste_numpiste_seq'), 6, 'Avoriaz_piste_1', 'Verte');
INSERT INTO piste (numpiste, numdomaine, nompiste, typepiste) VALUES (nextval('piste_numpiste_seq'), 6, 'Avoriaz_piste_2', 'Rouge');
INSERT INTO piste (numpiste, numdomaine, nompiste, typepiste) VALUES (nextval('piste_numpiste_seq'), 6, 'Avoriaz_piste_3', 'Noire');
INSERT INTO piste (numpiste, numdomaine, nompiste, typepiste) VALUES (nextval('piste_numpiste_seq'), 6, 'Avoriaz_piste_4', 'Rouge');
INSERT INTO piste (numpiste, numdomaine, nompiste, typepiste) VALUES (nextval('piste_numpiste_seq'), 6, 'Avoriaz_piste_5', 'Rouge');
INSERT INTO piste (numpiste, numdomaine, nompiste, typepiste) VALUES (nextval('piste_numpiste_seq'), 6, 'Avoriaz_piste_6', 'Rouge');
INSERT INTO domaineskiable (numdomaine, numresort, nomdomaine, nomstation, altitudeclub, altitudestation, longueurpiste, nbpiste, skiaupied, descriptiondomaine) VALUES (nextval('domaineskiable_numdomaine_seq'), 21, 'Nice Domaine', 'Nice Station', 1739.67, 2351.76, 105.37, 16, true, 'Domaine skiable de Nice - pistes variées.');
INSERT INTO piste (numpiste, numdomaine, nompiste, typepiste) VALUES (nextval('piste_numpiste_seq'), 7, 'Nice_piste_1', 'Noire');
INSERT INTO piste (numpiste, numdomaine, nompiste, typepiste) VALUES (nextval('piste_numpiste_seq'), 7, 'Nice_piste_2', 'Verte');
INSERT INTO piste (numpiste, numdomaine, nompiste, typepiste) VALUES (nextval('piste_numpiste_seq'), 7, 'Nice_piste_3', 'Rouge');
INSERT INTO domaineskiable (numdomaine, numresort, nomdomaine, nomstation, altitudeclub, altitudestation, longueurpiste, nbpiste, skiaupied, descriptiondomaine) VALUES (nextval('domaineskiable_numdomaine_seq'), 22, 'Antibes Domaine', 'Antibes Station', 1555.3, 2089.12, 125.56, 76, true, 'Domaine skiable de Antibes - pistes variées.');
INSERT INTO piste (numpiste, numdomaine, nompiste, typepiste) VALUES (nextval('piste_numpiste_seq'), 8, 'Antibes_piste_1', 'Verte');
INSERT INTO piste (numpiste, numdomaine, nompiste, typepiste) VALUES (nextval('piste_numpiste_seq'), 8, 'Antibes_piste_2', 'Noire');
INSERT INTO piste (numpiste, numdomaine, nompiste, typepiste) VALUES (nextval('piste_numpiste_seq'), 8, 'Antibes_piste_3', 'Rouge');
INSERT INTO piste (numpiste, numdomaine, nompiste, typepiste) VALUES (nextval('piste_numpiste_seq'), 8, 'Antibes_piste_4', 'Noire');
INSERT INTO piste (numpiste, numdomaine, nompiste, typepiste) VALUES (nextval('piste_numpiste_seq'), 8, 'Antibes_piste_5', 'Verte');
INSERT INTO domaineskiable (numdomaine, numresort, nomdomaine, nomstation, altitudeclub, altitudestation, longueurpiste, nbpiste, skiaupied, descriptiondomaine) VALUES (nextval('domaineskiable_numdomaine_seq'), 23, 'Marrakech La Palmeraie Domaine', 'Marrakech La Palmeraie Station', 1758.92, 2319.17, 83.3, 78, true, 'Domaine skiable de Marrakech La Palmeraie - pistes variées.');
INSERT INTO piste (numpiste, numdomaine, nompiste, typepiste) VALUES (nextval('piste_numpiste_seq'), 9, 'Marrakech La Palmeraie_piste_1', 'Bleue');
INSERT INTO piste (numpiste, numdomaine, nompiste, typepiste) VALUES (nextval('piste_numpiste_seq'), 9, 'Marrakech La Palmeraie_piste_2', 'Noire');
INSERT INTO piste (numpiste, numdomaine, nompiste, typepiste) VALUES (nextval('piste_numpiste_seq'), 9, 'Marrakech La Palmeraie_piste_3', 'Bleue');
INSERT INTO piste (numpiste, numdomaine, nompiste, typepiste) VALUES (nextval('piste_numpiste_seq'), 9, 'Marrakech La Palmeraie_piste_4', 'Verte');
INSERT INTO domaineskiable (numdomaine, numresort, nomdomaine, nomstation, altitudeclub, altitudestation, longueurpiste, nbpiste, skiaupied, descriptiondomaine) VALUES (nextval('domaineskiable_numdomaine_seq'), 31, 'Istanbul Domaine', 'Istanbul Station', 955.15, 1488.9099999999999, 40.68, 40, true, 'Domaine skiable de Istanbul - pistes variées.');
INSERT INTO piste (numpiste, numdomaine, nompiste, typepiste) VALUES (nextval('piste_numpiste_seq'), 10, 'Istanbul_piste_1', 'Noire');
INSERT INTO piste (numpiste, numdomaine, nompiste, typepiste) VALUES (nextval('piste_numpiste_seq'), 10, 'Istanbul_piste_2', 'Verte');
INSERT INTO piste (numpiste, numdomaine, nompiste, typepiste) VALUES (nextval('piste_numpiste_seq'), 10, 'Istanbul_piste_3', 'Rouge');
INSERT INTO piste (numpiste, numdomaine, nompiste, typepiste) VALUES (nextval('piste_numpiste_seq'), 10, 'Istanbul_piste_4', 'Verte');
INSERT INTO domaineskiable (numdomaine, numresort, nomdomaine, nomstation, altitudeclub, altitudestation, longueurpiste, nbpiste, skiaupied, descriptiondomaine) VALUES (nextval('domaineskiable_numdomaine_seq'), 32, 'Bodrum Domaine', 'Bodrum Station', 734.54, 1356.1599999999999, 75.62, 48, false, 'Domaine skiable de Bodrum - pistes variées.');
INSERT INTO piste (numpiste, numdomaine, nompiste, typepiste) VALUES (nextval('piste_numpiste_seq'), 11, 'Bodrum_piste_1', 'Bleue');
INSERT INTO piste (numpiste, numdomaine, nompiste, typepiste) VALUES (nextval('piste_numpiste_seq'), 11, 'Bodrum_piste_2', 'Bleue');
INSERT INTO piste (numpiste, numdomaine, nompiste, typepiste) VALUES (nextval('piste_numpiste_seq'), 11, 'Bodrum_piste_3', 'Noire');
INSERT INTO domaineskiable (numdomaine, numresort, nomdomaine, nomstation, altitudeclub, altitudestation, longueurpiste, nbpiste, skiaupied, descriptiondomaine) VALUES (nextval('domaineskiable_numdomaine_seq'), 33, 'Dubai Jumeirah Domaine', 'Dubai Jumeirah Station', 590.46, 1235.04, 194.93, 16, true, 'Domaine skiable de Dubai Jumeirah - pistes variées.');
INSERT INTO piste (numpiste, numdomaine, nompiste, typepiste) VALUES (nextval('piste_numpiste_seq'), 12, 'Dubai Jumeirah_piste_1', 'Bleue');
INSERT INTO piste (numpiste, numdomaine, nompiste, typepiste) VALUES (nextval('piste_numpiste_seq'), 12, 'Dubai Jumeirah_piste_2', 'Noire');
INSERT INTO piste (numpiste, numdomaine, nompiste, typepiste) VALUES (nextval('piste_numpiste_seq'), 12, 'Dubai Jumeirah_piste_3', 'Noire');
INSERT INTO piste (numpiste, numdomaine, nompiste, typepiste) VALUES (nextval('piste_numpiste_seq'), 12, 'Dubai Jumeirah_piste_4', 'Noire');
INSERT INTO piste (numpiste, numdomaine, nompiste, typepiste) VALUES (nextval('piste_numpiste_seq'), 12, 'Dubai Jumeirah_piste_5', 'Rouge');
INSERT INTO piste (numpiste, numdomaine, nompiste, typepiste) VALUES (nextval('piste_numpiste_seq'), 12, 'Dubai Jumeirah_piste_6', 'Bleue');
INSERT INTO piste (numpiste, numdomaine, nompiste, typepiste) VALUES (nextval('piste_numpiste_seq'), 12, 'Dubai Jumeirah_piste_7', 'Rouge');
INSERT INTO domaineskiable (numdomaine, numresort, nomdomaine, nomstation, altitudeclub, altitudestation, longueurpiste, nbpiste, skiaupied, descriptiondomaine) VALUES (nextval('domaineskiable_numdomaine_seq'), 41, 'Fuerteventura Domaine', 'Fuerteventura Station', 905.13, 1299.76, 189.45, 15, true, 'Domaine skiable de Fuerteventura - pistes variées.');
INSERT INTO piste (numpiste, numdomaine, nompiste, typepiste) VALUES (nextval('piste_numpiste_seq'), 13, 'Fuerteventura_piste_1', 'Bleue');
INSERT INTO piste (numpiste, numdomaine, nompiste, typepiste) VALUES (nextval('piste_numpiste_seq'), 13, 'Fuerteventura_piste_2', 'Verte');
INSERT INTO piste (numpiste, numdomaine, nompiste, typepiste) VALUES (nextval('piste_numpiste_seq'), 13, 'Fuerteventura_piste_3', 'Verte');
INSERT INTO piste (numpiste, numdomaine, nompiste, typepiste) VALUES (nextval('piste_numpiste_seq'), 13, 'Fuerteventura_piste_4', 'Rouge');
INSERT INTO domaineskiable (numdomaine, numresort, nomdomaine, nomstation, altitudeclub, altitudestation, longueurpiste, nbpiste, skiaupied, descriptiondomaine) VALUES (nextval('domaineskiable_numdomaine_seq'), 42, 'Barbados Domaine', 'Barbados Station', 1076.05, 1530.46, 129.27, 58, false, 'Domaine skiable de Barbados - pistes variées.');
INSERT INTO piste (numpiste, numdomaine, nompiste, typepiste) VALUES (nextval('piste_numpiste_seq'), 14, 'Barbados_piste_1', 'Verte');
INSERT INTO piste (numpiste, numdomaine, nompiste, typepiste) VALUES (nextval('piste_numpiste_seq'), 14, 'Barbados_piste_2', 'Rouge');
INSERT INTO piste (numpiste, numdomaine, nompiste, typepiste) VALUES (nextval('piste_numpiste_seq'), 14, 'Barbados_piste_3', 'Noire');
INSERT INTO piste (numpiste, numdomaine, nompiste, typepiste) VALUES (nextval('piste_numpiste_seq'), 14, 'Barbados_piste_4', 'Verte');
INSERT INTO domaineskiable (numdomaine, numresort, nomdomaine, nomstation, altitudeclub, altitudestation, longueurpiste, nbpiste, skiaupied, descriptiondomaine) VALUES (nextval('domaineskiable_numdomaine_seq'), 43, 'Punta del Este Domaine', 'Punta del Este Station', 868.22, 1475.31, 107.59, 44, true, 'Domaine skiable de Punta del Este - pistes variées.');
INSERT INTO piste (numpiste, numdomaine, nompiste, typepiste) VALUES (nextval('piste_numpiste_seq'), 15, 'Punta del Este_piste_1', 'Noire');
INSERT INTO piste (numpiste, numdomaine, nompiste, typepiste) VALUES (nextval('piste_numpiste_seq'), 15, 'Punta del Este_piste_2', 'Verte');
INSERT INTO piste (numpiste, numdomaine, nompiste, typepiste) VALUES (nextval('piste_numpiste_seq'), 15, 'Punta del Este_piste_3', 'Verte');
INSERT INTO piste (numpiste, numdomaine, nompiste, typepiste) VALUES (nextval('piste_numpiste_seq'), 15, 'Punta del Este_piste_4', 'Bleue');

INSERT INTO restaurant (numrestaurant, numresort, nomrestaurant, typerestaurant, descriptionrestaurant) VALUES (nextval('restaurant_numrestaurant_seq'), 1, 'Restaurant Tignes', 'Buffet', 'Restaurant Restaurant Tignes - Buffet.');
INSERT INTO restaurant (numrestaurant, numresort, nomrestaurant, typerestaurant, descriptionrestaurant) VALUES (nextval('restaurant_numrestaurant_seq'), 4, 'Restaurant La Plagne', 'Buffet', 'Restaurant Restaurant La Plagne - Buffet.');
INSERT INTO restaurant (numrestaurant, numresort, nomrestaurant, typerestaurant, descriptionrestaurant) VALUES (nextval('restaurant_numrestaurant_seq'), 5, 'Restaurant Méribel', 'Thématique', 'Restaurant Restaurant Méribel - Thématique.');
INSERT INTO restaurant (numrestaurant, numresort, nomrestaurant, typerestaurant, descriptionrestaurant) VALUES (nextval('restaurant_numrestaurant_seq'), 6, 'Restaurant Courchevel', 'Buffet', 'Restaurant Restaurant Courchevel - Buffet.');
INSERT INTO restaurant (numrestaurant, numresort, nomrestaurant, typerestaurant, descriptionrestaurant) VALUES (nextval('restaurant_numrestaurant_seq'), 7, 'Restaurant Chamonix', 'Thématique', 'Restaurant Restaurant Chamonix - Thématique.');
INSERT INTO restaurant (numrestaurant, numresort, nomrestaurant, typerestaurant, descriptionrestaurant) VALUES (nextval('restaurant_numrestaurant_seq'), 8, 'Restaurant Les Arcs', 'Thématique', 'Restaurant Restaurant Les Arcs - Thématique.');
INSERT INTO restaurant (numrestaurant, numresort, nomrestaurant, typerestaurant, descriptionrestaurant) VALUES (nextval('restaurant_numrestaurant_seq'), 11, 'Restaurant Les Menuires', 'Thématique', 'Restaurant Restaurant Les Menuires - Thématique.');
INSERT INTO restaurant (numrestaurant, numresort, nomrestaurant, typerestaurant, descriptionrestaurant) VALUES (nextval('restaurant_numrestaurant_seq'), 12, 'Restaurant Les 2 Alpes', 'Buffet', 'Restaurant Restaurant Les 2 Alpes - Buffet.');
INSERT INTO restaurant (numrestaurant, numresort, nomrestaurant, typerestaurant, descriptionrestaurant) VALUES (nextval('restaurant_numrestaurant_seq'), 13, 'Restaurant Avoriaz', 'Buffet', 'Restaurant Restaurant Avoriaz - Buffet.');
INSERT INTO restaurant (numrestaurant, numresort, nomrestaurant, typerestaurant, descriptionrestaurant) VALUES (nextval('restaurant_numrestaurant_seq'), 15, 'Restaurant Pra-Loup', 'Thématique', 'Restaurant Restaurant Pra-Loup - Thématique.');
INSERT INTO restaurant (numrestaurant, numresort, nomrestaurant, typerestaurant, descriptionrestaurant) VALUES (nextval('restaurant_numrestaurant_seq'), 16, 'Restaurant Alpe d''Huez', 'Thématique', 'Restaurant Restaurant Alpe d''Huez - Thématique.');
INSERT INTO restaurant (numrestaurant, numresort, nomrestaurant, typerestaurant, descriptionrestaurant) VALUES (nextval('restaurant_numrestaurant_seq'), 17, 'Restaurant Les Deux Alpes', 'Buffet', 'Restaurant Restaurant Les Deux Alpes - Buffet.');
INSERT INTO restaurant (numrestaurant, numresort, nomrestaurant, typerestaurant, descriptionrestaurant) VALUES (nextval('restaurant_numrestaurant_seq'), 18, 'Restaurant Megève', 'Gastro', 'Restaurant Restaurant Megève - Gastro.');
INSERT INTO restaurant (numrestaurant, numresort, nomrestaurant, typerestaurant, descriptionrestaurant) VALUES (nextval('restaurant_numrestaurant_seq'), 19, 'Restaurant Saint Tropez', 'Thématique', 'Restaurant Restaurant Saint Tropez - Thématique.');
INSERT INTO restaurant (numrestaurant, numresort, nomrestaurant, typerestaurant, descriptionrestaurant) VALUES (nextval('restaurant_numrestaurant_seq'), 20, 'Restaurant Cannes', 'Thématique', 'Restaurant Restaurant Cannes - Thématique.');
INSERT INTO restaurant (numrestaurant, numresort, nomrestaurant, typerestaurant, descriptionrestaurant) VALUES (nextval('restaurant_numrestaurant_seq'), 22, 'Restaurant Antibes', 'Buffet', 'Restaurant Restaurant Antibes - Buffet.');
INSERT INTO restaurant (numrestaurant, numresort, nomrestaurant, typerestaurant, descriptionrestaurant) VALUES (nextval('restaurant_numrestaurant_seq'), 23, 'Restaurant Marrakech La Palmeraie', 'Thématique', 'Restaurant Restaurant Marrakech La Palmeraie - Thématique.');
INSERT INTO restaurant (numrestaurant, numresort, nomrestaurant, typerestaurant, descriptionrestaurant) VALUES (nextval('restaurant_numrestaurant_seq'), 24, 'Restaurant Agadir', 'Buffet', 'Restaurant Restaurant Agadir - Buffet.');
INSERT INTO restaurant (numrestaurant, numresort, nomrestaurant, typerestaurant, descriptionrestaurant) VALUES (nextval('restaurant_numrestaurant_seq'), 25, 'Restaurant Saly Senegal', 'Gastro', 'Restaurant Restaurant Saly Senegal - Gastro.');
INSERT INTO restaurant (numrestaurant, numresort, nomrestaurant, typerestaurant, descriptionrestaurant) VALUES (nextval('restaurant_numrestaurant_seq'), 27, 'Restaurant Punta Cana', 'Buffet', 'Restaurant Restaurant Punta Cana - Buffet.');
INSERT INTO restaurant (numrestaurant, numresort, nomrestaurant, typerestaurant, descriptionrestaurant) VALUES (nextval('restaurant_numrestaurant_seq'), 28, 'Restaurant Bali', 'Thématique', 'Restaurant Restaurant Bali - Thématique.');
INSERT INTO restaurant (numrestaurant, numresort, nomrestaurant, typerestaurant, descriptionrestaurant) VALUES (nextval('restaurant_numrestaurant_seq'), 29, 'Restaurant Phuket', 'Thématique', 'Restaurant Restaurant Phuket - Thématique.');
INSERT INTO restaurant (numrestaurant, numresort, nomrestaurant, typerestaurant, descriptionrestaurant) VALUES (nextval('restaurant_numrestaurant_seq'), 30, 'Restaurant Hua Hin', 'Gastro', 'Restaurant Restaurant Hua Hin - Gastro.');
INSERT INTO restaurant (numrestaurant, numresort, nomrestaurant, typerestaurant, descriptionrestaurant) VALUES (nextval('restaurant_numrestaurant_seq'), 31, 'Restaurant Istanbul', 'Thématique', 'Restaurant Restaurant Istanbul - Thématique.');
INSERT INTO restaurant (numrestaurant, numresort, nomrestaurant, typerestaurant, descriptionrestaurant) VALUES (nextval('restaurant_numrestaurant_seq'), 33, 'Restaurant Dubai Jumeirah', 'Buffet', 'Restaurant Restaurant Dubai Jumeirah - Buffet.');
INSERT INTO restaurant (numrestaurant, numresort, nomrestaurant, typerestaurant, descriptionrestaurant) VALUES (nextval('restaurant_numrestaurant_seq'), 34, 'Restaurant Muscat', 'Buffet', 'Restaurant Restaurant Muscat - Buffet.');
INSERT INTO restaurant (numrestaurant, numresort, nomrestaurant, typerestaurant, descriptionrestaurant) VALUES (nextval('restaurant_numrestaurant_seq'), 35, 'Restaurant Belek', 'Thématique', 'Restaurant Restaurant Belek - Thématique.');
INSERT INTO restaurant (numrestaurant, numresort, nomrestaurant, typerestaurant, descriptionrestaurant) VALUES (nextval('restaurant_numrestaurant_seq'), 36, 'Restaurant Bodrum Blue', 'Thématique', 'Restaurant Restaurant Bodrum Blue - Thématique.');
INSERT INTO restaurant (numrestaurant, numresort, nomrestaurant, typerestaurant, descriptionrestaurant) VALUES (nextval('restaurant_numrestaurant_seq'), 37, 'Restaurant Kemer', 'Thématique', 'Restaurant Restaurant Kemer - Thématique.');
INSERT INTO restaurant (numrestaurant, numresort, nomrestaurant, typerestaurant, descriptionrestaurant) VALUES (nextval('restaurant_numrestaurant_seq'), 39, 'Restaurant Essaouira', 'Thématique', 'Restaurant Restaurant Essaouira - Thématique.');
INSERT INTO restaurant (numrestaurant, numresort, nomrestaurant, typerestaurant, descriptionrestaurant) VALUES (nextval('restaurant_numrestaurant_seq'), 40, 'Restaurant Madeira', 'Thématique', 'Restaurant Restaurant Madeira - Thématique.');
INSERT INTO restaurant (numrestaurant, numresort, nomrestaurant, typerestaurant, descriptionrestaurant) VALUES (nextval('restaurant_numrestaurant_seq'), 41, 'Restaurant Fuerteventura', 'Thématique', 'Restaurant Restaurant Fuerteventura - Thématique.');
INSERT INTO restaurant (numrestaurant, numresort, nomrestaurant, typerestaurant, descriptionrestaurant) VALUES (nextval('restaurant_numrestaurant_seq'), 42, 'Restaurant Barbados', 'Gastro', 'Restaurant Restaurant Barbados - Gastro.');
INSERT INTO restaurant (numrestaurant, numresort, nomrestaurant, typerestaurant, descriptionrestaurant) VALUES (nextval('restaurant_numrestaurant_seq'), 43, 'Restaurant Punta del Este', 'Gastro', 'Restaurant Restaurant Punta del Este - Gastro.');
INSERT INTO restaurant (numrestaurant, numresort, nomrestaurant, typerestaurant, descriptionrestaurant) VALUES (nextval('restaurant_numrestaurant_seq'), 44, 'Restaurant Rio de Janeiro', 'Gastro', 'Restaurant Restaurant Rio de Janeiro - Gastro.');
INSERT INTO restaurant (numrestaurant, numresort, nomrestaurant, typerestaurant, descriptionrestaurant) VALUES (nextval('restaurant_numrestaurant_seq'), 45, 'Restaurant Cartagena', 'Gastro', 'Restaurant Restaurant Cartagena - Gastro.');
INSERT INTO restaurant (numrestaurant, numresort, nomrestaurant, typerestaurant, descriptionrestaurant) VALUES (nextval('restaurant_numrestaurant_seq'), 46, 'Restaurant Los Cabos', 'Gastro', 'Restaurant Restaurant Los Cabos - Gastro.');
INSERT INTO restaurant (numrestaurant, numresort, nomrestaurant, typerestaurant, descriptionrestaurant) VALUES (nextval('restaurant_numrestaurant_seq'), 47, 'Restaurant La Romana', 'Buffet', 'Restaurant Restaurant La Romana - Buffet.');
INSERT INTO restaurant (numrestaurant, numresort, nomrestaurant, typerestaurant, descriptionrestaurant) VALUES (nextval('restaurant_numrestaurant_seq'), 48, 'Restaurant Ko Samui', 'Gastro', 'Restaurant Restaurant Ko Samui - Gastro.');
INSERT INTO restaurant (numrestaurant, numresort, nomrestaurant, typerestaurant, descriptionrestaurant) VALUES (nextval('restaurant_numrestaurant_seq'), 49, 'Restaurant Phangan', 'Buffet', 'Restaurant Restaurant Phangan - Buffet.');
INSERT INTO restaurant (numrestaurant, numresort, nomrestaurant, typerestaurant, descriptionrestaurant) VALUES (nextval('restaurant_numrestaurant_seq'), 50, 'Restaurant Zanzibar', 'Thématique', 'Restaurant Restaurant Zanzibar - Thématique.');

INSERT INTO appartenir (numregroupement, numresort) VALUES (4, 1);
INSERT INTO appartenir (numregroupement, numresort) VALUES (5, 2);
INSERT INTO appartenir (numregroupement, numresort) VALUES (1, 2);
INSERT INTO appartenir (numregroupement, numresort) VALUES (5, 3);
INSERT INTO appartenir (numregroupement, numresort) VALUES (2, 4);
INSERT INTO appartenir (numregroupement, numresort) VALUES (3, 4);
INSERT INTO appartenir (numregroupement, numresort) VALUES (4, 5);
INSERT INTO appartenir (numregroupement, numresort) VALUES (2, 5);
INSERT INTO appartenir (numregroupement, numresort) VALUES (1, 7);
INSERT INTO appartenir (numregroupement, numresort) VALUES (1, 8);
INSERT INTO appartenir (numregroupement, numresort) VALUES (2, 9);
INSERT INTO appartenir (numregroupement, numresort) VALUES (1, 9);
INSERT INTO appartenir (numregroupement, numresort) VALUES (4, 11);
INSERT INTO appartenir (numregroupement, numresort) VALUES (5, 11);
INSERT INTO appartenir (numregroupement, numresort) VALUES (5, 12);
INSERT INTO appartenir (numregroupement, numresort) VALUES (2, 12);
INSERT INTO appartenir (numregroupement, numresort) VALUES (3, 13);
INSERT INTO appartenir (numregroupement, numresort) VALUES (4, 14);
INSERT INTO appartenir (numregroupement, numresort) VALUES (3, 15);
INSERT INTO appartenir (numregroupement, numresort) VALUES (5, 16);
INSERT INTO appartenir (numregroupement, numresort) VALUES (1, 16);
INSERT INTO appartenir (numregroupement, numresort) VALUES (3, 17);
INSERT INTO appartenir (numregroupement, numresort) VALUES (1, 17);
INSERT INTO appartenir (numregroupement, numresort) VALUES (1, 18);
INSERT INTO appartenir (numregroupement, numresort) VALUES (4, 19);
INSERT INTO appartenir (numregroupement, numresort) VALUES (3, 19);
INSERT INTO appartenir (numregroupement, numresort) VALUES (5, 20);
INSERT INTO appartenir (numregroupement, numresort) VALUES (1, 22);
INSERT INTO appartenir (numregroupement, numresort) VALUES (2, 23);
INSERT INTO appartenir (numregroupement, numresort) VALUES (3, 23);
INSERT INTO appartenir (numregroupement, numresort) VALUES (4, 24);
INSERT INTO appartenir (numregroupement, numresort) VALUES (1, 26);
INSERT INTO appartenir (numregroupement, numresort) VALUES (3, 26);
INSERT INTO appartenir (numregroupement, numresort) VALUES (4, 27);
INSERT INTO appartenir (numregroupement, numresort) VALUES (3, 27);
INSERT INTO appartenir (numregroupement, numresort) VALUES (5, 29);
INSERT INTO appartenir (numregroupement, numresort) VALUES (1, 29);
INSERT INTO appartenir (numregroupement, numresort) VALUES (4, 30);
INSERT INTO appartenir (numregroupement, numresort) VALUES (3, 30);
INSERT INTO appartenir (numregroupement, numresort) VALUES (3, 32);
INSERT INTO appartenir (numregroupement, numresort) VALUES (4, 35);
INSERT INTO appartenir (numregroupement, numresort) VALUES (1, 41);
INSERT INTO appartenir (numregroupement, numresort) VALUES (5, 42);
INSERT INTO appartenir (numregroupement, numresort) VALUES (1, 42);
INSERT INTO appartenir (numregroupement, numresort) VALUES (3, 43);
INSERT INTO appartenir (numregroupement, numresort) VALUES (2, 43);
INSERT INTO appartenir (numregroupement, numresort) VALUES (4, 44);
INSERT INTO appartenir (numregroupement, numresort) VALUES (2, 44);
INSERT INTO appartenir (numregroupement, numresort) VALUES (5, 47);
INSERT INTO appartenir (numregroupement, numresort) VALUES (2, 47);
INSERT INTO appartenir (numregroupement, numresort) VALUES (4, 48);
INSERT INTO appartenir (numregroupement, numresort) VALUES (1, 48);
INSERT INTO appartenir (numregroupement, numresort) VALUES (3, 49);
INSERT INTO appartenir (numregroupement, numresort) VALUES (2, 50);
INSERT INTO appartenir (numregroupement, numresort) VALUES (4, 50);

INSERT INTO regrouper (codepays, numlocalisation) VALUES ('TH', 1);
INSERT INTO regrouper (codepays, numlocalisation) VALUES ('MA', 1);
INSERT INTO regrouper (codepays, numlocalisation) VALUES ('TR', 2);
INSERT INTO regrouper (codepays, numlocalisation) VALUES ('GR', 2);
INSERT INTO regrouper (codepays, numlocalisation) VALUES ('AE', 3);
INSERT INTO regrouper (codepays, numlocalisation) VALUES ('GR', 3);
INSERT INTO regrouper (codepays, numlocalisation) VALUES ('MA', 4);
INSERT INTO regrouper (codepays, numlocalisation) VALUES ('TR', 4);
INSERT INTO regrouper (codepays, numlocalisation) VALUES ('GR', 5);
INSERT INTO regrouper (codepays, numlocalisation) VALUES ('ES', 5);
INSERT INTO regrouper (codepays, numlocalisation) VALUES ('TH', 6);
INSERT INTO regrouper (codepays, numlocalisation) VALUES ('TR', 6);
INSERT INTO regrouper (codepays, numlocalisation) VALUES ('TR', 7);
INSERT INTO regrouper (codepays, numlocalisation) VALUES ('MA', 7);
INSERT INTO regrouper (codepays, numlocalisation) VALUES ('MX', 8);
INSERT INTO regrouper (codepays, numlocalisation) VALUES ('AE', 8);
INSERT INTO regrouper (codepays, numlocalisation) VALUES ('AE', 9);
INSERT INTO regrouper (codepays, numlocalisation) VALUES ('MX', 9);
INSERT INTO regrouper (codepays, numlocalisation) VALUES ('CH', 10);
INSERT INTO regrouper (codepays, numlocalisation) VALUES ('GR', 10);

INSERT INTO typeclub (numtypeclub, nomtypeclub) VALUES (nextval('typeclub_numtypeclub_seq'), 'Ski');
INSERT INTO classer (numtypeclub, numresort) VALUES (1, 39);
INSERT INTO classer (numtypeclub, numresort) VALUES (1, 9);
INSERT INTO classer (numtypeclub, numresort) VALUES (1, 17);
INSERT INTO classer (numtypeclub, numresort) VALUES (1, 4);
INSERT INTO classer (numtypeclub, numresort) VALUES (1, 42);
INSERT INTO classer (numtypeclub, numresort) VALUES (1, 31);
INSERT INTO classer (numtypeclub, numresort) VALUES (1, 24);
INSERT INTO classer (numtypeclub, numresort) VALUES (1, 36);
INSERT INTO typeclub (numtypeclub, nomtypeclub) VALUES (nextval('typeclub_numtypeclub_seq'), 'Family');
INSERT INTO classer (numtypeclub, numresort) VALUES (2, 7);
INSERT INTO classer (numtypeclub, numresort) VALUES (2, 46);
INSERT INTO classer (numtypeclub, numresort) VALUES (2, 34);
INSERT INTO classer (numtypeclub, numresort) VALUES (2, 8);
INSERT INTO classer (numtypeclub, numresort) VALUES (2, 19);
INSERT INTO classer (numtypeclub, numresort) VALUES (2, 6);
INSERT INTO classer (numtypeclub, numresort) VALUES (2, 11);
INSERT INTO classer (numtypeclub, numresort) VALUES (2, 18);
INSERT INTO typeclub (numtypeclub, nomtypeclub) VALUES (nextval('typeclub_numtypeclub_seq'), 'Beach');
INSERT INTO classer (numtypeclub, numresort) VALUES (3, 29);
INSERT INTO classer (numtypeclub, numresort) VALUES (3, 33);
INSERT INTO classer (numtypeclub, numresort) VALUES (3, 10);
INSERT INTO classer (numtypeclub, numresort) VALUES (3, 28);
INSERT INTO classer (numtypeclub, numresort) VALUES (3, 6);
INSERT INTO classer (numtypeclub, numresort) VALUES (3, 15);
INSERT INTO classer (numtypeclub, numresort) VALUES (3, 50);
INSERT INTO classer (numtypeclub, numresort) VALUES (3, 23);
INSERT INTO typeclub (numtypeclub, nomtypeclub) VALUES (nextval('typeclub_numtypeclub_seq'), 'All Inclusive');
INSERT INTO classer (numtypeclub, numresort) VALUES (4, 2);
INSERT INTO classer (numtypeclub, numresort) VALUES (4, 27);
INSERT INTO classer (numtypeclub, numresort) VALUES (4, 4);
INSERT INTO classer (numtypeclub, numresort) VALUES (4, 26);
INSERT INTO classer (numtypeclub, numresort) VALUES (4, 33);
INSERT INTO classer (numtypeclub, numresort) VALUES (4, 24);
INSERT INTO classer (numtypeclub, numresort) VALUES (4, 16);
INSERT INTO classer (numtypeclub, numresort) VALUES (4, 25);
INSERT INTO typeclub (numtypeclub, nomtypeclub) VALUES (nextval('typeclub_numtypeclub_seq'), 'Wellness');
INSERT INTO classer (numtypeclub, numresort) VALUES (5, 6);
INSERT INTO classer (numtypeclub, numresort) VALUES (5, 24);
INSERT INTO classer (numtypeclub, numresort) VALUES (5, 15);
INSERT INTO classer (numtypeclub, numresort) VALUES (5, 2);
INSERT INTO classer (numtypeclub, numresort) VALUES (5, 21);
INSERT INTO classer (numtypeclub, numresort) VALUES (5, 7);
INSERT INTO classer (numtypeclub, numresort) VALUES (5, 42);
INSERT INTO classer (numtypeclub, numresort) VALUES (5, 22);

INSERT INTO typechambre (numtype, nomtype, surface, capacitemax, textepresentation, prixdebase) VALUES (nextval('typechambre_numtype_seq'), 'Deluxe', 40.0, 4, 'Chambre Deluxe confortable', 150.0);
INSERT INTO typechambre (numtype, nomtype, surface, capacitemax, textepresentation, prixdebase) VALUES (nextval('typechambre_numtype_seq'), 'Suite', 65.0, 4, 'Suite spacieuse', 300.0);
INSERT INTO typechambre (numtype, nomtype, surface, capacitemax, textepresentation, prixdebase) VALUES (nextval('typechambre_numtype_seq'), 'Standard', 20.0, 2, 'Chambre standard', 90.0);
INSERT INTO typechambre (numtype, nomtype, surface, capacitemax, textepresentation, prixdebase) VALUES (nextval('typechambre_numtype_seq'), 'Familiale', 48.0, 5, 'Chambre familiale', 180.0);
INSERT INTO typechambre (numtype, nomtype, surface, capacitemax, textepresentation, prixdebase) VALUES (nextval('typechambre_numtype_seq'), 'Premium', 55.0, 3, 'Chambre premium', 220.0);
INSERT INTO chambre (idchambre, numtype, numchambre, etat) VALUES (nextval('chambre_idchambre_seq'), 2, 1, 'Occupée');
INSERT INTO proposer (numtype, numresort) VALUES (2, 1) ON CONFLICT DO NOTHING;
INSERT INTO chambre (idchambre, numtype, numchambre, etat) VALUES (nextval('chambre_idchambre_seq'), 2, 2, 'Maintenance');
INSERT INTO proposer (numtype, numresort) VALUES (2, 1) ON CONFLICT DO NOTHING;
INSERT INTO chambre (idchambre, numtype, numchambre, etat) VALUES (nextval('chambre_idchambre_seq'), 2, 3, 'Disponible');
INSERT INTO proposer (numtype, numresort) VALUES (2, 1) ON CONFLICT DO NOTHING;
INSERT INTO chambre (idchambre, numtype, numchambre, etat) VALUES (nextval('chambre_idchambre_seq'), 2, 4, 'Maintenance');
INSERT INTO proposer (numtype, numresort) VALUES (2, 1) ON CONFLICT DO NOTHING;
INSERT INTO chambre (idchambre, numtype, numchambre, etat) VALUES (nextval('chambre_idchambre_seq'), 2, 5, 'Occupée');
INSERT INTO proposer (numtype, numresort) VALUES (2, 1) ON CONFLICT DO NOTHING;
INSERT INTO chambre (idchambre, numtype, numchambre, etat) VALUES (nextval('chambre_idchambre_seq'), 2, 6, 'Occupée');
INSERT INTO proposer (numtype, numresort) VALUES (2, 1) ON CONFLICT DO NOTHING;
INSERT INTO chambre (idchambre, numtype, numchambre, etat) VALUES (nextval('chambre_idchambre_seq'), 2, 7, 'Maintenance');
INSERT INTO proposer (numtype, numresort) VALUES (2, 1) ON CONFLICT DO NOTHING;
INSERT INTO chambre (idchambre, numtype, numchambre, etat) VALUES (nextval('chambre_idchambre_seq'), 2, 8, 'Disponible');
INSERT INTO proposer (numtype, numresort) VALUES (2, 1) ON CONFLICT DO NOTHING;
INSERT INTO chambre (idchambre, numtype, numchambre, etat) VALUES (nextval('chambre_idchambre_seq'), 2, 9, 'Disponible');
INSERT INTO proposer (numtype, numresort) VALUES (2, 1) ON CONFLICT DO NOTHING;
INSERT INTO chambre (idchambre, numtype, numchambre, etat) VALUES (nextval('chambre_idchambre_seq'), 2, 10, 'Disponible');
INSERT INTO proposer (numtype, numresort) VALUES (2, 1) ON CONFLICT DO NOTHING;
INSERT INTO chambre (idchambre, numtype, numchambre, etat) VALUES (nextval('chambre_idchambre_seq'), 2, 11, 'Occupée');
INSERT INTO proposer (numtype, numresort) VALUES (2, 1) ON CONFLICT DO NOTHING;
INSERT INTO chambre (idchambre, numtype, numchambre, etat) VALUES (nextval('chambre_idchambre_seq'), 2, 12, 'Disponible');
INSERT INTO proposer (numtype, numresort) VALUES (2, 1) ON CONFLICT DO NOTHING;
INSERT INTO chambre (idchambre, numtype, numchambre, etat) VALUES (nextval('chambre_idchambre_seq'), 2, 13, 'Disponible');
INSERT INTO proposer (numtype, numresort) VALUES (2, 1) ON CONFLICT DO NOTHING;
INSERT INTO chambre (idchambre, numtype, numchambre, etat) VALUES (nextval('chambre_idchambre_seq'), 2, 14, 'Maintenance');
INSERT INTO proposer (numtype, numresort) VALUES (2, 1) ON CONFLICT DO NOTHING;
INSERT INTO chambre (idchambre, numtype, numchambre, etat) VALUES (nextval('chambre_idchambre_seq'), 1, 1, 'Disponible');
INSERT INTO proposer (numtype, numresort) VALUES (1, 1) ON CONFLICT DO NOTHING;
INSERT INTO chambre (idchambre, numtype, numchambre, etat) VALUES (nextval('chambre_idchambre_seq'), 1, 2, 'Occupée');
INSERT INTO proposer (numtype, numresort) VALUES (1, 1) ON CONFLICT DO NOTHING;
INSERT INTO chambre (idchambre, numtype, numchambre, etat) VALUES (nextval('chambre_idchambre_seq'), 1, 3, 'Disponible');
INSERT INTO proposer (numtype, numresort) VALUES (1, 1) ON CONFLICT DO NOTHING;
INSERT INTO chambre (idchambre, numtype, numchambre, etat) VALUES (nextval('chambre_idchambre_seq'), 1, 4, 'Occupée');
INSERT INTO proposer (numtype, numresort) VALUES (1, 1) ON CONFLICT DO NOTHING;
INSERT INTO chambre (idchambre, numtype, numchambre, etat) VALUES (nextval('chambre_idchambre_seq'), 1, 5, 'Disponible');
INSERT INTO proposer (numtype, numresort) VALUES (1, 1) ON CONFLICT DO NOTHING;
INSERT INTO chambre (idchambre, numtype, numchambre, etat) VALUES (nextval('chambre_idchambre_seq'), 1, 6, 'Disponible');
INSERT INTO proposer (numtype, numresort) VALUES (1, 1) ON CONFLICT DO NOTHING;
INSERT INTO chambre (idchambre, numtype, numchambre, etat) VALUES (nextval('chambre_idchambre_seq'), 1, 7, 'Disponible');
INSERT INTO proposer (numtype, numresort) VALUES (1, 1) ON CONFLICT DO NOTHING;
INSERT INTO chambre (idchambre, numtype, numchambre, etat) VALUES (nextval('chambre_idchambre_seq'), 1, 8, 'Occupée');
INSERT INTO proposer (numtype, numresort) VALUES (1, 1) ON CONFLICT DO NOTHING;
INSERT INTO chambre (idchambre, numtype, numchambre, etat) VALUES (nextval('chambre_idchambre_seq'), 1, 9, 'Maintenance');
INSERT INTO proposer (numtype, numresort) VALUES (1, 1) ON CONFLICT DO NOTHING;
INSERT INTO chambre (idchambre, numtype, numchambre, etat) VALUES (nextval('chambre_idchambre_seq'), 1, 10, 'Maintenance');
INSERT INTO proposer (numtype, numresort) VALUES (1, 1) ON CONFLICT DO NOTHING;
INSERT INTO chambre (idchambre, numtype, numchambre, etat) VALUES (nextval('chambre_idchambre_seq'), 1, 11, 'Occupée');
INSERT INTO proposer (numtype, numresort) VALUES (1, 1) ON CONFLICT DO NOTHING;
INSERT INTO chambre (idchambre, numtype, numchambre, etat) VALUES (nextval('chambre_idchambre_seq'), 1, 12, 'Disponible');
INSERT INTO proposer (numtype, numresort) VALUES (1, 1) ON CONFLICT DO NOTHING;
INSERT INTO chambre (idchambre, numtype, numchambre, etat) VALUES (nextval('chambre_idchambre_seq'), 1, 13, 'Disponible');
INSERT INTO proposer (numtype, numresort) VALUES (1, 1) ON CONFLICT DO NOTHING;
INSERT INTO chambre (idchambre, numtype, numchambre, etat) VALUES (nextval('chambre_idchambre_seq'), 1, 14, 'Occupée');
INSERT INTO proposer (numtype, numresort) VALUES (1, 1) ON CONFLICT DO NOTHING;
INSERT INTO chambre (idchambre, numtype, numchambre, etat) VALUES (nextval('chambre_idchambre_seq'), 1, 15, 'Maintenance');
INSERT INTO proposer (numtype, numresort) VALUES (1, 1) ON CONFLICT DO NOTHING;
INSERT INTO chambre (idchambre, numtype, numchambre, etat) VALUES (nextval('chambre_idchambre_seq'), 1, 16, 'Maintenance');
INSERT INTO proposer (numtype, numresort) VALUES (1, 1) ON CONFLICT DO NOTHING;
INSERT INTO chambre (idchambre, numtype, numchambre, etat) VALUES (nextval('chambre_idchambre_seq'), 1, 17, 'Disponible');
INSERT INTO proposer (numtype, numresort) VALUES (1, 1) ON CONFLICT DO NOTHING;
INSERT INTO chambre (idchambre, numtype, numchambre, etat) VALUES (nextval('chambre_idchambre_seq'), 1, 18, 'Maintenance');
INSERT INTO proposer (numtype, numresort) VALUES (1, 1) ON CONFLICT DO NOTHING;
INSERT INTO chambre (idchambre, numtype, numchambre, etat) VALUES (nextval('chambre_idchambre_seq'), 5, 1, 'Occupée');
INSERT INTO proposer (numtype, numresort) VALUES (5, 2) ON CONFLICT DO NOTHING;
INSERT INTO chambre (idchambre, numtype, numchambre, etat) VALUES (nextval('chambre_idchambre_seq'), 5, 2, 'Disponible');
INSERT INTO proposer (numtype, numresort) VALUES (5, 2) ON CONFLICT DO NOTHING;
INSERT INTO chambre (idchambre, numtype, numchambre, etat) VALUES (nextval('chambre_idchambre_seq'), 5, 3, 'Maintenance');
INSERT INTO proposer (numtype, numresort) VALUES (5, 2) ON CONFLICT DO NOTHING;
INSERT INTO chambre (idchambre, numtype, numchambre, etat) VALUES (nextval('chambre_idchambre_seq'), 5, 4, 'Occupée');
INSERT INTO proposer (numtype, numresort) VALUES (5, 2) ON CONFLICT DO NOTHING;
INSERT INTO chambre (idchambre, numtype, numchambre, etat) VALUES (nextval('chambre_idchambre_seq'), 5, 5, 'Disponible');
INSERT INTO proposer (numtype, numresort) VALUES (5, 2) ON CONFLICT DO NOTHING;
INSERT INTO chambre (idchambre, numtype, numchambre, etat) VALUES (nextval('chambre_idchambre_seq'), 5, 6, 'Maintenance');
INSERT INTO proposer (numtype, numresort) VALUES (5, 2) ON CONFLICT DO NOTHING;
INSERT INTO chambre (idchambre, numtype, numchambre, etat) VALUES (nextval('chambre_idchambre_seq'), 5, 7, 'Occupée');
INSERT INTO proposer (numtype, numresort) VALUES (5, 2) ON CONFLICT DO NOTHING;
INSERT INTO chambre (idchambre, numtype, numchambre, etat) VALUES (nextval('chambre_idchambre_seq'), 5, 8, 'Disponible');
INSERT INTO proposer (numtype, numresort) VALUES (5, 2) ON CONFLICT DO NOTHING;
INSERT INTO chambre (idchambre, numtype, numchambre, etat) VALUES (nextval('chambre_idchambre_seq'), 5, 9, 'Maintenance');
INSERT INTO proposer (numtype, numresort) VALUES (5, 2) ON CONFLICT DO NOTHING;
INSERT INTO chambre (idchambre, numtype, numchambre, etat) VALUES (nextval('chambre_idchambre_seq'), 5, 10, 'Maintenance');
INSERT INTO proposer (numtype, numresort) VALUES (5, 2) ON CONFLICT DO NOTHING;
INSERT INTO chambre (idchambre, numtype, numchambre, etat) VALUES (nextval('chambre_idchambre_seq'), 5, 11, 'Disponible');
INSERT INTO proposer (numtype, numresort) VALUES (5, 2) ON CONFLICT DO NOTHING;
INSERT INTO chambre (idchambre, numtype, numchambre, etat) VALUES (nextval('chambre_idchambre_seq'), 5, 12, 'Maintenance');
INSERT INTO proposer (numtype, numresort) VALUES (5, 2) ON CONFLICT DO NOTHING;
INSERT INTO chambre (idchambre, numtype, numchambre, etat) VALUES (nextval('chambre_idchambre_seq'), 5, 13, 'Occupée');
INSERT INTO proposer (numtype, numresort) VALUES (5, 2) ON CONFLICT DO NOTHING;
INSERT INTO chambre (idchambre, numtype, numchambre, etat) VALUES (nextval('chambre_idchambre_seq'), 5, 14, 'Disponible');
INSERT INTO proposer (numtype, numresort) VALUES (5, 2) ON CONFLICT DO NOTHING;
INSERT INTO chambre (idchambre, numtype, numchambre, etat) VALUES (nextval('chambre_idchambre_seq'), 2, 1, 'Occupée');
INSERT INTO proposer (numtype, numresort) VALUES (2, 2) ON CONFLICT DO NOTHING;
INSERT INTO chambre (idchambre, numtype, numchambre, etat) VALUES (nextval('chambre_idchambre_seq'), 2, 2, 'Occupée');
INSERT INTO proposer (numtype, numresort) VALUES (2, 2) ON CONFLICT DO NOTHING;
INSERT INTO chambre (idchambre, numtype, numchambre, etat) VALUES (nextval('chambre_idchambre_seq'), 2, 3, 'Disponible');
INSERT INTO proposer (numtype, numresort) VALUES (2, 2) ON CONFLICT DO NOTHING;
INSERT INTO chambre (idchambre, numtype, numchambre, etat) VALUES (nextval('chambre_idchambre_seq'), 2, 4, 'Maintenance');
INSERT INTO proposer (numtype, numresort) VALUES (2, 2) ON CONFLICT DO NOTHING;
INSERT INTO chambre (idchambre, numtype, numchambre, etat) VALUES (nextval('chambre_idchambre_seq'), 2, 5, 'Occupée');
INSERT INTO proposer (numtype, numresort) VALUES (2, 2) ON CONFLICT DO NOTHING;
INSERT INTO chambre (idchambre, numtype, numchambre, etat) VALUES (nextval('chambre_idchambre_seq'), 3, 1, 'Occupée');
INSERT INTO proposer (numtype, numresort) VALUES (3, 2) ON CONFLICT DO NOTHING;
INSERT INTO chambre (idchambre, numtype, numchambre, etat) VALUES (nextval('chambre_idchambre_seq'), 3, 2, 'Maintenance');
INSERT INTO proposer (numtype, numresort) VALUES (3, 2) ON CONFLICT DO NOTHING;
INSERT INTO chambre (idchambre, numtype, numchambre, etat) VALUES (nextval('chambre_idchambre_seq'), 3, 3, 'Disponible');
INSERT INTO proposer (numtype, numresort) VALUES (3, 2) ON CONFLICT DO NOTHING;
INSERT INTO chambre (idchambre, numtype, numchambre, etat) VALUES (nextval('chambre_idchambre_seq'), 3, 4, 'Occupée');
INSERT INTO proposer (numtype, numresort) VALUES (3, 2) ON CONFLICT DO NOTHING;
INSERT INTO chambre (idchambre, numtype, numchambre, etat) VALUES (nextval('chambre_idchambre_seq'), 3, 5, 'Disponible');
INSERT INTO proposer (numtype, numresort) VALUES (3, 2) ON CONFLICT DO NOTHING;
INSERT INTO chambre (idchambre, numtype, numchambre, etat) VALUES (nextval('chambre_idchambre_seq'), 3, 6, 'Occupée');
INSERT INTO proposer (numtype, numresort) VALUES (3, 2) ON CONFLICT DO NOTHING;
INSERT INTO chambre (idchambre, numtype, numchambre, etat) VALUES (nextval('chambre_idchambre_seq'), 3, 7, 'Disponible');
INSERT INTO proposer (numtype, numresort) VALUES (3, 2) ON CONFLICT DO NOTHING;
INSERT INTO chambre (idchambre, numtype, numchambre, etat) VALUES (nextval('chambre_idchambre_seq'), 3, 8, 'Maintenance');
INSERT INTO proposer (numtype, numresort) VALUES (3, 2) ON CONFLICT DO NOTHING;
INSERT INTO chambre (idchambre, numtype, numchambre, etat) VALUES (nextval('chambre_idchambre_seq'), 3, 9, 'Maintenance');
INSERT INTO proposer (numtype, numresort) VALUES (3, 2) ON CONFLICT DO NOTHING;
INSERT INTO chambre (idchambre, numtype, numchambre, etat) VALUES (nextval('chambre_idchambre_seq'), 3, 10, 'Maintenance');
INSERT INTO proposer (numtype, numresort) VALUES (3, 2) ON CONFLICT DO NOTHING;
INSERT INTO chambre (idchambre, numtype, numchambre, etat) VALUES (nextval('chambre_idchambre_seq'), 3, 11, 'Disponible');
INSERT INTO proposer (numtype, numresort) VALUES (3, 2) ON CONFLICT DO NOTHING;
INSERT INTO chambre (idchambre, numtype, numchambre, etat) VALUES (nextval('chambre_idchambre_seq'), 3, 12, 'Maintenance');
INSERT INTO proposer (numtype, numresort) VALUES (3, 2) ON CONFLICT DO NOTHING;
INSERT INTO chambre (idchambre, numtype, numchambre, etat) VALUES (nextval('chambre_idchambre_seq'), 3, 13, 'Maintenance');
INSERT INTO proposer (numtype, numresort) VALUES (3, 2) ON CONFLICT DO NOTHING;
INSERT INTO chambre (idchambre, numtype, numchambre, etat) VALUES (nextval('chambre_idchambre_seq'), 3, 14, 'Occupée');
INSERT INTO proposer (numtype, numresort) VALUES (3, 2) ON CONFLICT DO NOTHING;
INSERT INTO chambre (idchambre, numtype, numchambre, etat) VALUES (nextval('chambre_idchambre_seq'), 3, 15, 'Disponible');
INSERT INTO proposer (numtype, numresort) VALUES (3, 2) ON CONFLICT DO NOTHING;
INSERT INTO chambre (idchambre, numtype, numchambre, etat) VALUES (nextval('chambre_idchambre_seq'), 3, 16, 'Disponible');
INSERT INTO proposer (numtype, numresort) VALUES (3, 2) ON CONFLICT DO NOTHING;
INSERT INTO chambre (idchambre, numtype, numchambre, etat) VALUES (nextval('chambre_idchambre_seq'), 1, 1, 'Maintenance');
INSERT INTO proposer (numtype, numresort) VALUES (1, 2) ON CONFLICT DO NOTHING;
INSERT INTO chambre (idchambre, numtype, numchambre, etat) VALUES (nextval('chambre_idchambre_seq'), 1, 2, 'Occupée');
INSERT INTO proposer (numtype, numresort) VALUES (1, 2) ON CONFLICT DO NOTHING;
INSERT INTO chambre (idchambre, numtype, numchambre, etat) VALUES (nextval('chambre_idchambre_seq'), 1, 3, 'Maintenance');
INSERT INTO proposer (numtype, numresort) VALUES (1, 2) ON CONFLICT DO NOTHING;
INSERT INTO chambre (idchambre, numtype, numchambre, etat) VALUES (nextval('chambre_idchambre_seq'), 1, 4, 'Disponible');
INSERT INTO proposer (numtype, numresort) VALUES (1, 2) ON CONFLICT DO NOTHING;
INSERT INTO chambre (idchambre, numtype, numchambre, etat) VALUES (nextval('chambre_idchambre_seq'), 1, 5, 'Maintenance');
INSERT INTO proposer (numtype, numresort) VALUES (1, 2) ON CONFLICT DO NOTHING;
INSERT INTO chambre (idchambre, numtype, numchambre, etat) VALUES (nextval('chambre_idchambre_seq'), 1, 6, 'Occupée');
INSERT INTO proposer (numtype, numresort) VALUES (1, 2) ON CONFLICT DO NOTHING;
INSERT INTO chambre (idchambre, numtype, numchambre, etat) VALUES (nextval('chambre_idchambre_seq'), 1, 7, 'Maintenance');
INSERT INTO proposer (numtype, numresort) VALUES (1, 2) ON CONFLICT DO NOTHING;
INSERT INTO chambre (idchambre, numtype, numchambre, etat) VALUES (nextval('chambre_idchambre_seq'), 1, 8, 'Occupée');
INSERT INTO proposer (numtype, numresort) VALUES (1, 2) ON CONFLICT DO NOTHING;
INSERT INTO chambre (idchambre, numtype, numchambre, etat) VALUES (nextval('chambre_idchambre_seq'), 1, 9, 'Maintenance');
INSERT INTO proposer (numtype, numresort) VALUES (1, 2) ON CONFLICT DO NOTHING;
INSERT INTO chambre (idchambre, numtype, numchambre, etat) VALUES (nextval('chambre_idchambre_seq'), 1, 10, 'Disponible');
INSERT INTO proposer (numtype, numresort) VALUES (1, 2) ON CONFLICT DO NOTHING;
INSERT INTO chambre (idchambre, numtype, numchambre, etat) VALUES (nextval('chambre_idchambre_seq'), 1, 11, 'Disponible');
INSERT INTO proposer (numtype, numresort) VALUES (1, 2) ON CONFLICT DO NOTHING;
INSERT INTO chambre (idchambre, numtype, numchambre, etat) VALUES (nextval('chambre_idchambre_seq'), 1, 12, 'Disponible');
INSERT INTO proposer (numtype, numresort) VALUES (1, 2) ON CONFLICT DO NOTHING;
INSERT INTO chambre (idchambre, numtype, numchambre, etat) VALUES (nextval('chambre_idchambre_seq'), 1, 13, 'Maintenance');
INSERT INTO proposer (numtype, numresort) VALUES (1, 2) ON CONFLICT DO NOTHING;
INSERT INTO chambre (idchambre, numtype, numchambre, etat) VALUES (nextval('chambre_idchambre_seq'), 1, 14, 'Occupée');
INSERT INTO proposer (numtype, numresort) VALUES (1, 2) ON CONFLICT DO NOTHING;
INSERT INTO chambre (idchambre, numtype, numchambre, etat) VALUES (nextval('chambre_idchambre_seq'), 1, 15, 'Disponible');
INSERT INTO proposer (numtype, numresort) VALUES (1, 2) ON CONFLICT DO NOTHING;
INSERT INTO chambre (idchambre, numtype, numchambre, etat) VALUES (nextval('chambre_idchambre_seq'), 1, 16, 'Occupée');
INSERT INTO proposer (numtype, numresort) VALUES (1, 2) ON CONFLICT DO NOTHING;
INSERT INTO chambre (idchambre, numtype, numchambre, etat) VALUES (nextval('chambre_idchambre_seq'), 1, 1, 'Occupée');
INSERT INTO proposer (numtype, numresort) VALUES (1, 3) ON CONFLICT DO NOTHING;
INSERT INTO chambre (idchambre, numtype, numchambre, etat) VALUES (nextval('chambre_idchambre_seq'), 1, 2, 'Occupée');
INSERT INTO proposer (numtype, numresort) VALUES (1, 3) ON CONFLICT DO NOTHING;
INSERT INTO chambre (idchambre, numtype, numchambre, etat) VALUES (nextval('chambre_idchambre_seq'), 1, 3, 'Maintenance');
INSERT INTO proposer (numtype, numresort) VALUES (1, 3) ON CONFLICT DO NOTHING;
INSERT INTO chambre (idchambre, numtype, numchambre, etat) VALUES (nextval('chambre_idchambre_seq'), 1, 4, 'Occupée');
INSERT INTO proposer (numtype, numresort) VALUES (1, 3) ON CONFLICT DO NOTHING;
INSERT INTO chambre (idchambre, numtype, numchambre, etat) VALUES (nextval('chambre_idchambre_seq'), 1, 5, 'Maintenance');
INSERT INTO proposer (numtype, numresort) VALUES (1, 3) ON CONFLICT DO NOTHING;
INSERT INTO chambre (idchambre, numtype, numchambre, etat) VALUES (nextval('chambre_idchambre_seq'), 1, 6, 'Occupée');
INSERT INTO proposer (numtype, numresort) VALUES (1, 3) ON CONFLICT DO NOTHING;
INSERT INTO chambre (idchambre, numtype, numchambre, etat) VALUES (nextval('chambre_idchambre_seq'), 2, 1, 'Disponible');
INSERT INTO proposer (numtype, numresort) VALUES (2, 3) ON CONFLICT DO NOTHING;
INSERT INTO chambre (idchambre, numtype, numchambre, etat) VALUES (nextval('chambre_idchambre_seq'), 2, 2, 'Maintenance');
INSERT INTO proposer (numtype, numresort) VALUES (2, 3) ON CONFLICT DO NOTHING;
INSERT INTO chambre (idchambre, numtype, numchambre, etat) VALUES (nextval('chambre_idchambre_seq'), 2, 3, 'Disponible');
INSERT INTO proposer (numtype, numresort) VALUES (2, 3) ON CONFLICT DO NOTHING;
INSERT INTO chambre (idchambre, numtype, numchambre, etat) VALUES (nextval('chambre_idchambre_seq'), 2, 4, 'Occupée');
INSERT INTO proposer (numtype, numresort) VALUES (2, 3) ON CONFLICT DO NOTHING;
INSERT INTO chambre (idchambre, numtype, numchambre, etat) VALUES (nextval('chambre_idchambre_seq'), 2, 5, 'Occupée');
INSERT INTO proposer (numtype, numresort) VALUES (2, 3) ON CONFLICT DO NOTHING;
INSERT INTO chambre (idchambre, numtype, numchambre, etat) VALUES (nextval('chambre_idchambre_seq'), 2, 6, 'Disponible');
INSERT INTO proposer (numtype, numresort) VALUES (2, 3) ON CONFLICT DO NOTHING;
INSERT INTO chambre (idchambre, numtype, numchambre, etat) VALUES (nextval('chambre_idchambre_seq'), 2, 7, 'Maintenance');
INSERT INTO proposer (numtype, numresort) VALUES (2, 3) ON CONFLICT DO NOTHING;
INSERT INTO chambre (idchambre, numtype, numchambre, etat) VALUES (nextval('chambre_idchambre_seq'), 2, 8, 'Occupée');
INSERT INTO proposer (numtype, numresort) VALUES (2, 3) ON CONFLICT DO NOTHING;
INSERT INTO chambre (idchambre, numtype, numchambre, etat) VALUES (nextval('chambre_idchambre_seq'), 2, 9, 'Occupée');
INSERT INTO proposer (numtype, numresort) VALUES (2, 3) ON CONFLICT DO NOTHING;
INSERT INTO chambre (idchambre, numtype, numchambre, etat) VALUES (nextval('chambre_idchambre_seq'), 2, 10, 'Disponible');
INSERT INTO proposer (numtype, numresort) VALUES (2, 3) ON CONFLICT DO NOTHING;
INSERT INTO chambre (idchambre, numtype, numchambre, etat) VALUES (nextval('chambre_idchambre_seq'), 2, 11, 'Occupée');
INSERT INTO proposer (numtype, numresort) VALUES (2, 3) ON CONFLICT DO NOTHING;
INSERT INTO chambre (idchambre, numtype, numchambre, etat) VALUES (nextval('chambre_idchambre_seq'), 2, 12, 'Occupée');
INSERT INTO proposer (numtype, numresort) VALUES (2, 3) ON CONFLICT DO NOTHING;
INSERT INTO chambre (idchambre, numtype, numchambre, etat) VALUES (nextval('chambre_idchambre_seq'), 2, 13, 'Occupée');
INSERT INTO proposer (numtype, numresort) VALUES (2, 3) ON CONFLICT DO NOTHING;
INSERT INTO chambre (idchambre, numtype, numchambre, etat) VALUES (nextval('chambre_idchambre_seq'), 4, 1, 'Maintenance');
INSERT INTO proposer (numtype, numresort) VALUES (4, 4) ON CONFLICT DO NOTHING;
INSERT INTO chambre (idchambre, numtype, numchambre, etat) VALUES (nextval('chambre_idchambre_seq'), 4, 2, 'Occupée');
INSERT INTO proposer (numtype, numresort) VALUES (4, 4) ON CONFLICT DO NOTHING;
INSERT INTO chambre (idchambre, numtype, numchambre, etat) VALUES (nextval('chambre_idchambre_seq'), 4, 3, 'Occupée');
INSERT INTO proposer (numtype, numresort) VALUES (4, 4) ON CONFLICT DO NOTHING;
INSERT INTO chambre (idchambre, numtype, numchambre, etat) VALUES (nextval('chambre_idchambre_seq'), 4, 4, 'Maintenance');
INSERT INTO proposer (numtype, numresort) VALUES (4, 4) ON CONFLICT DO NOTHING;
INSERT INTO chambre (idchambre, numtype, numchambre, etat) VALUES (nextval('chambre_idchambre_seq'), 4, 5, 'Occupée');
INSERT INTO proposer (numtype, numresort) VALUES (4, 4) ON CONFLICT DO NOTHING;
INSERT INTO chambre (idchambre, numtype, numchambre, etat) VALUES (nextval('chambre_idchambre_seq'), 4, 6, 'Disponible');
INSERT INTO proposer (numtype, numresort) VALUES (4, 4) ON CONFLICT DO NOTHING;
INSERT INTO chambre (idchambre, numtype, numchambre, etat) VALUES (nextval('chambre_idchambre_seq'), 4, 7, 'Maintenance');
INSERT INTO proposer (numtype, numresort) VALUES (4, 4) ON CONFLICT DO NOTHING;
INSERT INTO chambre (idchambre, numtype, numchambre, etat) VALUES (nextval('chambre_idchambre_seq'), 4, 8, 'Occupée');
INSERT INTO proposer (numtype, numresort) VALUES (4, 4) ON CONFLICT DO NOTHING;
INSERT INTO chambre (idchambre, numtype, numchambre, etat) VALUES (nextval('chambre_idchambre_seq'), 4, 9, 'Disponible');
INSERT INTO proposer (numtype, numresort) VALUES (4, 4) ON CONFLICT DO NOTHING;
INSERT INTO chambre (idchambre, numtype, numchambre, etat) VALUES (nextval('chambre_idchambre_seq'), 4, 10, 'Occupée');
INSERT INTO proposer (numtype, numresort) VALUES (4, 4) ON CONFLICT DO NOTHING;
INSERT INTO chambre (idchambre, numtype, numchambre, etat) VALUES (nextval('chambre_idchambre_seq'), 4, 11, 'Maintenance');
INSERT INTO proposer (numtype, numresort) VALUES (4, 4) ON CONFLICT DO NOTHING;
INSERT INTO chambre (idchambre, numtype, numchambre, etat) VALUES (nextval('chambre_idchambre_seq'), 4, 12, 'Disponible');
INSERT INTO proposer (numtype, numresort) VALUES (4, 4) ON CONFLICT DO NOTHING;
INSERT INTO chambre (idchambre, numtype, numchambre, etat) VALUES (nextval('chambre_idchambre_seq'), 4, 13, 'Maintenance');
INSERT INTO proposer (numtype, numresort) VALUES (4, 4) ON CONFLICT DO NOTHING;
INSERT INTO chambre (idchambre, numtype, numchambre, etat) VALUES (nextval('chambre_idchambre_seq'), 4, 14, 'Occupée');
INSERT INTO proposer (numtype, numresort) VALUES (4, 4) ON CONFLICT DO NOTHING;
INSERT INTO chambre (idchambre, numtype, numchambre, etat) VALUES (nextval('chambre_idchambre_seq'), 4, 15, 'Occupée');
INSERT INTO proposer (numtype, numresort) VALUES (4, 4) ON CONFLICT DO NOTHING;
INSERT INTO chambre (idchambre, numtype, numchambre, etat) VALUES (nextval('chambre_idchambre_seq'), 4, 16, 'Disponible');
INSERT INTO proposer (numtype, numresort) VALUES (4, 4) ON CONFLICT DO NOTHING;
INSERT INTO chambre (idchambre, numtype, numchambre, etat) VALUES (nextval('chambre_idchambre_seq'), 4, 17, 'Disponible');
INSERT INTO proposer (numtype, numresort) VALUES (4, 4) ON CONFLICT DO NOTHING;
INSERT INTO chambre (idchambre, numtype, numchambre, etat) VALUES (nextval('chambre_idchambre_seq'), 4, 18, 'Occupée');
INSERT INTO proposer (numtype, numresort) VALUES (4, 4) ON CONFLICT DO NOTHING;
INSERT INTO chambre (idchambre, numtype, numchambre, etat) VALUES (nextval('chambre_idchambre_seq'), 4, 19, 'Maintenance');
INSERT INTO proposer (numtype, numresort) VALUES (4, 4) ON CONFLICT DO NOTHING;
INSERT INTO chambre (idchambre, numtype, numchambre, etat) VALUES (nextval('chambre_idchambre_seq'), 4, 20, 'Occupée');
INSERT INTO proposer (numtype, numresort) VALUES (4, 4) ON CONFLICT DO NOTHING;
INSERT INTO chambre (idchambre, numtype, numchambre, etat) VALUES (nextval('chambre_idchambre_seq'), 5, 1, 'Occupée');
INSERT INTO proposer (numtype, numresort) VALUES (5, 4) ON CONFLICT DO NOTHING;
INSERT INTO chambre (idchambre, numtype, numchambre, etat) VALUES (nextval('chambre_idchambre_seq'), 5, 2, 'Maintenance');
INSERT INTO proposer (numtype, numresort) VALUES (5, 4) ON CONFLICT DO NOTHING;
INSERT INTO chambre (idchambre, numtype, numchambre, etat) VALUES (nextval('chambre_idchambre_seq'), 5, 3, 'Maintenance');
INSERT INTO proposer (numtype, numresort) VALUES (5, 4) ON CONFLICT DO NOTHING;
INSERT INTO chambre (idchambre, numtype, numchambre, etat) VALUES (nextval('chambre_idchambre_seq'), 5, 4, 'Occupée');
INSERT INTO proposer (numtype, numresort) VALUES (5, 4) ON CONFLICT DO NOTHING;
INSERT INTO chambre (idchambre, numtype, numchambre, etat) VALUES (nextval('chambre_idchambre_seq'), 5, 5, 'Disponible');
INSERT INTO proposer (numtype, numresort) VALUES (5, 4) ON CONFLICT DO NOTHING;
INSERT INTO chambre (idchambre, numtype, numchambre, etat) VALUES (nextval('chambre_idchambre_seq'), 5, 6, 'Maintenance');
INSERT INTO proposer (numtype, numresort) VALUES (5, 4) ON CONFLICT DO NOTHING;
INSERT INTO chambre (idchambre, numtype, numchambre, etat) VALUES (nextval('chambre_idchambre_seq'), 5, 7, 'Occupée');
INSERT INTO proposer (numtype, numresort) VALUES (5, 4) ON CONFLICT DO NOTHING;
INSERT INTO chambre (idchambre, numtype, numchambre, etat) VALUES (nextval('chambre_idchambre_seq'), 5, 8, 'Occupée');
INSERT INTO proposer (numtype, numresort) VALUES (5, 4) ON CONFLICT DO NOTHING;
INSERT INTO chambre (idchambre, numtype, numchambre, etat) VALUES (nextval('chambre_idchambre_seq'), 5, 9, 'Occupée');
INSERT INTO proposer (numtype, numresort) VALUES (5, 4) ON CONFLICT DO NOTHING;
INSERT INTO chambre (idchambre, numtype, numchambre, etat) VALUES (nextval('chambre_idchambre_seq'), 5, 10, 'Disponible');
INSERT INTO proposer (numtype, numresort) VALUES (5, 4) ON CONFLICT DO NOTHING;
INSERT INTO chambre (idchambre, numtype, numchambre, etat) VALUES (nextval('chambre_idchambre_seq'), 5, 11, 'Maintenance');
INSERT INTO proposer (numtype, numresort) VALUES (5, 4) ON CONFLICT DO NOTHING;
INSERT INTO chambre (idchambre, numtype, numchambre, etat) VALUES (nextval('chambre_idchambre_seq'), 5, 12, 'Occupée');
INSERT INTO proposer (numtype, numresort) VALUES (5, 4) ON CONFLICT DO NOTHING;
INSERT INTO chambre (idchambre, numtype, numchambre, etat) VALUES (nextval('chambre_idchambre_seq'), 5, 13, 'Maintenance');
INSERT INTO proposer (numtype, numresort) VALUES (5, 4) ON CONFLICT DO NOTHING;
INSERT INTO chambre (idchambre, numtype, numchambre, etat) VALUES (nextval('chambre_idchambre_seq'), 5, 14, 'Occupée');
INSERT INTO proposer (numtype, numresort) VALUES (5, 4) ON CONFLICT DO NOTHING;
INSERT INTO chambre (idchambre, numtype, numchambre, etat) VALUES (nextval('chambre_idchambre_seq'), 2, 1, 'Maintenance');
INSERT INTO proposer (numtype, numresort) VALUES (2, 4) ON CONFLICT DO NOTHING;
INSERT INTO chambre (idchambre, numtype, numchambre, etat) VALUES (nextval('chambre_idchambre_seq'), 2, 2, 'Disponible');
INSERT INTO proposer (numtype, numresort) VALUES (2, 4) ON CONFLICT DO NOTHING;
INSERT INTO chambre (idchambre, numtype, numchambre, etat) VALUES (nextval('chambre_idchambre_seq'), 2, 3, 'Disponible');
INSERT INTO proposer (numtype, numresort) VALUES (2, 4) ON CONFLICT DO NOTHING;
INSERT INTO chambre (idchambre, numtype, numchambre, etat) VALUES (nextval('chambre_idchambre_seq'), 2, 4, 'Maintenance');
INSERT INTO proposer (numtype, numresort) VALUES (2, 4) ON CONFLICT DO NOTHING;
INSERT INTO chambre (idchambre, numtype, numchambre, etat) VALUES (nextval('chambre_idchambre_seq'), 2, 5, 'Maintenance');
INSERT INTO proposer (numtype, numresort) VALUES (2, 4) ON CONFLICT DO NOTHING;
INSERT INTO chambre (idchambre, numtype, numchambre, etat) VALUES (nextval('chambre_idchambre_seq'), 2, 6, 'Occupée');
INSERT INTO proposer (numtype, numresort) VALUES (2, 4) ON CONFLICT DO NOTHING;
INSERT INTO chambre (idchambre, numtype, numchambre, etat) VALUES (nextval('chambre_idchambre_seq'), 2, 7, 'Occupée');
INSERT INTO proposer (numtype, numresort) VALUES (2, 4) ON CONFLICT DO NOTHING;
INSERT INTO chambre (idchambre, numtype, numchambre, etat) VALUES (nextval('chambre_idchambre_seq'), 2, 8, 'Maintenance');
INSERT INTO proposer (numtype, numresort) VALUES (2, 4) ON CONFLICT DO NOTHING;
INSERT INTO chambre (idchambre, numtype, numchambre, etat) VALUES (nextval('chambre_idchambre_seq'), 2, 9, 'Maintenance');
INSERT INTO proposer (numtype, numresort) VALUES (2, 4) ON CONFLICT DO NOTHING;
INSERT INTO chambre (idchambre, numtype, numchambre, etat) VALUES (nextval('chambre_idchambre_seq'), 2, 10, 'Maintenance');
INSERT INTO proposer (numtype, numresort) VALUES (2, 4) ON CONFLICT DO NOTHING;
INSERT INTO chambre (idchambre, numtype, numchambre, etat) VALUES (nextval('chambre_idchambre_seq'), 2, 11, 'Disponible');
INSERT INTO proposer (numtype, numresort) VALUES (2, 4) ON CONFLICT DO NOTHING;
INSERT INTO chambre (idchambre, numtype, numchambre, etat) VALUES (nextval('chambre_idchambre_seq'), 2, 12, 'Disponible');
INSERT INTO proposer (numtype, numresort) VALUES (2, 4) ON CONFLICT DO NOTHING;
INSERT INTO chambre (idchambre, numtype, numchambre, etat) VALUES (nextval('chambre_idchambre_seq'), 2, 13, 'Disponible');
INSERT INTO proposer (numtype, numresort) VALUES (2, 4) ON CONFLICT DO NOTHING;
INSERT INTO chambre (idchambre, numtype, numchambre, etat) VALUES (nextval('chambre_idchambre_seq'), 1, 1, 'Disponible');
INSERT INTO proposer (numtype, numresort) VALUES (1, 4) ON CONFLICT DO NOTHING;
INSERT INTO chambre (idchambre, numtype, numchambre, etat) VALUES (nextval('chambre_idchambre_seq'), 1, 2, 'Disponible');
INSERT INTO proposer (numtype, numresort) VALUES (1, 4) ON CONFLICT DO NOTHING;
INSERT INTO chambre (idchambre, numtype, numchambre, etat) VALUES (nextval('chambre_idchambre_seq'), 1, 3, 'Disponible');
INSERT INTO proposer (numtype, numresort) VALUES (1, 4) ON CONFLICT DO NOTHING;
INSERT INTO chambre (idchambre, numtype, numchambre, etat) VALUES (nextval('chambre_idchambre_seq'), 1, 4, 'Disponible');
INSERT INTO proposer (numtype, numresort) VALUES (1, 4) ON CONFLICT DO NOTHING;
INSERT INTO chambre (idchambre, numtype, numchambre, etat) VALUES (nextval('chambre_idchambre_seq'), 1, 5, 'Maintenance');
INSERT INTO proposer (numtype, numresort) VALUES (1, 4) ON CONFLICT DO NOTHING;
INSERT INTO chambre (idchambre, numtype, numchambre, etat) VALUES (nextval('chambre_idchambre_seq'), 1, 6, 'Occupée');
INSERT INTO proposer (numtype, numresort) VALUES (1, 4) ON CONFLICT DO NOTHING;
INSERT INTO chambre (idchambre, numtype, numchambre, etat) VALUES (nextval('chambre_idchambre_seq'), 1, 7, 'Occupée');
INSERT INTO proposer (numtype, numresort) VALUES (1, 4) ON CONFLICT DO NOTHING;
INSERT INTO chambre (idchambre, numtype, numchambre, etat) VALUES (nextval('chambre_idchambre_seq'), 1, 8, 'Occupée');
INSERT INTO proposer (numtype, numresort) VALUES (1, 4) ON CONFLICT DO NOTHING;
INSERT INTO chambre (idchambre, numtype, numchambre, etat) VALUES (nextval('chambre_idchambre_seq'), 1, 9, 'Maintenance');
INSERT INTO proposer (numtype, numresort) VALUES (1, 4) ON CONFLICT DO NOTHING;
INSERT INTO chambre (idchambre, numtype, numchambre, etat) VALUES (nextval('chambre_idchambre_seq'), 1, 10, 'Disponible');
INSERT INTO proposer (numtype, numresort) VALUES (1, 4) ON CONFLICT DO NOTHING;
INSERT INTO chambre (idchambre, numtype, numchambre, etat) VALUES (nextval('chambre_idchambre_seq'), 1, 11, 'Maintenance');
INSERT INTO proposer (numtype, numresort) VALUES (1, 4) ON CONFLICT DO NOTHING;
INSERT INTO chambre (idchambre, numtype, numchambre, etat) VALUES (nextval('chambre_idchambre_seq'), 1, 12, 'Disponible');
INSERT INTO proposer (numtype, numresort) VALUES (1, 4) ON CONFLICT DO NOTHING;
INSERT INTO chambre (idchambre, numtype, numchambre, etat) VALUES (nextval('chambre_idchambre_seq'), 1, 13, 'Maintenance');
INSERT INTO proposer (numtype, numresort) VALUES (1, 4) ON CONFLICT DO NOTHING;
INSERT INTO chambre (idchambre, numtype, numchambre, etat) VALUES (nextval('chambre_idchambre_seq'), 1, 14, 'Occupée');
INSERT INTO proposer (numtype, numresort) VALUES (1, 4) ON CONFLICT DO NOTHING;
INSERT INTO chambre (idchambre, numtype, numchambre, etat) VALUES (nextval('chambre_idchambre_seq'), 1, 15, 'Occupée');
INSERT INTO proposer (numtype, numresort) VALUES (1, 4) ON CONFLICT DO NOTHING;
INSERT INTO chambre (idchambre, numtype, numchambre, etat) VALUES (nextval('chambre_idchambre_seq'), 1, 16, 'Occupée');
INSERT INTO proposer (numtype, numresort) VALUES (1, 4) ON CONFLICT DO NOTHING;
INSERT INTO chambre (idchambre, numtype, numchambre, etat) VALUES (nextval('chambre_idchambre_seq'), 1, 17, 'Occupée');
INSERT INTO proposer (numtype, numresort) VALUES (1, 4) ON CONFLICT DO NOTHING;
INSERT INTO chambre (idchambre, numtype, numchambre, etat) VALUES (nextval('chambre_idchambre_seq'), 1, 18, 'Disponible');
INSERT INTO proposer (numtype, numresort) VALUES (1, 4) ON CONFLICT DO NOTHING;
INSERT INTO chambre (idchambre, numtype, numchambre, etat) VALUES (nextval('chambre_idchambre_seq'), 1, 19, 'Maintenance');
INSERT INTO proposer (numtype, numresort) VALUES (1, 4) ON CONFLICT DO NOTHING;
INSERT INTO chambre (idchambre, numtype, numchambre, etat) VALUES (nextval('chambre_idchambre_seq'), 5, 1, 'Occupée');
INSERT INTO proposer (numtype, numresort) VALUES (5, 5) ON CONFLICT DO NOTHING;
INSERT INTO chambre (idchambre, numtype, numchambre, etat) VALUES (nextval('chambre_idchambre_seq'), 5, 2, 'Maintenance');
INSERT INTO proposer (numtype, numresort) VALUES (5, 5) ON CONFLICT DO NOTHING;
INSERT INTO chambre (idchambre, numtype, numchambre, etat) VALUES (nextval('chambre_idchambre_seq'), 5, 3, 'Occupée');
INSERT INTO proposer (numtype, numresort) VALUES (5, 5) ON CONFLICT DO NOTHING;
INSERT INTO chambre (idchambre, numtype, numchambre, etat) VALUES (nextval('chambre_idchambre_seq'), 5, 4, 'Disponible');
INSERT INTO proposer (numtype, numresort) VALUES (5, 5) ON CONFLICT DO NOTHING;
INSERT INTO chambre (idchambre, numtype, numchambre, etat) VALUES (nextval('chambre_idchambre_seq'), 5, 5, 'Disponible');
INSERT INTO proposer (numtype, numresort) VALUES (5, 5) ON CONFLICT DO NOTHING;
INSERT INTO chambre (idchambre, numtype, numchambre, etat) VALUES (nextval('chambre_idchambre_seq'), 5, 6, 'Disponible');
INSERT INTO proposer (numtype, numresort) VALUES (5, 5) ON CONFLICT DO NOTHING;
INSERT INTO chambre (idchambre, numtype, numchambre, etat) VALUES (nextval('chambre_idchambre_seq'), 5, 7, 'Maintenance');
INSERT INTO proposer (numtype, numresort) VALUES (5, 5) ON CONFLICT DO NOTHING;
INSERT INTO chambre (idchambre, numtype, numchambre, etat) VALUES (nextval('chambre_idchambre_seq'), 5, 8, 'Disponible');
INSERT INTO proposer (numtype, numresort) VALUES (5, 5) ON CONFLICT DO NOTHING;
INSERT INTO chambre (idchambre, numtype, numchambre, etat) VALUES (nextval('chambre_idchambre_seq'), 5, 9, 'Occupée');
INSERT INTO proposer (numtype, numresort) VALUES (5, 5) ON CONFLICT DO NOTHING;
INSERT INTO chambre (idchambre, numtype, numchambre, etat) VALUES (nextval('chambre_idchambre_seq'), 5, 10, 'Maintenance');
INSERT INTO proposer (numtype, numresort) VALUES (5, 5) ON CONFLICT DO NOTHING;
INSERT INTO chambre (idchambre, numtype, numchambre, etat) VALUES (nextval('chambre_idchambre_seq'), 5, 11, 'Occupée');
INSERT INTO proposer (numtype, numresort) VALUES (5, 5) ON CONFLICT DO NOTHING;
INSERT INTO chambre (idchambre, numtype, numchambre, etat) VALUES (nextval('chambre_idchambre_seq'), 5, 12, 'Maintenance');
INSERT INTO proposer (numtype, numresort) VALUES (5, 5) ON CONFLICT DO NOTHING;
INSERT INTO chambre (idchambre, numtype, numchambre, etat) VALUES (nextval('chambre_idchambre_seq'), 5, 13, 'Disponible');
INSERT INTO proposer (numtype, numresort) VALUES (5, 5) ON CONFLICT DO NOTHING;
INSERT INTO chambre (idchambre, numtype, numchambre, etat) VALUES (nextval('chambre_idchambre_seq'), 5, 14, 'Occupée');
INSERT INTO proposer (numtype, numresort) VALUES (5, 5) ON CONFLICT DO NOTHING;
INSERT INTO chambre (idchambre, numtype, numchambre, etat) VALUES (nextval('chambre_idchambre_seq'), 5, 15, 'Occupée');
INSERT INTO proposer (numtype, numresort) VALUES (5, 5) ON CONFLICT DO NOTHING;
INSERT INTO chambre (idchambre, numtype, numchambre, etat) VALUES (nextval('chambre_idchambre_seq'), 5, 16, 'Maintenance');
INSERT INTO proposer (numtype, numresort) VALUES (5, 5) ON CONFLICT DO NOTHING;
INSERT INTO chambre (idchambre, numtype, numchambre, etat) VALUES (nextval('chambre_idchambre_seq'), 5, 17, 'Occupée');
INSERT INTO proposer (numtype, numresort) VALUES (5, 5) ON CONFLICT DO NOTHING;
INSERT INTO chambre (idchambre, numtype, numchambre, etat) VALUES (nextval('chambre_idchambre_seq'), 3, 1, 'Maintenance');
INSERT INTO proposer (numtype, numresort) VALUES (3, 5) ON CONFLICT DO NOTHING;
INSERT INTO chambre (idchambre, numtype, numchambre, etat) VALUES (nextval('chambre_idchambre_seq'), 3, 2, 'Occupée');
INSERT INTO proposer (numtype, numresort) VALUES (3, 5) ON CONFLICT DO NOTHING;
INSERT INTO chambre (idchambre, numtype, numchambre, etat) VALUES (nextval('chambre_idchambre_seq'), 3, 3, 'Maintenance');
INSERT INTO proposer (numtype, numresort) VALUES (3, 5) ON CONFLICT DO NOTHING;
INSERT INTO chambre (idchambre, numtype, numchambre, etat) VALUES (nextval('chambre_idchambre_seq'), 3, 4, 'Occupée');
INSERT INTO proposer (numtype, numresort) VALUES (3, 5) ON CONFLICT DO NOTHING;
INSERT INTO chambre (idchambre, numtype, numchambre, etat) VALUES (nextval('chambre_idchambre_seq'), 3, 5, 'Disponible');
INSERT INTO proposer (numtype, numresort) VALUES (3, 5) ON CONFLICT DO NOTHING;
INSERT INTO chambre (idchambre, numtype, numchambre, etat) VALUES (nextval('chambre_idchambre_seq'), 3, 6, 'Disponible');
INSERT INTO proposer (numtype, numresort) VALUES (3, 5) ON CONFLICT DO NOTHING;
INSERT INTO chambre (idchambre, numtype, numchambre, etat) VALUES (nextval('chambre_idchambre_seq'), 3, 7, 'Disponible');
INSERT INTO proposer (numtype, numresort) VALUES (3, 5) ON CONFLICT DO NOTHING;
INSERT INTO chambre (idchambre, numtype, numchambre, etat) VALUES (nextval('chambre_idchambre_seq'), 3, 8, 'Disponible');
INSERT INTO proposer (numtype, numresort) VALUES (3, 5) ON CONFLICT DO NOTHING;
INSERT INTO chambre (idchambre, numtype, numchambre, etat) VALUES (nextval('chambre_idchambre_seq'), 3, 9, 'Occupée');
INSERT INTO proposer (numtype, numresort) VALUES (3, 5) ON CONFLICT DO NOTHING;
INSERT INTO chambre (idchambre, numtype, numchambre, etat) VALUES (nextval('chambre_idchambre_seq'), 3, 10, 'Disponible');
INSERT INTO proposer (numtype, numresort) VALUES (3, 5) ON CONFLICT DO NOTHING;
INSERT INTO chambre (idchambre, numtype, numchambre, etat) VALUES (nextval('chambre_idchambre_seq'), 3, 11, 'Maintenance');
INSERT INTO proposer (numtype, numresort) VALUES (3, 5) ON CONFLICT DO NOTHING;
INSERT INTO chambre (idchambre, numtype, numchambre, etat) VALUES (nextval('chambre_idchambre_seq'), 1, 1, 'Maintenance');
INSERT INTO proposer (numtype, numresort) VALUES (1, 6) ON CONFLICT DO NOTHING;
INSERT INTO chambre (idchambre, numtype, numchambre, etat) VALUES (nextval('chambre_idchambre_seq'), 1, 2, 'Disponible');
INSERT INTO proposer (numtype, numresort) VALUES (1, 6) ON CONFLICT DO NOTHING;
INSERT INTO chambre (idchambre, numtype, numchambre, etat) VALUES (nextval('chambre_idchambre_seq'), 1, 3, 'Maintenance');
INSERT INTO proposer (numtype, numresort) VALUES (1, 6) ON CONFLICT DO NOTHING;
INSERT INTO chambre (idchambre, numtype, numchambre, etat) VALUES (nextval('chambre_idchambre_seq'), 1, 4, 'Maintenance');
INSERT INTO proposer (numtype, numresort) VALUES (1, 6) ON CONFLICT DO NOTHING;
INSERT INTO chambre (idchambre, numtype, numchambre, etat) VALUES (nextval('chambre_idchambre_seq'), 1, 5, 'Occupée');
INSERT INTO proposer (numtype, numresort) VALUES (1, 6) ON CONFLICT DO NOTHING;
INSERT INTO chambre (idchambre, numtype, numchambre, etat) VALUES (nextval('chambre_idchambre_seq'), 1, 6, 'Occupée');
INSERT INTO proposer (numtype, numresort) VALUES (1, 6) ON CONFLICT DO NOTHING;
INSERT INTO chambre (idchambre, numtype, numchambre, etat) VALUES (nextval('chambre_idchambre_seq'), 1, 7, 'Disponible');
INSERT INTO proposer (numtype, numresort) VALUES (1, 6) ON CONFLICT DO NOTHING;
INSERT INTO chambre (idchambre, numtype, numchambre, etat) VALUES (nextval('chambre_idchambre_seq'), 1, 8, 'Maintenance');
INSERT INTO proposer (numtype, numresort) VALUES (1, 6) ON CONFLICT DO NOTHING;
INSERT INTO chambre (idchambre, numtype, numchambre, etat) VALUES (nextval('chambre_idchambre_seq'), 1, 9, 'Maintenance');
INSERT INTO proposer (numtype, numresort) VALUES (1, 6) ON CONFLICT DO NOTHING;
INSERT INTO chambre (idchambre, numtype, numchambre, etat) VALUES (nextval('chambre_idchambre_seq'), 1, 10, 'Maintenance');
INSERT INTO proposer (numtype, numresort) VALUES (1, 6) ON CONFLICT DO NOTHING;
INSERT INTO chambre (idchambre, numtype, numchambre, etat) VALUES (nextval('chambre_idchambre_seq'), 1, 11, 'Maintenance');
INSERT INTO proposer (numtype, numresort) VALUES (1, 6) ON CONFLICT DO NOTHING;
INSERT INTO chambre (idchambre, numtype, numchambre, etat) VALUES (nextval('chambre_idchambre_seq'), 1, 12, 'Disponible');
INSERT INTO proposer (numtype, numresort) VALUES (1, 6) ON CONFLICT DO NOTHING;
INSERT INTO chambre (idchambre, numtype, numchambre, etat) VALUES (nextval('chambre_idchambre_seq'), 1, 13, 'Occupée');
INSERT INTO proposer (numtype, numresort) VALUES (1, 6) ON CONFLICT DO NOTHING;
INSERT INTO chambre (idchambre, numtype, numchambre, etat) VALUES (nextval('chambre_idchambre_seq'), 1, 14, 'Maintenance');
INSERT INTO proposer (numtype, numresort) VALUES (1, 6) ON CONFLICT DO NOTHING;
INSERT INTO chambre (idchambre, numtype, numchambre, etat) VALUES (nextval('chambre_idchambre_seq'), 1, 15, 'Disponible');
INSERT INTO proposer (numtype, numresort) VALUES (1, 6) ON CONFLICT DO NOTHING;
INSERT INTO chambre (idchambre, numtype, numchambre, etat) VALUES (nextval('chambre_idchambre_seq'), 1, 16, 'Disponible');
INSERT INTO proposer (numtype, numresort) VALUES (1, 6) ON CONFLICT DO NOTHING;
INSERT INTO chambre (idchambre, numtype, numchambre, etat) VALUES (nextval('chambre_idchambre_seq'), 3, 1, 'Disponible');
INSERT INTO proposer (numtype, numresort) VALUES (3, 6) ON CONFLICT DO NOTHING;
INSERT INTO chambre (idchambre, numtype, numchambre, etat) VALUES (nextval('chambre_idchambre_seq'), 3, 2, 'Disponible');
INSERT INTO proposer (numtype, numresort) VALUES (3, 6) ON CONFLICT DO NOTHING;
INSERT INTO chambre (idchambre, numtype, numchambre, etat) VALUES (nextval('chambre_idchambre_seq'), 3, 3, 'Occupée');
INSERT INTO proposer (numtype, numresort) VALUES (3, 6) ON CONFLICT DO NOTHING;
INSERT INTO chambre (idchambre, numtype, numchambre, etat) VALUES (nextval('chambre_idchambre_seq'), 3, 4, 'Disponible');
INSERT INTO proposer (numtype, numresort) VALUES (3, 6) ON CONFLICT DO NOTHING;
INSERT INTO chambre (idchambre, numtype, numchambre, etat) VALUES (nextval('chambre_idchambre_seq'), 3, 5, 'Occupée');
INSERT INTO proposer (numtype, numresort) VALUES (3, 6) ON CONFLICT DO NOTHING;
INSERT INTO chambre (idchambre, numtype, numchambre, etat) VALUES (nextval('chambre_idchambre_seq'), 3, 6, 'Maintenance');
INSERT INTO proposer (numtype, numresort) VALUES (3, 6) ON CONFLICT DO NOTHING;
INSERT INTO chambre (idchambre, numtype, numchambre, etat) VALUES (nextval('chambre_idchambre_seq'), 3, 7, 'Maintenance');
INSERT INTO proposer (numtype, numresort) VALUES (3, 6) ON CONFLICT DO NOTHING;
INSERT INTO chambre (idchambre, numtype, numchambre, etat) VALUES (nextval('chambre_idchambre_seq'), 3, 8, 'Occupée');
INSERT INTO proposer (numtype, numresort) VALUES (3, 6) ON CONFLICT DO NOTHING;
INSERT INTO chambre (idchambre, numtype, numchambre, etat) VALUES (nextval('chambre_idchambre_seq'), 3, 9, 'Occupée');
INSERT INTO proposer (numtype, numresort) VALUES (3, 6) ON CONFLICT DO NOTHING;
INSERT INTO chambre (idchambre, numtype, numchambre, etat) VALUES (nextval('chambre_idchambre_seq'), 3, 10, 'Maintenance');
INSERT INTO proposer (numtype, numresort) VALUES (3, 6) ON CONFLICT DO NOTHING;
INSERT INTO chambre (idchambre, numtype, numchambre, etat) VALUES (nextval('chambre_idchambre_seq'), 3, 11, 'Disponible');
INSERT INTO proposer (numtype, numresort) VALUES (3, 6) ON CONFLICT DO NOTHING;
INSERT INTO chambre (idchambre, numtype, numchambre, etat) VALUES (nextval('chambre_idchambre_seq'), 4, 1, 'Disponible');
INSERT INTO proposer (numtype, numresort) VALUES (4, 6) ON CONFLICT DO NOTHING;
INSERT INTO chambre (idchambre, numtype, numchambre, etat) VALUES (nextval('chambre_idchambre_seq'), 4, 2, 'Occupée');
INSERT INTO proposer (numtype, numresort) VALUES (4, 6) ON CONFLICT DO NOTHING;
INSERT INTO chambre (idchambre, numtype, numchambre, etat) VALUES (nextval('chambre_idchambre_seq'), 4, 3, 'Occupée');
INSERT INTO proposer (numtype, numresort) VALUES (4, 6) ON CONFLICT DO NOTHING;
INSERT INTO chambre (idchambre, numtype, numchambre, etat) VALUES (nextval('chambre_idchambre_seq'), 4, 4, 'Maintenance');
INSERT INTO proposer (numtype, numresort) VALUES (4, 6) ON CONFLICT DO NOTHING;
INSERT INTO chambre (idchambre, numtype, numchambre, etat) VALUES (nextval('chambre_idchambre_seq'), 4, 5, 'Maintenance');
INSERT INTO proposer (numtype, numresort) VALUES (4, 6) ON CONFLICT DO NOTHING;
INSERT INTO chambre (idchambre, numtype, numchambre, etat) VALUES (nextval('chambre_idchambre_seq'), 4, 6, 'Occupée');
INSERT INTO proposer (numtype, numresort) VALUES (4, 6) ON CONFLICT DO NOTHING;
INSERT INTO chambre (idchambre, numtype, numchambre, etat) VALUES (nextval('chambre_idchambre_seq'), 4, 7, 'Maintenance');
INSERT INTO proposer (numtype, numresort) VALUES (4, 6) ON CONFLICT DO NOTHING;
INSERT INTO chambre (idchambre, numtype, numchambre, etat) VALUES (nextval('chambre_idchambre_seq'), 4, 1, 'Maintenance');
INSERT INTO proposer (numtype, numresort) VALUES (4, 7) ON CONFLICT DO NOTHING;
INSERT INTO chambre (idchambre, numtype, numchambre, etat) VALUES (nextval('chambre_idchambre_seq'), 4, 2, 'Disponible');
INSERT INTO proposer (numtype, numresort) VALUES (4, 7) ON CONFLICT DO NOTHING;
INSERT INTO chambre (idchambre, numtype, numchambre, etat) VALUES (nextval('chambre_idchambre_seq'), 4, 3, 'Occupée');
INSERT INTO proposer (numtype, numresort) VALUES (4, 7) ON CONFLICT DO NOTHING;
INSERT INTO chambre (idchambre, numtype, numchambre, etat) VALUES (nextval('chambre_idchambre_seq'), 4, 4, 'Occupée');
INSERT INTO proposer (numtype, numresort) VALUES (4, 7) ON CONFLICT DO NOTHING;
INSERT INTO chambre (idchambre, numtype, numchambre, etat) VALUES (nextval('chambre_idchambre_seq'), 4, 5, 'Maintenance');
INSERT INTO proposer (numtype, numresort) VALUES (4, 7) ON CONFLICT DO NOTHING;
INSERT INTO chambre (idchambre, numtype, numchambre, etat) VALUES (nextval('chambre_idchambre_seq'), 4, 6, 'Maintenance');
INSERT INTO proposer (numtype, numresort) VALUES (4, 7) ON CONFLICT DO NOTHING;
INSERT INTO chambre (idchambre, numtype, numchambre, etat) VALUES (nextval('chambre_idchambre_seq'), 4, 7, 'Occupée');
INSERT INTO proposer (numtype, numresort) VALUES (4, 7) ON CONFLICT DO NOTHING;
INSERT INTO chambre (idchambre, numtype, numchambre, etat) VALUES (nextval('chambre_idchambre_seq'), 4, 8, 'Disponible');
INSERT INTO proposer (numtype, numresort) VALUES (4, 7) ON CONFLICT DO NOTHING;
INSERT INTO chambre (idchambre, numtype, numchambre, etat) VALUES (nextval('chambre_idchambre_seq'), 4, 9, 'Maintenance');
INSERT INTO proposer (numtype, numresort) VALUES (4, 7) ON CONFLICT DO NOTHING;
INSERT INTO chambre (idchambre, numtype, numchambre, etat) VALUES (nextval('chambre_idchambre_seq'), 4, 10, 'Maintenance');
INSERT INTO proposer (numtype, numresort) VALUES (4, 7) ON CONFLICT DO NOTHING;
INSERT INTO chambre (idchambre, numtype, numchambre, etat) VALUES (nextval('chambre_idchambre_seq'), 4, 11, 'Maintenance');
INSERT INTO proposer (numtype, numresort) VALUES (4, 7) ON CONFLICT DO NOTHING;
INSERT INTO chambre (idchambre, numtype, numchambre, etat) VALUES (nextval('chambre_idchambre_seq'), 4, 12, 'Disponible');
INSERT INTO proposer (numtype, numresort) VALUES (4, 7) ON CONFLICT DO NOTHING;
INSERT INTO chambre (idchambre, numtype, numchambre, etat) VALUES (nextval('chambre_idchambre_seq'), 4, 13, 'Disponible');
INSERT INTO proposer (numtype, numresort) VALUES (4, 7) ON CONFLICT DO NOTHING;
INSERT INTO chambre (idchambre, numtype, numchambre, etat) VALUES (nextval('chambre_idchambre_seq'), 4, 14, 'Occupée');
INSERT INTO proposer (numtype, numresort) VALUES (4, 7) ON CONFLICT DO NOTHING;
INSERT INTO chambre (idchambre, numtype, numchambre, etat) VALUES (nextval('chambre_idchambre_seq'), 4, 15, 'Maintenance');
INSERT INTO proposer (numtype, numresort) VALUES (4, 7) ON CONFLICT DO NOTHING;
INSERT INTO chambre (idchambre, numtype, numchambre, etat) VALUES (nextval('chambre_idchambre_seq'), 1, 1, 'Disponible');
INSERT INTO proposer (numtype, numresort) VALUES (1, 7) ON CONFLICT DO NOTHING;
INSERT INTO chambre (idchambre, numtype, numchambre, etat) VALUES (nextval('chambre_idchambre_seq'), 1, 2, 'Maintenance');
INSERT INTO proposer (numtype, numresort) VALUES (1, 7) ON CONFLICT DO NOTHING;
INSERT INTO chambre (idchambre, numtype, numchambre, etat) VALUES (nextval('chambre_idchambre_seq'), 1, 3, 'Disponible');
INSERT INTO proposer (numtype, numresort) VALUES (1, 7) ON CONFLICT DO NOTHING;
INSERT INTO chambre (idchambre, numtype, numchambre, etat) VALUES (nextval('chambre_idchambre_seq'), 1, 4, 'Occupée');
INSERT INTO proposer (numtype, numresort) VALUES (1, 7) ON CONFLICT DO NOTHING;
INSERT INTO chambre (idchambre, numtype, numchambre, etat) VALUES (nextval('chambre_idchambre_seq'), 1, 5, 'Disponible');
INSERT INTO proposer (numtype, numresort) VALUES (1, 7) ON CONFLICT DO NOTHING;
INSERT INTO chambre (idchambre, numtype, numchambre, etat) VALUES (nextval('chambre_idchambre_seq'), 1, 6, 'Disponible');
INSERT INTO proposer (numtype, numresort) VALUES (1, 7) ON CONFLICT DO NOTHING;
INSERT INTO chambre (idchambre, numtype, numchambre, etat) VALUES (nextval('chambre_idchambre_seq'), 5, 1, 'Maintenance');
INSERT INTO proposer (numtype, numresort) VALUES (5, 7) ON CONFLICT DO NOTHING;
INSERT INTO chambre (idchambre, numtype, numchambre, etat) VALUES (nextval('chambre_idchambre_seq'), 5, 2, 'Disponible');
INSERT INTO proposer (numtype, numresort) VALUES (5, 7) ON CONFLICT DO NOTHING;
INSERT INTO chambre (idchambre, numtype, numchambre, etat) VALUES (nextval('chambre_idchambre_seq'), 5, 3, 'Occupée');
INSERT INTO proposer (numtype, numresort) VALUES (5, 7) ON CONFLICT DO NOTHING;
INSERT INTO chambre (idchambre, numtype, numchambre, etat) VALUES (nextval('chambre_idchambre_seq'), 5, 4, 'Maintenance');
INSERT INTO proposer (numtype, numresort) VALUES (5, 7) ON CONFLICT DO NOTHING;
INSERT INTO chambre (idchambre, numtype, numchambre, etat) VALUES (nextval('chambre_idchambre_seq'), 5, 5, 'Occupée');
INSERT INTO proposer (numtype, numresort) VALUES (5, 7) ON CONFLICT DO NOTHING;
INSERT INTO chambre (idchambre, numtype, numchambre, etat) VALUES (nextval('chambre_idchambre_seq'), 5, 6, 'Disponible');
INSERT INTO proposer (numtype, numresort) VALUES (5, 7) ON CONFLICT DO NOTHING;
INSERT INTO chambre (idchambre, numtype, numchambre, etat) VALUES (nextval('chambre_idchambre_seq'), 5, 7, 'Occupée');
INSERT INTO proposer (numtype, numresort) VALUES (5, 7) ON CONFLICT DO NOTHING;
INSERT INTO chambre (idchambre, numtype, numchambre, etat) VALUES (nextval('chambre_idchambre_seq'), 5, 8, 'Disponible');
INSERT INTO proposer (numtype, numresort) VALUES (5, 7) ON CONFLICT DO NOTHING;
INSERT INTO chambre (idchambre, numtype, numchambre, etat) VALUES (nextval('chambre_idchambre_seq'), 5, 9, 'Maintenance');
INSERT INTO proposer (numtype, numresort) VALUES (5, 7) ON CONFLICT DO NOTHING;
INSERT INTO chambre (idchambre, numtype, numchambre, etat) VALUES (nextval('chambre_idchambre_seq'), 5, 10, 'Maintenance');
INSERT INTO proposer (numtype, numresort) VALUES (5, 7) ON CONFLICT DO NOTHING;
INSERT INTO chambre (idchambre, numtype, numchambre, etat) VALUES (nextval('chambre_idchambre_seq'), 5, 11, 'Occupée');
INSERT INTO proposer (numtype, numresort) VALUES (5, 7) ON CONFLICT DO NOTHING;
INSERT INTO chambre (idchambre, numtype, numchambre, etat) VALUES (nextval('chambre_idchambre_seq'), 5, 12, 'Disponible');
INSERT INTO proposer (numtype, numresort) VALUES (5, 7) ON CONFLICT DO NOTHING;
INSERT INTO chambre (idchambre, numtype, numchambre, etat) VALUES (nextval('chambre_idchambre_seq'), 5, 13, 'Maintenance');
INSERT INTO proposer (numtype, numresort) VALUES (5, 7) ON CONFLICT DO NOTHING;
INSERT INTO chambre (idchambre, numtype, numchambre, etat) VALUES (nextval('chambre_idchambre_seq'), 5, 14, 'Occupée');
INSERT INTO proposer (numtype, numresort) VALUES (5, 7) ON CONFLICT DO NOTHING;
INSERT INTO chambre (idchambre, numtype, numchambre, etat) VALUES (nextval('chambre_idchambre_seq'), 5, 15, 'Maintenance');
INSERT INTO proposer (numtype, numresort) VALUES (5, 7) ON CONFLICT DO NOTHING;
INSERT INTO chambre (idchambre, numtype, numchambre, etat) VALUES (nextval('chambre_idchambre_seq'), 1, 1, 'Maintenance');
INSERT INTO proposer (numtype, numresort) VALUES (1, 8) ON CONFLICT DO NOTHING;
INSERT INTO chambre (idchambre, numtype, numchambre, etat) VALUES (nextval('chambre_idchambre_seq'), 1, 2, 'Maintenance');
INSERT INTO proposer (numtype, numresort) VALUES (1, 8) ON CONFLICT DO NOTHING;
INSERT INTO chambre (idchambre, numtype, numchambre, etat) VALUES (nextval('chambre_idchambre_seq'), 1, 3, 'Maintenance');
INSERT INTO proposer (numtype, numresort) VALUES (1, 8) ON CONFLICT DO NOTHING;
INSERT INTO chambre (idchambre, numtype, numchambre, etat) VALUES (nextval('chambre_idchambre_seq'), 1, 4, 'Maintenance');
INSERT INTO proposer (numtype, numresort) VALUES (1, 8) ON CONFLICT DO NOTHING;
INSERT INTO chambre (idchambre, numtype, numchambre, etat) VALUES (nextval('chambre_idchambre_seq'), 1, 5, 'Occupée');
INSERT INTO proposer (numtype, numresort) VALUES (1, 8) ON CONFLICT DO NOTHING;
INSERT INTO chambre (idchambre, numtype, numchambre, etat) VALUES (nextval('chambre_idchambre_seq'), 1, 6, 'Maintenance');
INSERT INTO proposer (numtype, numresort) VALUES (1, 8) ON CONFLICT DO NOTHING;
INSERT INTO chambre (idchambre, numtype, numchambre, etat) VALUES (nextval('chambre_idchambre_seq'), 1, 7, 'Disponible');
INSERT INTO proposer (numtype, numresort) VALUES (1, 8) ON CONFLICT DO NOTHING;
INSERT INTO chambre (idchambre, numtype, numchambre, etat) VALUES (nextval('chambre_idchambre_seq'), 1, 8, 'Disponible');
INSERT INTO proposer (numtype, numresort) VALUES (1, 8) ON CONFLICT DO NOTHING;
INSERT INTO chambre (idchambre, numtype, numchambre, etat) VALUES (nextval('chambre_idchambre_seq'), 1, 9, 'Disponible');
INSERT INTO proposer (numtype, numresort) VALUES (1, 8) ON CONFLICT DO NOTHING;
INSERT INTO chambre (idchambre, numtype, numchambre, etat) VALUES (nextval('chambre_idchambre_seq'), 1, 10, 'Disponible');
INSERT INTO proposer (numtype, numresort) VALUES (1, 8) ON CONFLICT DO NOTHING;
INSERT INTO chambre (idchambre, numtype, numchambre, etat) VALUES (nextval('chambre_idchambre_seq'), 2, 1, 'Maintenance');
INSERT INTO proposer (numtype, numresort) VALUES (2, 8) ON CONFLICT DO NOTHING;
INSERT INTO chambre (idchambre, numtype, numchambre, etat) VALUES (nextval('chambre_idchambre_seq'), 2, 2, 'Disponible');
INSERT INTO proposer (numtype, numresort) VALUES (2, 8) ON CONFLICT DO NOTHING;
INSERT INTO chambre (idchambre, numtype, numchambre, etat) VALUES (nextval('chambre_idchambre_seq'), 2, 3, 'Maintenance');
INSERT INTO proposer (numtype, numresort) VALUES (2, 8) ON CONFLICT DO NOTHING;
INSERT INTO chambre (idchambre, numtype, numchambre, etat) VALUES (nextval('chambre_idchambre_seq'), 2, 4, 'Occupée');
INSERT INTO proposer (numtype, numresort) VALUES (2, 8) ON CONFLICT DO NOTHING;
INSERT INTO chambre (idchambre, numtype, numchambre, etat) VALUES (nextval('chambre_idchambre_seq'), 2, 5, 'Maintenance');
INSERT INTO proposer (numtype, numresort) VALUES (2, 8) ON CONFLICT DO NOTHING;
INSERT INTO chambre (idchambre, numtype, numchambre, etat) VALUES (nextval('chambre_idchambre_seq'), 2, 6, 'Maintenance');
INSERT INTO proposer (numtype, numresort) VALUES (2, 8) ON CONFLICT DO NOTHING;
INSERT INTO chambre (idchambre, numtype, numchambre, etat) VALUES (nextval('chambre_idchambre_seq'), 2, 7, 'Disponible');
INSERT INTO proposer (numtype, numresort) VALUES (2, 8) ON CONFLICT DO NOTHING;
INSERT INTO chambre (idchambre, numtype, numchambre, etat) VALUES (nextval('chambre_idchambre_seq'), 2, 8, 'Occupée');
INSERT INTO proposer (numtype, numresort) VALUES (2, 8) ON CONFLICT DO NOTHING;
INSERT INTO chambre (idchambre, numtype, numchambre, etat) VALUES (nextval('chambre_idchambre_seq'), 2, 9, 'Maintenance');
INSERT INTO proposer (numtype, numresort) VALUES (2, 8) ON CONFLICT DO NOTHING;
INSERT INTO chambre (idchambre, numtype, numchambre, etat) VALUES (nextval('chambre_idchambre_seq'), 2, 10, 'Maintenance');
INSERT INTO proposer (numtype, numresort) VALUES (2, 8) ON CONFLICT DO NOTHING;
INSERT INTO chambre (idchambre, numtype, numchambre, etat) VALUES (nextval('chambre_idchambre_seq'), 2, 11, 'Occupée');
INSERT INTO proposer (numtype, numresort) VALUES (2, 8) ON CONFLICT DO NOTHING;
INSERT INTO chambre (idchambre, numtype, numchambre, etat) VALUES (nextval('chambre_idchambre_seq'), 2, 12, 'Maintenance');
INSERT INTO proposer (numtype, numresort) VALUES (2, 8) ON CONFLICT DO NOTHING;
INSERT INTO chambre (idchambre, numtype, numchambre, etat) VALUES (nextval('chambre_idchambre_seq'), 2, 13, 'Occupée');
INSERT INTO proposer (numtype, numresort) VALUES (2, 8) ON CONFLICT DO NOTHING;
INSERT INTO chambre (idchambre, numtype, numchambre, etat) VALUES (nextval('chambre_idchambre_seq'), 3, 1, 'Disponible');
INSERT INTO proposer (numtype, numresort) VALUES (3, 8) ON CONFLICT DO NOTHING;
INSERT INTO chambre (idchambre, numtype, numchambre, etat) VALUES (nextval('chambre_idchambre_seq'), 3, 2, 'Maintenance');
INSERT INTO proposer (numtype, numresort) VALUES (3, 8) ON CONFLICT DO NOTHING;
INSERT INTO chambre (idchambre, numtype, numchambre, etat) VALUES (nextval('chambre_idchambre_seq'), 3, 3, 'Occupée');
INSERT INTO proposer (numtype, numresort) VALUES (3, 8) ON CONFLICT DO NOTHING;
INSERT INTO chambre (idchambre, numtype, numchambre, etat) VALUES (nextval('chambre_idchambre_seq'), 3, 4, 'Occupée');
INSERT INTO proposer (numtype, numresort) VALUES (3, 8) ON CONFLICT DO NOTHING;
INSERT INTO chambre (idchambre, numtype, numchambre, etat) VALUES (nextval('chambre_idchambre_seq'), 3, 5, 'Occupée');
INSERT INTO proposer (numtype, numresort) VALUES (3, 8) ON CONFLICT DO NOTHING;
INSERT INTO chambre (idchambre, numtype, numchambre, etat) VALUES (nextval('chambre_idchambre_seq'), 3, 6, 'Disponible');
INSERT INTO proposer (numtype, numresort) VALUES (3, 8) ON CONFLICT DO NOTHING;
INSERT INTO chambre (idchambre, numtype, numchambre, etat) VALUES (nextval('chambre_idchambre_seq'), 3, 7, 'Maintenance');
INSERT INTO proposer (numtype, numresort) VALUES (3, 8) ON CONFLICT DO NOTHING;
INSERT INTO chambre (idchambre, numtype, numchambre, etat) VALUES (nextval('chambre_idchambre_seq'), 3, 8, 'Disponible');
INSERT INTO proposer (numtype, numresort) VALUES (3, 8) ON CONFLICT DO NOTHING;
INSERT INTO chambre (idchambre, numtype, numchambre, etat) VALUES (nextval('chambre_idchambre_seq'), 3, 9, 'Disponible');
INSERT INTO proposer (numtype, numresort) VALUES (3, 8) ON CONFLICT DO NOTHING;
INSERT INTO chambre (idchambre, numtype, numchambre, etat) VALUES (nextval('chambre_idchambre_seq'), 3, 10, 'Occupée');
INSERT INTO proposer (numtype, numresort) VALUES (3, 8) ON CONFLICT DO NOTHING;
INSERT INTO chambre (idchambre, numtype, numchambre, etat) VALUES (nextval('chambre_idchambre_seq'), 3, 11, 'Occupée');
INSERT INTO proposer (numtype, numresort) VALUES (3, 8) ON CONFLICT DO NOTHING;
INSERT INTO chambre (idchambre, numtype, numchambre, etat) VALUES (nextval('chambre_idchambre_seq'), 3, 12, 'Occupée');
INSERT INTO proposer (numtype, numresort) VALUES (3, 8) ON CONFLICT DO NOTHING;
INSERT INTO chambre (idchambre, numtype, numchambre, etat) VALUES (nextval('chambre_idchambre_seq'), 3, 13, 'Occupée');
INSERT INTO proposer (numtype, numresort) VALUES (3, 8) ON CONFLICT DO NOTHING;
INSERT INTO chambre (idchambre, numtype, numchambre, etat) VALUES (nextval('chambre_idchambre_seq'), 3, 14, 'Disponible');
INSERT INTO proposer (numtype, numresort) VALUES (3, 8) ON CONFLICT DO NOTHING;
INSERT INTO chambre (idchambre, numtype, numchambre, etat) VALUES (nextval('chambre_idchambre_seq'), 3, 15, 'Occupée');
INSERT INTO proposer (numtype, numresort) VALUES (3, 8) ON CONFLICT DO NOTHING;
INSERT INTO chambre (idchambre, numtype, numchambre, etat) VALUES (nextval('chambre_idchambre_seq'), 3, 16, 'Maintenance');
INSERT INTO proposer (numtype, numresort) VALUES (3, 8) ON CONFLICT DO NOTHING;
INSERT INTO chambre (idchambre, numtype, numchambre, etat) VALUES (nextval('chambre_idchambre_seq'), 3, 17, 'Disponible');
INSERT INTO proposer (numtype, numresort) VALUES (3, 8) ON CONFLICT DO NOTHING;
INSERT INTO chambre (idchambre, numtype, numchambre, etat) VALUES (nextval('chambre_idchambre_seq'), 3, 18, 'Occupée');
INSERT INTO proposer (numtype, numresort) VALUES (3, 8) ON CONFLICT DO NOTHING;
INSERT INTO chambre (idchambre, numtype, numchambre, etat) VALUES (nextval('chambre_idchambre_seq'), 3, 19, 'Maintenance');
INSERT INTO proposer (numtype, numresort) VALUES (3, 8) ON CONFLICT DO NOTHING;
INSERT INTO chambre (idchambre, numtype, numchambre, etat) VALUES (nextval('chambre_idchambre_seq'), 3, 20, 'Occupée');
INSERT INTO proposer (numtype, numresort) VALUES (3, 8) ON CONFLICT DO NOTHING;
INSERT INTO chambre (idchambre, numtype, numchambre, etat) VALUES (nextval('chambre_idchambre_seq'), 5, 1, 'Occupée');
INSERT INTO proposer (numtype, numresort) VALUES (5, 8) ON CONFLICT DO NOTHING;
INSERT INTO chambre (idchambre, numtype, numchambre, etat) VALUES (nextval('chambre_idchambre_seq'), 5, 2, 'Disponible');
INSERT INTO proposer (numtype, numresort) VALUES (5, 8) ON CONFLICT DO NOTHING;
INSERT INTO chambre (idchambre, numtype, numchambre, etat) VALUES (nextval('chambre_idchambre_seq'), 5, 3, 'Occupée');
INSERT INTO proposer (numtype, numresort) VALUES (5, 8) ON CONFLICT DO NOTHING;
INSERT INTO chambre (idchambre, numtype, numchambre, etat) VALUES (nextval('chambre_idchambre_seq'), 5, 4, 'Maintenance');
INSERT INTO proposer (numtype, numresort) VALUES (5, 8) ON CONFLICT DO NOTHING;
INSERT INTO chambre (idchambre, numtype, numchambre, etat) VALUES (nextval('chambre_idchambre_seq'), 5, 5, 'Maintenance');
INSERT INTO proposer (numtype, numresort) VALUES (5, 8) ON CONFLICT DO NOTHING;
INSERT INTO chambre (idchambre, numtype, numchambre, etat) VALUES (nextval('chambre_idchambre_seq'), 5, 6, 'Disponible');
INSERT INTO proposer (numtype, numresort) VALUES (5, 8) ON CONFLICT DO NOTHING;
INSERT INTO chambre (idchambre, numtype, numchambre, etat) VALUES (nextval('chambre_idchambre_seq'), 5, 7, 'Occupée');
INSERT INTO proposer (numtype, numresort) VALUES (5, 8) ON CONFLICT DO NOTHING;
INSERT INTO chambre (idchambre, numtype, numchambre, etat) VALUES (nextval('chambre_idchambre_seq'), 5, 8, 'Disponible');
INSERT INTO proposer (numtype, numresort) VALUES (5, 8) ON CONFLICT DO NOTHING;
INSERT INTO chambre (idchambre, numtype, numchambre, etat) VALUES (nextval('chambre_idchambre_seq'), 5, 9, 'Occupée');
INSERT INTO proposer (numtype, numresort) VALUES (5, 8) ON CONFLICT DO NOTHING;
INSERT INTO chambre (idchambre, numtype, numchambre, etat) VALUES (nextval('chambre_idchambre_seq'), 5, 10, 'Disponible');
INSERT INTO proposer (numtype, numresort) VALUES (5, 8) ON CONFLICT DO NOTHING;
INSERT INTO chambre (idchambre, numtype, numchambre, etat) VALUES (nextval('chambre_idchambre_seq'), 5, 11, 'Occupée');
INSERT INTO proposer (numtype, numresort) VALUES (5, 8) ON CONFLICT DO NOTHING;
INSERT INTO chambre (idchambre, numtype, numchambre, etat) VALUES (nextval('chambre_idchambre_seq'), 5, 12, 'Occupée');
INSERT INTO proposer (numtype, numresort) VALUES (5, 8) ON CONFLICT DO NOTHING;
INSERT INTO chambre (idchambre, numtype, numchambre, etat) VALUES (nextval('chambre_idchambre_seq'), 5, 13, 'Disponible');
INSERT INTO proposer (numtype, numresort) VALUES (5, 8) ON CONFLICT DO NOTHING;
INSERT INTO chambre (idchambre, numtype, numchambre, etat) VALUES (nextval('chambre_idchambre_seq'), 5, 14, 'Disponible');
INSERT INTO proposer (numtype, numresort) VALUES (5, 8) ON CONFLICT DO NOTHING;
INSERT INTO chambre (idchambre, numtype, numchambre, etat) VALUES (nextval('chambre_idchambre_seq'), 5, 15, 'Disponible');
INSERT INTO proposer (numtype, numresort) VALUES (5, 8) ON CONFLICT DO NOTHING;
INSERT INTO chambre (idchambre, numtype, numchambre, etat) VALUES (nextval('chambre_idchambre_seq'), 5, 16, 'Disponible');
INSERT INTO proposer (numtype, numresort) VALUES (5, 8) ON CONFLICT DO NOTHING;
INSERT INTO chambre (idchambre, numtype, numchambre, etat) VALUES (nextval('chambre_idchambre_seq'), 4, 1, 'Occupée');
INSERT INTO proposer (numtype, numresort) VALUES (4, 9) ON CONFLICT DO NOTHING;
INSERT INTO chambre (idchambre, numtype, numchambre, etat) VALUES (nextval('chambre_idchambre_seq'), 4, 2, 'Maintenance');
INSERT INTO proposer (numtype, numresort) VALUES (4, 9) ON CONFLICT DO NOTHING;
INSERT INTO chambre (idchambre, numtype, numchambre, etat) VALUES (nextval('chambre_idchambre_seq'), 4, 3, 'Maintenance');
INSERT INTO proposer (numtype, numresort) VALUES (4, 9) ON CONFLICT DO NOTHING;
INSERT INTO chambre (idchambre, numtype, numchambre, etat) VALUES (nextval('chambre_idchambre_seq'), 4, 4, 'Occupée');
INSERT INTO proposer (numtype, numresort) VALUES (4, 9) ON CONFLICT DO NOTHING;
INSERT INTO chambre (idchambre, numtype, numchambre, etat) VALUES (nextval('chambre_idchambre_seq'), 4, 5, 'Disponible');
INSERT INTO proposer (numtype, numresort) VALUES (4, 9) ON CONFLICT DO NOTHING;
INSERT INTO chambre (idchambre, numtype, numchambre, etat) VALUES (nextval('chambre_idchambre_seq'), 4, 6, 'Disponible');
INSERT INTO proposer (numtype, numresort) VALUES (4, 9) ON CONFLICT DO NOTHING;
INSERT INTO chambre (idchambre, numtype, numchambre, etat) VALUES (nextval('chambre_idchambre_seq'), 4, 7, 'Occupée');
INSERT INTO proposer (numtype, numresort) VALUES (4, 9) ON CONFLICT DO NOTHING;
INSERT INTO chambre (idchambre, numtype, numchambre, etat) VALUES (nextval('chambre_idchambre_seq'), 4, 8, 'Maintenance');
INSERT INTO proposer (numtype, numresort) VALUES (4, 9) ON CONFLICT DO NOTHING;
INSERT INTO chambre (idchambre, numtype, numchambre, etat) VALUES (nextval('chambre_idchambre_seq'), 4, 9, 'Occupée');
INSERT INTO proposer (numtype, numresort) VALUES (4, 9) ON CONFLICT DO NOTHING;
INSERT INTO chambre (idchambre, numtype, numchambre, etat) VALUES (nextval('chambre_idchambre_seq'), 4, 10, 'Occupée');
INSERT INTO proposer (numtype, numresort) VALUES (4, 9) ON CONFLICT DO NOTHING;
INSERT INTO chambre (idchambre, numtype, numchambre, etat) VALUES (nextval('chambre_idchambre_seq'), 5, 1, 'Occupée');
INSERT INTO proposer (numtype, numresort) VALUES (5, 9) ON CONFLICT DO NOTHING;
INSERT INTO chambre (idchambre, numtype, numchambre, etat) VALUES (nextval('chambre_idchambre_seq'), 5, 2, 'Disponible');
INSERT INTO proposer (numtype, numresort) VALUES (5, 9) ON CONFLICT DO NOTHING;
INSERT INTO chambre (idchambre, numtype, numchambre, etat) VALUES (nextval('chambre_idchambre_seq'), 5, 3, 'Disponible');
INSERT INTO proposer (numtype, numresort) VALUES (5, 9) ON CONFLICT DO NOTHING;
INSERT INTO chambre (idchambre, numtype, numchambre, etat) VALUES (nextval('chambre_idchambre_seq'), 5, 4, 'Occupée');
INSERT INTO proposer (numtype, numresort) VALUES (5, 9) ON CONFLICT DO NOTHING;
INSERT INTO chambre (idchambre, numtype, numchambre, etat) VALUES (nextval('chambre_idchambre_seq'), 5, 5, 'Maintenance');
INSERT INTO proposer (numtype, numresort) VALUES (5, 9) ON CONFLICT DO NOTHING;
INSERT INTO chambre (idchambre, numtype, numchambre, etat) VALUES (nextval('chambre_idchambre_seq'), 5, 6, 'Occupée');
INSERT INTO proposer (numtype, numresort) VALUES (5, 9) ON CONFLICT DO NOTHING;
INSERT INTO chambre (idchambre, numtype, numchambre, etat) VALUES (nextval('chambre_idchambre_seq'), 5, 7, 'Disponible');
INSERT INTO proposer (numtype, numresort) VALUES (5, 9) ON CONFLICT DO NOTHING;
INSERT INTO chambre (idchambre, numtype, numchambre, etat) VALUES (nextval('chambre_idchambre_seq'), 5, 8, 'Disponible');
INSERT INTO proposer (numtype, numresort) VALUES (5, 9) ON CONFLICT DO NOTHING;
INSERT INTO chambre (idchambre, numtype, numchambre, etat) VALUES (nextval('chambre_idchambre_seq'), 5, 9, 'Maintenance');
INSERT INTO proposer (numtype, numresort) VALUES (5, 9) ON CONFLICT DO NOTHING;
INSERT INTO chambre (idchambre, numtype, numchambre, etat) VALUES (nextval('chambre_idchambre_seq'), 5, 10, 'Occupée');
INSERT INTO proposer (numtype, numresort) VALUES (5, 9) ON CONFLICT DO NOTHING;
INSERT INTO chambre (idchambre, numtype, numchambre, etat) VALUES (nextval('chambre_idchambre_seq'), 5, 11, 'Disponible');
INSERT INTO proposer (numtype, numresort) VALUES (5, 9) ON CONFLICT DO NOTHING;
INSERT INTO chambre (idchambre, numtype, numchambre, etat) VALUES (nextval('chambre_idchambre_seq'), 5, 12, 'Disponible');
INSERT INTO proposer (numtype, numresort) VALUES (5, 9) ON CONFLICT DO NOTHING;
INSERT INTO chambre (idchambre, numtype, numchambre, etat) VALUES (nextval('chambre_idchambre_seq'), 5, 13, 'Occupée');
INSERT INTO proposer (numtype, numresort) VALUES (5, 9) ON CONFLICT DO NOTHING;
INSERT INTO chambre (idchambre, numtype, numchambre, etat) VALUES (nextval('chambre_idchambre_seq'), 5, 14, 'Occupée');
INSERT INTO proposer (numtype, numresort) VALUES (5, 9) ON CONFLICT DO NOTHING;
INSERT INTO chambre (idchambre, numtype, numchambre, etat) VALUES (nextval('chambre_idchambre_seq'), 1, 1, 'Occupée');
INSERT INTO proposer (numtype, numresort) VALUES (1, 9) ON CONFLICT DO NOTHING;
INSERT INTO chambre (idchambre, numtype, numchambre, etat) VALUES (nextval('chambre_idchambre_seq'), 1, 2, 'Maintenance');
INSERT INTO proposer (numtype, numresort) VALUES (1, 9) ON CONFLICT DO NOTHING;
INSERT INTO chambre (idchambre, numtype, numchambre, etat) VALUES (nextval('chambre_idchambre_seq'), 1, 3, 'Disponible');
INSERT INTO proposer (numtype, numresort) VALUES (1, 9) ON CONFLICT DO NOTHING;
INSERT INTO chambre (idchambre, numtype, numchambre, etat) VALUES (nextval('chambre_idchambre_seq'), 1, 4, 'Disponible');
INSERT INTO proposer (numtype, numresort) VALUES (1, 9) ON CONFLICT DO NOTHING;
INSERT INTO chambre (idchambre, numtype, numchambre, etat) VALUES (nextval('chambre_idchambre_seq'), 1, 5, 'Occupée');
INSERT INTO proposer (numtype, numresort) VALUES (1, 9) ON CONFLICT DO NOTHING;
INSERT INTO chambre (idchambre, numtype, numchambre, etat) VALUES (nextval('chambre_idchambre_seq'), 1, 6, 'Disponible');
INSERT INTO proposer (numtype, numresort) VALUES (1, 9) ON CONFLICT DO NOTHING;
INSERT INTO chambre (idchambre, numtype, numchambre, etat) VALUES (nextval('chambre_idchambre_seq'), 1, 7, 'Occupée');
INSERT INTO proposer (numtype, numresort) VALUES (1, 9) ON CONFLICT DO NOTHING;
INSERT INTO chambre (idchambre, numtype, numchambre, etat) VALUES (nextval('chambre_idchambre_seq'), 1, 8, 'Maintenance');
INSERT INTO proposer (numtype, numresort) VALUES (1, 9) ON CONFLICT DO NOTHING;
INSERT INTO chambre (idchambre, numtype, numchambre, etat) VALUES (nextval('chambre_idchambre_seq'), 1, 9, 'Occupée');
INSERT INTO proposer (numtype, numresort) VALUES (1, 9) ON CONFLICT DO NOTHING;
INSERT INTO chambre (idchambre, numtype, numchambre, etat) VALUES (nextval('chambre_idchambre_seq'), 1, 10, 'Occupée');
INSERT INTO proposer (numtype, numresort) VALUES (1, 9) ON CONFLICT DO NOTHING;
INSERT INTO chambre (idchambre, numtype, numchambre, etat) VALUES (nextval('chambre_idchambre_seq'), 1, 11, 'Occupée');
INSERT INTO proposer (numtype, numresort) VALUES (1, 9) ON CONFLICT DO NOTHING;
INSERT INTO chambre (idchambre, numtype, numchambre, etat) VALUES (nextval('chambre_idchambre_seq'), 1, 12, 'Disponible');
INSERT INTO proposer (numtype, numresort) VALUES (1, 9) ON CONFLICT DO NOTHING;
INSERT INTO chambre (idchambre, numtype, numchambre, etat) VALUES (nextval('chambre_idchambre_seq'), 1, 13, 'Occupée');
INSERT INTO proposer (numtype, numresort) VALUES (1, 9) ON CONFLICT DO NOTHING;
INSERT INTO chambre (idchambre, numtype, numchambre, etat) VALUES (nextval('chambre_idchambre_seq'), 1, 14, 'Disponible');
INSERT INTO proposer (numtype, numresort) VALUES (1, 9) ON CONFLICT DO NOTHING;
INSERT INTO chambre (idchambre, numtype, numchambre, etat) VALUES (nextval('chambre_idchambre_seq'), 1, 15, 'Maintenance');
INSERT INTO proposer (numtype, numresort) VALUES (1, 9) ON CONFLICT DO NOTHING;
INSERT INTO chambre (idchambre, numtype, numchambre, etat) VALUES (nextval('chambre_idchambre_seq'), 1, 16, 'Maintenance');
INSERT INTO proposer (numtype, numresort) VALUES (1, 9) ON CONFLICT DO NOTHING;
INSERT INTO chambre (idchambre, numtype, numchambre, etat) VALUES (nextval('chambre_idchambre_seq'), 1, 17, 'Disponible');
INSERT INTO proposer (numtype, numresort) VALUES (1, 9) ON CONFLICT DO NOTHING;
INSERT INTO chambre (idchambre, numtype, numchambre, etat) VALUES (nextval('chambre_idchambre_seq'), 1, 18, 'Occupée');
INSERT INTO proposer (numtype, numresort) VALUES (1, 9) ON CONFLICT DO NOTHING;
INSERT INTO chambre (idchambre, numtype, numchambre, etat) VALUES (nextval('chambre_idchambre_seq'), 1, 19, 'Maintenance');
INSERT INTO proposer (numtype, numresort) VALUES (1, 9) ON CONFLICT DO NOTHING;
INSERT INTO chambre (idchambre, numtype, numchambre, etat) VALUES (nextval('chambre_idchambre_seq'), 1, 20, 'Occupée');
INSERT INTO proposer (numtype, numresort) VALUES (1, 9) ON CONFLICT DO NOTHING;
INSERT INTO chambre (idchambre, numtype, numchambre, etat) VALUES (nextval('chambre_idchambre_seq'), 4, 1, 'Maintenance');
INSERT INTO proposer (numtype, numresort) VALUES (4, 10) ON CONFLICT DO NOTHING;
INSERT INTO chambre (idchambre, numtype, numchambre, etat) VALUES (nextval('chambre_idchambre_seq'), 4, 2, 'Maintenance');
INSERT INTO proposer (numtype, numresort) VALUES (4, 10) ON CONFLICT DO NOTHING;
INSERT INTO chambre (idchambre, numtype, numchambre, etat) VALUES (nextval('chambre_idchambre_seq'), 4, 3, 'Maintenance');
INSERT INTO proposer (numtype, numresort) VALUES (4, 10) ON CONFLICT DO NOTHING;
INSERT INTO chambre (idchambre, numtype, numchambre, etat) VALUES (nextval('chambre_idchambre_seq'), 4, 4, 'Disponible');
INSERT INTO proposer (numtype, numresort) VALUES (4, 10) ON CONFLICT DO NOTHING;
INSERT INTO chambre (idchambre, numtype, numchambre, etat) VALUES (nextval('chambre_idchambre_seq'), 4, 5, 'Disponible');
INSERT INTO proposer (numtype, numresort) VALUES (4, 10) ON CONFLICT DO NOTHING;
INSERT INTO chambre (idchambre, numtype, numchambre, etat) VALUES (nextval('chambre_idchambre_seq'), 4, 6, 'Disponible');
INSERT INTO proposer (numtype, numresort) VALUES (4, 10) ON CONFLICT DO NOTHING;
INSERT INTO chambre (idchambre, numtype, numchambre, etat) VALUES (nextval('chambre_idchambre_seq'), 4, 7, 'Occupée');
INSERT INTO proposer (numtype, numresort) VALUES (4, 10) ON CONFLICT DO NOTHING;
INSERT INTO chambre (idchambre, numtype, numchambre, etat) VALUES (nextval('chambre_idchambre_seq'), 4, 8, 'Occupée');
INSERT INTO proposer (numtype, numresort) VALUES (4, 10) ON CONFLICT DO NOTHING;
INSERT INTO chambre (idchambre, numtype, numchambre, etat) VALUES (nextval('chambre_idchambre_seq'), 4, 9, 'Occupée');
INSERT INTO proposer (numtype, numresort) VALUES (4, 10) ON CONFLICT DO NOTHING;
INSERT INTO chambre (idchambre, numtype, numchambre, etat) VALUES (nextval('chambre_idchambre_seq'), 4, 10, 'Maintenance');
INSERT INTO proposer (numtype, numresort) VALUES (4, 10) ON CONFLICT DO NOTHING;
INSERT INTO chambre (idchambre, numtype, numchambre, etat) VALUES (nextval('chambre_idchambre_seq'), 4, 11, 'Occupée');
INSERT INTO proposer (numtype, numresort) VALUES (4, 10) ON CONFLICT DO NOTHING;
INSERT INTO chambre (idchambre, numtype, numchambre, etat) VALUES (nextval('chambre_idchambre_seq'), 4, 12, 'Disponible');
INSERT INTO proposer (numtype, numresort) VALUES (4, 10) ON CONFLICT DO NOTHING;
INSERT INTO chambre (idchambre, numtype, numchambre, etat) VALUES (nextval('chambre_idchambre_seq'), 4, 13, 'Disponible');
INSERT INTO proposer (numtype, numresort) VALUES (4, 10) ON CONFLICT DO NOTHING;
INSERT INTO chambre (idchambre, numtype, numchambre, etat) VALUES (nextval('chambre_idchambre_seq'), 5, 1, 'Maintenance');
INSERT INTO proposer (numtype, numresort) VALUES (5, 10) ON CONFLICT DO NOTHING;
INSERT INTO chambre (idchambre, numtype, numchambre, etat) VALUES (nextval('chambre_idchambre_seq'), 5, 2, 'Disponible');
INSERT INTO proposer (numtype, numresort) VALUES (5, 10) ON CONFLICT DO NOTHING;
INSERT INTO chambre (idchambre, numtype, numchambre, etat) VALUES (nextval('chambre_idchambre_seq'), 5, 3, 'Disponible');
INSERT INTO proposer (numtype, numresort) VALUES (5, 10) ON CONFLICT DO NOTHING;
INSERT INTO chambre (idchambre, numtype, numchambre, etat) VALUES (nextval('chambre_idchambre_seq'), 5, 4, 'Disponible');
INSERT INTO proposer (numtype, numresort) VALUES (5, 10) ON CONFLICT DO NOTHING;
INSERT INTO chambre (idchambre, numtype, numchambre, etat) VALUES (nextval('chambre_idchambre_seq'), 5, 5, 'Disponible');
INSERT INTO proposer (numtype, numresort) VALUES (5, 10) ON CONFLICT DO NOTHING;
INSERT INTO chambre (idchambre, numtype, numchambre, etat) VALUES (nextval('chambre_idchambre_seq'), 5, 6, 'Maintenance');
INSERT INTO proposer (numtype, numresort) VALUES (5, 10) ON CONFLICT DO NOTHING;
INSERT INTO chambre (idchambre, numtype, numchambre, etat) VALUES (nextval('chambre_idchambre_seq'), 5, 7, 'Occupée');
INSERT INTO proposer (numtype, numresort) VALUES (5, 10) ON CONFLICT DO NOTHING;
INSERT INTO chambre (idchambre, numtype, numchambre, etat) VALUES (nextval('chambre_idchambre_seq'), 5, 8, 'Occupée');
INSERT INTO proposer (numtype, numresort) VALUES (5, 10) ON CONFLICT DO NOTHING;
INSERT INTO chambre (idchambre, numtype, numchambre, etat) VALUES (nextval('chambre_idchambre_seq'), 5, 9, 'Maintenance');
INSERT INTO proposer (numtype, numresort) VALUES (5, 10) ON CONFLICT DO NOTHING;
INSERT INTO chambre (idchambre, numtype, numchambre, etat) VALUES (nextval('chambre_idchambre_seq'), 5, 10, 'Occupée');
INSERT INTO proposer (numtype, numresort) VALUES (5, 10) ON CONFLICT DO NOTHING;
INSERT INTO chambre (idchambre, numtype, numchambre, etat) VALUES (nextval('chambre_idchambre_seq'), 5, 11, 'Disponible');
INSERT INTO proposer (numtype, numresort) VALUES (5, 10) ON CONFLICT DO NOTHING;
INSERT INTO chambre (idchambre, numtype, numchambre, etat) VALUES (nextval('chambre_idchambre_seq'), 5, 12, 'Maintenance');
INSERT INTO proposer (numtype, numresort) VALUES (5, 10) ON CONFLICT DO NOTHING;
INSERT INTO chambre (idchambre, numtype, numchambre, etat) VALUES (nextval('chambre_idchambre_seq'), 5, 13, 'Maintenance');
INSERT INTO proposer (numtype, numresort) VALUES (5, 10) ON CONFLICT DO NOTHING;
INSERT INTO chambre (idchambre, numtype, numchambre, etat) VALUES (nextval('chambre_idchambre_seq'), 5, 14, 'Disponible');
INSERT INTO proposer (numtype, numresort) VALUES (5, 10) ON CONFLICT DO NOTHING;
INSERT INTO chambre (idchambre, numtype, numchambre, etat) VALUES (nextval('chambre_idchambre_seq'), 5, 15, 'Occupée');
INSERT INTO proposer (numtype, numresort) VALUES (5, 10) ON CONFLICT DO NOTHING;
INSERT INTO chambre (idchambre, numtype, numchambre, etat) VALUES (nextval('chambre_idchambre_seq'), 5, 16, 'Maintenance');
INSERT INTO proposer (numtype, numresort) VALUES (5, 10) ON CONFLICT DO NOTHING;
INSERT INTO chambre (idchambre, numtype, numchambre, etat) VALUES (nextval('chambre_idchambre_seq'), 5, 17, 'Occupée');
INSERT INTO proposer (numtype, numresort) VALUES (5, 10) ON CONFLICT DO NOTHING;
INSERT INTO chambre (idchambre, numtype, numchambre, etat) VALUES (nextval('chambre_idchambre_seq'), 4, 1, 'Maintenance');
INSERT INTO proposer (numtype, numresort) VALUES (4, 11) ON CONFLICT DO NOTHING;
INSERT INTO chambre (idchambre, numtype, numchambre, etat) VALUES (nextval('chambre_idchambre_seq'), 4, 2, 'Maintenance');
INSERT INTO proposer (numtype, numresort) VALUES (4, 11) ON CONFLICT DO NOTHING;
INSERT INTO chambre (idchambre, numtype, numchambre, etat) VALUES (nextval('chambre_idchambre_seq'), 4, 3, 'Maintenance');
INSERT INTO proposer (numtype, numresort) VALUES (4, 11) ON CONFLICT DO NOTHING;
INSERT INTO chambre (idchambre, numtype, numchambre, etat) VALUES (nextval('chambre_idchambre_seq'), 4, 4, 'Occupée');
INSERT INTO proposer (numtype, numresort) VALUES (4, 11) ON CONFLICT DO NOTHING;
INSERT INTO chambre (idchambre, numtype, numchambre, etat) VALUES (nextval('chambre_idchambre_seq'), 4, 5, 'Maintenance');
INSERT INTO proposer (numtype, numresort) VALUES (4, 11) ON CONFLICT DO NOTHING;
INSERT INTO chambre (idchambre, numtype, numchambre, etat) VALUES (nextval('chambre_idchambre_seq'), 4, 6, 'Maintenance');
INSERT INTO proposer (numtype, numresort) VALUES (4, 11) ON CONFLICT DO NOTHING;
INSERT INTO chambre (idchambre, numtype, numchambre, etat) VALUES (nextval('chambre_idchambre_seq'), 4, 7, 'Occupée');
INSERT INTO proposer (numtype, numresort) VALUES (4, 11) ON CONFLICT DO NOTHING;
INSERT INTO chambre (idchambre, numtype, numchambre, etat) VALUES (nextval('chambre_idchambre_seq'), 4, 8, 'Occupée');
INSERT INTO proposer (numtype, numresort) VALUES (4, 11) ON CONFLICT DO NOTHING;
INSERT INTO chambre (idchambre, numtype, numchambre, etat) VALUES (nextval('chambre_idchambre_seq'), 4, 9, 'Disponible');
INSERT INTO proposer (numtype, numresort) VALUES (4, 11) ON CONFLICT DO NOTHING;
INSERT INTO chambre (idchambre, numtype, numchambre, etat) VALUES (nextval('chambre_idchambre_seq'), 4, 10, 'Occupée');
INSERT INTO proposer (numtype, numresort) VALUES (4, 11) ON CONFLICT DO NOTHING;
INSERT INTO chambre (idchambre, numtype, numchambre, etat) VALUES (nextval('chambre_idchambre_seq'), 4, 11, 'Occupée');
INSERT INTO proposer (numtype, numresort) VALUES (4, 11) ON CONFLICT DO NOTHING;
INSERT INTO chambre (idchambre, numtype, numchambre, etat) VALUES (nextval('chambre_idchambre_seq'), 4, 12, 'Maintenance');
INSERT INTO proposer (numtype, numresort) VALUES (4, 11) ON CONFLICT DO NOTHING;
INSERT INTO chambre (idchambre, numtype, numchambre, etat) VALUES (nextval('chambre_idchambre_seq'), 4, 13, 'Disponible');
INSERT INTO proposer (numtype, numresort) VALUES (4, 11) ON CONFLICT DO NOTHING;
INSERT INTO chambre (idchambre, numtype, numchambre, etat) VALUES (nextval('chambre_idchambre_seq'), 4, 14, 'Occupée');
INSERT INTO proposer (numtype, numresort) VALUES (4, 11) ON CONFLICT DO NOTHING;
INSERT INTO chambre (idchambre, numtype, numchambre, etat) VALUES (nextval('chambre_idchambre_seq'), 4, 15, 'Maintenance');
INSERT INTO proposer (numtype, numresort) VALUES (4, 11) ON CONFLICT DO NOTHING;
INSERT INTO chambre (idchambre, numtype, numchambre, etat) VALUES (nextval('chambre_idchambre_seq'), 3, 1, 'Maintenance');
INSERT INTO proposer (numtype, numresort) VALUES (3, 11) ON CONFLICT DO NOTHING;
INSERT INTO chambre (idchambre, numtype, numchambre, etat) VALUES (nextval('chambre_idchambre_seq'), 3, 2, 'Maintenance');
INSERT INTO proposer (numtype, numresort) VALUES (3, 11) ON CONFLICT DO NOTHING;
INSERT INTO chambre (idchambre, numtype, numchambre, etat) VALUES (nextval('chambre_idchambre_seq'), 3, 3, 'Maintenance');
INSERT INTO proposer (numtype, numresort) VALUES (3, 11) ON CONFLICT DO NOTHING;
INSERT INTO chambre (idchambre, numtype, numchambre, etat) VALUES (nextval('chambre_idchambre_seq'), 3, 4, 'Disponible');
INSERT INTO proposer (numtype, numresort) VALUES (3, 11) ON CONFLICT DO NOTHING;
INSERT INTO chambre (idchambre, numtype, numchambre, etat) VALUES (nextval('chambre_idchambre_seq'), 3, 5, 'Maintenance');
INSERT INTO proposer (numtype, numresort) VALUES (3, 11) ON CONFLICT DO NOTHING;
INSERT INTO chambre (idchambre, numtype, numchambre, etat) VALUES (nextval('chambre_idchambre_seq'), 3, 6, 'Occupée');
INSERT INTO proposer (numtype, numresort) VALUES (3, 11) ON CONFLICT DO NOTHING;
INSERT INTO chambre (idchambre, numtype, numchambre, etat) VALUES (nextval('chambre_idchambre_seq'), 3, 7, 'Occupée');
INSERT INTO proposer (numtype, numresort) VALUES (3, 11) ON CONFLICT DO NOTHING;
INSERT INTO chambre (idchambre, numtype, numchambre, etat) VALUES (nextval('chambre_idchambre_seq'), 3, 8, 'Maintenance');
INSERT INTO proposer (numtype, numresort) VALUES (3, 11) ON CONFLICT DO NOTHING;
INSERT INTO chambre (idchambre, numtype, numchambre, etat) VALUES (nextval('chambre_idchambre_seq'), 3, 9, 'Maintenance');
INSERT INTO proposer (numtype, numresort) VALUES (3, 11) ON CONFLICT DO NOTHING;
INSERT INTO chambre (idchambre, numtype, numchambre, etat) VALUES (nextval('chambre_idchambre_seq'), 3, 10, 'Maintenance');
INSERT INTO proposer (numtype, numresort) VALUES (3, 11) ON CONFLICT DO NOTHING;
INSERT INTO chambre (idchambre, numtype, numchambre, etat) VALUES (nextval('chambre_idchambre_seq'), 3, 11, 'Disponible');
INSERT INTO proposer (numtype, numresort) VALUES (3, 11) ON CONFLICT DO NOTHING;
INSERT INTO chambre (idchambre, numtype, numchambre, etat) VALUES (nextval('chambre_idchambre_seq'), 3, 12, 'Maintenance');
INSERT INTO proposer (numtype, numresort) VALUES (3, 11) ON CONFLICT DO NOTHING;
INSERT INTO chambre (idchambre, numtype, numchambre, etat) VALUES (nextval('chambre_idchambre_seq'), 3, 13, 'Disponible');
INSERT INTO proposer (numtype, numresort) VALUES (3, 11) ON CONFLICT DO NOTHING;
INSERT INTO chambre (idchambre, numtype, numchambre, etat) VALUES (nextval('chambre_idchambre_seq'), 3, 14, 'Maintenance');
INSERT INTO proposer (numtype, numresort) VALUES (3, 11) ON CONFLICT DO NOTHING;
INSERT INTO chambre (idchambre, numtype, numchambre, etat) VALUES (nextval('chambre_idchambre_seq'), 2, 1, 'Disponible');
INSERT INTO proposer (numtype, numresort) VALUES (2, 12) ON CONFLICT DO NOTHING;
INSERT INTO chambre (idchambre, numtype, numchambre, etat) VALUES (nextval('chambre_idchambre_seq'), 2, 2, 'Maintenance');
INSERT INTO proposer (numtype, numresort) VALUES (2, 12) ON CONFLICT DO NOTHING;
INSERT INTO chambre (idchambre, numtype, numchambre, etat) VALUES (nextval('chambre_idchambre_seq'), 2, 3, 'Maintenance');
INSERT INTO proposer (numtype, numresort) VALUES (2, 12) ON CONFLICT DO NOTHING;
INSERT INTO chambre (idchambre, numtype, numchambre, etat) VALUES (nextval('chambre_idchambre_seq'), 2, 4, 'Disponible');
INSERT INTO proposer (numtype, numresort) VALUES (2, 12) ON CONFLICT DO NOTHING;
INSERT INTO chambre (idchambre, numtype, numchambre, etat) VALUES (nextval('chambre_idchambre_seq'), 2, 5, 'Disponible');
INSERT INTO proposer (numtype, numresort) VALUES (2, 12) ON CONFLICT DO NOTHING;
INSERT INTO chambre (idchambre, numtype, numchambre, etat) VALUES (nextval('chambre_idchambre_seq'), 2, 6, 'Disponible');
INSERT INTO proposer (numtype, numresort) VALUES (2, 12) ON CONFLICT DO NOTHING;
INSERT INTO chambre (idchambre, numtype, numchambre, etat) VALUES (nextval('chambre_idchambre_seq'), 2, 7, 'Occupée');
INSERT INTO proposer (numtype, numresort) VALUES (2, 12) ON CONFLICT DO NOTHING;
INSERT INTO chambre (idchambre, numtype, numchambre, etat) VALUES (nextval('chambre_idchambre_seq'), 2, 8, 'Occupée');
INSERT INTO proposer (numtype, numresort) VALUES (2, 12) ON CONFLICT DO NOTHING;
INSERT INTO chambre (idchambre, numtype, numchambre, etat) VALUES (nextval('chambre_idchambre_seq'), 2, 9, 'Occupée');
INSERT INTO proposer (numtype, numresort) VALUES (2, 12) ON CONFLICT DO NOTHING;
INSERT INTO chambre (idchambre, numtype, numchambre, etat) VALUES (nextval('chambre_idchambre_seq'), 2, 10, 'Disponible');
INSERT INTO proposer (numtype, numresort) VALUES (2, 12) ON CONFLICT DO NOTHING;
INSERT INTO chambre (idchambre, numtype, numchambre, etat) VALUES (nextval('chambre_idchambre_seq'), 2, 11, 'Occupée');
INSERT INTO proposer (numtype, numresort) VALUES (2, 12) ON CONFLICT DO NOTHING;
INSERT INTO chambre (idchambre, numtype, numchambre, etat) VALUES (nextval('chambre_idchambre_seq'), 2, 12, 'Maintenance');
INSERT INTO proposer (numtype, numresort) VALUES (2, 12) ON CONFLICT DO NOTHING;
INSERT INTO chambre (idchambre, numtype, numchambre, etat) VALUES (nextval('chambre_idchambre_seq'), 4, 1, 'Occupée');
INSERT INTO proposer (numtype, numresort) VALUES (4, 12) ON CONFLICT DO NOTHING;
INSERT INTO chambre (idchambre, numtype, numchambre, etat) VALUES (nextval('chambre_idchambre_seq'), 4, 2, 'Maintenance');
INSERT INTO proposer (numtype, numresort) VALUES (4, 12) ON CONFLICT DO NOTHING;
INSERT INTO chambre (idchambre, numtype, numchambre, etat) VALUES (nextval('chambre_idchambre_seq'), 4, 3, 'Maintenance');
INSERT INTO proposer (numtype, numresort) VALUES (4, 12) ON CONFLICT DO NOTHING;
INSERT INTO chambre (idchambre, numtype, numchambre, etat) VALUES (nextval('chambre_idchambre_seq'), 4, 4, 'Occupée');
INSERT INTO proposer (numtype, numresort) VALUES (4, 12) ON CONFLICT DO NOTHING;
INSERT INTO chambre (idchambre, numtype, numchambre, etat) VALUES (nextval('chambre_idchambre_seq'), 4, 5, 'Maintenance');
INSERT INTO proposer (numtype, numresort) VALUES (4, 12) ON CONFLICT DO NOTHING;
INSERT INTO chambre (idchambre, numtype, numchambre, etat) VALUES (nextval('chambre_idchambre_seq'), 4, 6, 'Maintenance');
INSERT INTO proposer (numtype, numresort) VALUES (4, 12) ON CONFLICT DO NOTHING;
INSERT INTO chambre (idchambre, numtype, numchambre, etat) VALUES (nextval('chambre_idchambre_seq'), 4, 7, 'Disponible');
INSERT INTO proposer (numtype, numresort) VALUES (4, 12) ON CONFLICT DO NOTHING;
INSERT INTO chambre (idchambre, numtype, numchambre, etat) VALUES (nextval('chambre_idchambre_seq'), 4, 8, 'Maintenance');
INSERT INTO proposer (numtype, numresort) VALUES (4, 12) ON CONFLICT DO NOTHING;
INSERT INTO chambre (idchambre, numtype, numchambre, etat) VALUES (nextval('chambre_idchambre_seq'), 4, 9, 'Disponible');
INSERT INTO proposer (numtype, numresort) VALUES (4, 12) ON CONFLICT DO NOTHING;
INSERT INTO chambre (idchambre, numtype, numchambre, etat) VALUES (nextval('chambre_idchambre_seq'), 4, 10, 'Maintenance');
INSERT INTO proposer (numtype, numresort) VALUES (4, 12) ON CONFLICT DO NOTHING;
INSERT INTO chambre (idchambre, numtype, numchambre, etat) VALUES (nextval('chambre_idchambre_seq'), 4, 11, 'Disponible');
INSERT INTO proposer (numtype, numresort) VALUES (4, 12) ON CONFLICT DO NOTHING;
INSERT INTO chambre (idchambre, numtype, numchambre, etat) VALUES (nextval('chambre_idchambre_seq'), 1, 1, 'Maintenance');
INSERT INTO proposer (numtype, numresort) VALUES (1, 12) ON CONFLICT DO NOTHING;
INSERT INTO chambre (idchambre, numtype, numchambre, etat) VALUES (nextval('chambre_idchambre_seq'), 1, 2, 'Occupée');
INSERT INTO proposer (numtype, numresort) VALUES (1, 12) ON CONFLICT DO NOTHING;
INSERT INTO chambre (idchambre, numtype, numchambre, etat) VALUES (nextval('chambre_idchambre_seq'), 1, 3, 'Maintenance');
INSERT INTO proposer (numtype, numresort) VALUES (1, 12) ON CONFLICT DO NOTHING;
INSERT INTO chambre (idchambre, numtype, numchambre, etat) VALUES (nextval('chambre_idchambre_seq'), 1, 4, 'Occupée');
INSERT INTO proposer (numtype, numresort) VALUES (1, 12) ON CONFLICT DO NOTHING;
INSERT INTO chambre (idchambre, numtype, numchambre, etat) VALUES (nextval('chambre_idchambre_seq'), 1, 5, 'Occupée');
INSERT INTO proposer (numtype, numresort) VALUES (1, 12) ON CONFLICT DO NOTHING;
INSERT INTO chambre (idchambre, numtype, numchambre, etat) VALUES (nextval('chambre_idchambre_seq'), 1, 6, 'Disponible');
INSERT INTO proposer (numtype, numresort) VALUES (1, 12) ON CONFLICT DO NOTHING;
INSERT INTO chambre (idchambre, numtype, numchambre, etat) VALUES (nextval('chambre_idchambre_seq'), 1, 7, 'Occupée');
INSERT INTO proposer (numtype, numresort) VALUES (1, 12) ON CONFLICT DO NOTHING;
INSERT INTO chambre (idchambre, numtype, numchambre, etat) VALUES (nextval('chambre_idchambre_seq'), 1, 8, 'Maintenance');
INSERT INTO proposer (numtype, numresort) VALUES (1, 12) ON CONFLICT DO NOTHING;
INSERT INTO chambre (idchambre, numtype, numchambre, etat) VALUES (nextval('chambre_idchambre_seq'), 1, 9, 'Occupée');
INSERT INTO proposer (numtype, numresort) VALUES (1, 12) ON CONFLICT DO NOTHING;
INSERT INTO chambre (idchambre, numtype, numchambre, etat) VALUES (nextval('chambre_idchambre_seq'), 1, 10, 'Maintenance');
INSERT INTO proposer (numtype, numresort) VALUES (1, 12) ON CONFLICT DO NOTHING;
INSERT INTO chambre (idchambre, numtype, numchambre, etat) VALUES (nextval('chambre_idchambre_seq'), 1, 11, 'Occupée');
INSERT INTO proposer (numtype, numresort) VALUES (1, 12) ON CONFLICT DO NOTHING;
INSERT INTO chambre (idchambre, numtype, numchambre, etat) VALUES (nextval('chambre_idchambre_seq'), 1, 12, 'Maintenance');
INSERT INTO proposer (numtype, numresort) VALUES (1, 12) ON CONFLICT DO NOTHING;
INSERT INTO chambre (idchambre, numtype, numchambre, etat) VALUES (nextval('chambre_idchambre_seq'), 1, 13, 'Maintenance');
INSERT INTO proposer (numtype, numresort) VALUES (1, 12) ON CONFLICT DO NOTHING;
INSERT INTO chambre (idchambre, numtype, numchambre, etat) VALUES (nextval('chambre_idchambre_seq'), 1, 14, 'Maintenance');
INSERT INTO proposer (numtype, numresort) VALUES (1, 12) ON CONFLICT DO NOTHING;
INSERT INTO chambre (idchambre, numtype, numchambre, etat) VALUES (nextval('chambre_idchambre_seq'), 1, 15, 'Maintenance');
INSERT INTO proposer (numtype, numresort) VALUES (1, 12) ON CONFLICT DO NOTHING;
INSERT INTO chambre (idchambre, numtype, numchambre, etat) VALUES (nextval('chambre_idchambre_seq'), 3, 1, 'Maintenance');
INSERT INTO proposer (numtype, numresort) VALUES (3, 13) ON CONFLICT DO NOTHING;
INSERT INTO chambre (idchambre, numtype, numchambre, etat) VALUES (nextval('chambre_idchambre_seq'), 3, 2, 'Occupée');
INSERT INTO proposer (numtype, numresort) VALUES (3, 13) ON CONFLICT DO NOTHING;
INSERT INTO chambre (idchambre, numtype, numchambre, etat) VALUES (nextval('chambre_idchambre_seq'), 3, 3, 'Disponible');
INSERT INTO proposer (numtype, numresort) VALUES (3, 13) ON CONFLICT DO NOTHING;
INSERT INTO chambre (idchambre, numtype, numchambre, etat) VALUES (nextval('chambre_idchambre_seq'), 3, 4, 'Occupée');
INSERT INTO proposer (numtype, numresort) VALUES (3, 13) ON CONFLICT DO NOTHING;
INSERT INTO chambre (idchambre, numtype, numchambre, etat) VALUES (nextval('chambre_idchambre_seq'), 3, 5, 'Occupée');
INSERT INTO proposer (numtype, numresort) VALUES (3, 13) ON CONFLICT DO NOTHING;
INSERT INTO chambre (idchambre, numtype, numchambre, etat) VALUES (nextval('chambre_idchambre_seq'), 3, 6, 'Maintenance');
INSERT INTO proposer (numtype, numresort) VALUES (3, 13) ON CONFLICT DO NOTHING;
INSERT INTO chambre (idchambre, numtype, numchambre, etat) VALUES (nextval('chambre_idchambre_seq'), 3, 7, 'Disponible');
INSERT INTO proposer (numtype, numresort) VALUES (3, 13) ON CONFLICT DO NOTHING;
INSERT INTO chambre (idchambre, numtype, numchambre, etat) VALUES (nextval('chambre_idchambre_seq'), 3, 8, 'Maintenance');
INSERT INTO proposer (numtype, numresort) VALUES (3, 13) ON CONFLICT DO NOTHING;
INSERT INTO chambre (idchambre, numtype, numchambre, etat) VALUES (nextval('chambre_idchambre_seq'), 3, 9, 'Maintenance');
INSERT INTO proposer (numtype, numresort) VALUES (3, 13) ON CONFLICT DO NOTHING;
INSERT INTO chambre (idchambre, numtype, numchambre, etat) VALUES (nextval('chambre_idchambre_seq'), 3, 10, 'Occupée');
INSERT INTO proposer (numtype, numresort) VALUES (3, 13) ON CONFLICT DO NOTHING;
INSERT INTO chambre (idchambre, numtype, numchambre, etat) VALUES (nextval('chambre_idchambre_seq'), 3, 11, 'Occupée');
INSERT INTO proposer (numtype, numresort) VALUES (3, 13) ON CONFLICT DO NOTHING;
INSERT INTO chambre (idchambre, numtype, numchambre, etat) VALUES (nextval('chambre_idchambre_seq'), 3, 12, 'Occupée');
INSERT INTO proposer (numtype, numresort) VALUES (3, 13) ON CONFLICT DO NOTHING;
INSERT INTO chambre (idchambre, numtype, numchambre, etat) VALUES (nextval('chambre_idchambre_seq'), 3, 13, 'Occupée');
INSERT INTO proposer (numtype, numresort) VALUES (3, 13) ON CONFLICT DO NOTHING;
INSERT INTO chambre (idchambre, numtype, numchambre, etat) VALUES (nextval('chambre_idchambre_seq'), 4, 1, 'Occupée');
INSERT INTO proposer (numtype, numresort) VALUES (4, 13) ON CONFLICT DO NOTHING;
INSERT INTO chambre (idchambre, numtype, numchambre, etat) VALUES (nextval('chambre_idchambre_seq'), 4, 2, 'Disponible');
INSERT INTO proposer (numtype, numresort) VALUES (4, 13) ON CONFLICT DO NOTHING;
INSERT INTO chambre (idchambre, numtype, numchambre, etat) VALUES (nextval('chambre_idchambre_seq'), 4, 3, 'Maintenance');
INSERT INTO proposer (numtype, numresort) VALUES (4, 13) ON CONFLICT DO NOTHING;
INSERT INTO chambre (idchambre, numtype, numchambre, etat) VALUES (nextval('chambre_idchambre_seq'), 4, 4, 'Maintenance');
INSERT INTO proposer (numtype, numresort) VALUES (4, 13) ON CONFLICT DO NOTHING;
INSERT INTO chambre (idchambre, numtype, numchambre, etat) VALUES (nextval('chambre_idchambre_seq'), 4, 5, 'Maintenance');
INSERT INTO proposer (numtype, numresort) VALUES (4, 13) ON CONFLICT DO NOTHING;
INSERT INTO chambre (idchambre, numtype, numchambre, etat) VALUES (nextval('chambre_idchambre_seq'), 4, 6, 'Occupée');
INSERT INTO proposer (numtype, numresort) VALUES (4, 13) ON CONFLICT DO NOTHING;
INSERT INTO chambre (idchambre, numtype, numchambre, etat) VALUES (nextval('chambre_idchambre_seq'), 4, 7, 'Occupée');
INSERT INTO proposer (numtype, numresort) VALUES (4, 13) ON CONFLICT DO NOTHING;
INSERT INTO chambre (idchambre, numtype, numchambre, etat) VALUES (nextval('chambre_idchambre_seq'), 4, 8, 'Occupée');
INSERT INTO proposer (numtype, numresort) VALUES (4, 13) ON CONFLICT DO NOTHING;
INSERT INTO chambre (idchambre, numtype, numchambre, etat) VALUES (nextval('chambre_idchambre_seq'), 4, 9, 'Disponible');
INSERT INTO proposer (numtype, numresort) VALUES (4, 13) ON CONFLICT DO NOTHING;
INSERT INTO chambre (idchambre, numtype, numchambre, etat) VALUES (nextval('chambre_idchambre_seq'), 4, 10, 'Occupée');
INSERT INTO proposer (numtype, numresort) VALUES (4, 13) ON CONFLICT DO NOTHING;
INSERT INTO chambre (idchambre, numtype, numchambre, etat) VALUES (nextval('chambre_idchambre_seq'), 4, 11, 'Disponible');
INSERT INTO proposer (numtype, numresort) VALUES (4, 13) ON CONFLICT DO NOTHING;
INSERT INTO chambre (idchambre, numtype, numchambre, etat) VALUES (nextval('chambre_idchambre_seq'), 4, 12, 'Occupée');
INSERT INTO proposer (numtype, numresort) VALUES (4, 13) ON CONFLICT DO NOTHING;
INSERT INTO chambre (idchambre, numtype, numchambre, etat) VALUES (nextval('chambre_idchambre_seq'), 4, 13, 'Maintenance');
INSERT INTO proposer (numtype, numresort) VALUES (4, 13) ON CONFLICT DO NOTHING;
INSERT INTO chambre (idchambre, numtype, numchambre, etat) VALUES (nextval('chambre_idchambre_seq'), 1, 1, 'Occupée');
INSERT INTO proposer (numtype, numresort) VALUES (1, 13) ON CONFLICT DO NOTHING;
INSERT INTO chambre (idchambre, numtype, numchambre, etat) VALUES (nextval('chambre_idchambre_seq'), 1, 2, 'Occupée');
INSERT INTO proposer (numtype, numresort) VALUES (1, 13) ON CONFLICT DO NOTHING;
INSERT INTO chambre (idchambre, numtype, numchambre, etat) VALUES (nextval('chambre_idchambre_seq'), 1, 3, 'Maintenance');
INSERT INTO proposer (numtype, numresort) VALUES (1, 13) ON CONFLICT DO NOTHING;
INSERT INTO chambre (idchambre, numtype, numchambre, etat) VALUES (nextval('chambre_idchambre_seq'), 1, 4, 'Occupée');
INSERT INTO proposer (numtype, numresort) VALUES (1, 13) ON CONFLICT DO NOTHING;
INSERT INTO chambre (idchambre, numtype, numchambre, etat) VALUES (nextval('chambre_idchambre_seq'), 1, 5, 'Maintenance');
INSERT INTO proposer (numtype, numresort) VALUES (1, 13) ON CONFLICT DO NOTHING;
INSERT INTO chambre (idchambre, numtype, numchambre, etat) VALUES (nextval('chambre_idchambre_seq'), 1, 6, 'Occupée');
INSERT INTO proposer (numtype, numresort) VALUES (1, 13) ON CONFLICT DO NOTHING;
INSERT INTO chambre (idchambre, numtype, numchambre, etat) VALUES (nextval('chambre_idchambre_seq'), 1, 7, 'Disponible');
INSERT INTO proposer (numtype, numresort) VALUES (1, 13) ON CONFLICT DO NOTHING;
INSERT INTO chambre (idchambre, numtype, numchambre, etat) VALUES (nextval('chambre_idchambre_seq'), 5, 1, 'Maintenance');
INSERT INTO proposer (numtype, numresort) VALUES (5, 13) ON CONFLICT DO NOTHING;
INSERT INTO chambre (idchambre, numtype, numchambre, etat) VALUES (nextval('chambre_idchambre_seq'), 5, 2, 'Occupée');
INSERT INTO proposer (numtype, numresort) VALUES (5, 13) ON CONFLICT DO NOTHING;
INSERT INTO chambre (idchambre, numtype, numchambre, etat) VALUES (nextval('chambre_idchambre_seq'), 5, 3, 'Maintenance');
INSERT INTO proposer (numtype, numresort) VALUES (5, 13) ON CONFLICT DO NOTHING;
INSERT INTO chambre (idchambre, numtype, numchambre, etat) VALUES (nextval('chambre_idchambre_seq'), 5, 4, 'Maintenance');
INSERT INTO proposer (numtype, numresort) VALUES (5, 13) ON CONFLICT DO NOTHING;
INSERT INTO chambre (idchambre, numtype, numchambre, etat) VALUES (nextval('chambre_idchambre_seq'), 5, 5, 'Occupée');
INSERT INTO proposer (numtype, numresort) VALUES (5, 13) ON CONFLICT DO NOTHING;
INSERT INTO chambre (idchambre, numtype, numchambre, etat) VALUES (nextval('chambre_idchambre_seq'), 5, 6, 'Disponible');
INSERT INTO proposer (numtype, numresort) VALUES (5, 13) ON CONFLICT DO NOTHING;
INSERT INTO chambre (idchambre, numtype, numchambre, etat) VALUES (nextval('chambre_idchambre_seq'), 5, 7, 'Disponible');
INSERT INTO proposer (numtype, numresort) VALUES (5, 13) ON CONFLICT DO NOTHING;
INSERT INTO chambre (idchambre, numtype, numchambre, etat) VALUES (nextval('chambre_idchambre_seq'), 5, 8, 'Maintenance');
INSERT INTO proposer (numtype, numresort) VALUES (5, 13) ON CONFLICT DO NOTHING;
INSERT INTO chambre (idchambre, numtype, numchambre, etat) VALUES (nextval('chambre_idchambre_seq'), 5, 9, 'Maintenance');
INSERT INTO proposer (numtype, numresort) VALUES (5, 13) ON CONFLICT DO NOTHING;
INSERT INTO chambre (idchambre, numtype, numchambre, etat) VALUES (nextval('chambre_idchambre_seq'), 5, 10, 'Maintenance');
INSERT INTO proposer (numtype, numresort) VALUES (5, 13) ON CONFLICT DO NOTHING;
INSERT INTO chambre (idchambre, numtype, numchambre, etat) VALUES (nextval('chambre_idchambre_seq'), 5, 11, 'Disponible');
INSERT INTO proposer (numtype, numresort) VALUES (5, 13) ON CONFLICT DO NOTHING;
INSERT INTO chambre (idchambre, numtype, numchambre, etat) VALUES (nextval('chambre_idchambre_seq'), 1, 1, 'Disponible');
INSERT INTO proposer (numtype, numresort) VALUES (1, 14) ON CONFLICT DO NOTHING;
INSERT INTO chambre (idchambre, numtype, numchambre, etat) VALUES (nextval('chambre_idchambre_seq'), 1, 2, 'Disponible');
INSERT INTO proposer (numtype, numresort) VALUES (1, 14) ON CONFLICT DO NOTHING;
INSERT INTO chambre (idchambre, numtype, numchambre, etat) VALUES (nextval('chambre_idchambre_seq'), 1, 3, 'Occupée');
INSERT INTO proposer (numtype, numresort) VALUES (1, 14) ON CONFLICT DO NOTHING;
INSERT INTO chambre (idchambre, numtype, numchambre, etat) VALUES (nextval('chambre_idchambre_seq'), 1, 4, 'Occupée');
INSERT INTO proposer (numtype, numresort) VALUES (1, 14) ON CONFLICT DO NOTHING;
INSERT INTO chambre (idchambre, numtype, numchambre, etat) VALUES (nextval('chambre_idchambre_seq'), 1, 5, 'Maintenance');
INSERT INTO proposer (numtype, numresort) VALUES (1, 14) ON CONFLICT DO NOTHING;
INSERT INTO chambre (idchambre, numtype, numchambre, etat) VALUES (nextval('chambre_idchambre_seq'), 1, 6, 'Occupée');
INSERT INTO proposer (numtype, numresort) VALUES (1, 14) ON CONFLICT DO NOTHING;
INSERT INTO chambre (idchambre, numtype, numchambre, etat) VALUES (nextval('chambre_idchambre_seq'), 1, 7, 'Disponible');
INSERT INTO proposer (numtype, numresort) VALUES (1, 14) ON CONFLICT DO NOTHING;
INSERT INTO chambre (idchambre, numtype, numchambre, etat) VALUES (nextval('chambre_idchambre_seq'), 1, 8, 'Maintenance');
INSERT INTO proposer (numtype, numresort) VALUES (1, 14) ON CONFLICT DO NOTHING;
INSERT INTO chambre (idchambre, numtype, numchambre, etat) VALUES (nextval('chambre_idchambre_seq'), 1, 9, 'Disponible');
INSERT INTO proposer (numtype, numresort) VALUES (1, 14) ON CONFLICT DO NOTHING;
INSERT INTO chambre (idchambre, numtype, numchambre, etat) VALUES (nextval('chambre_idchambre_seq'), 1, 10, 'Disponible');
INSERT INTO proposer (numtype, numresort) VALUES (1, 14) ON CONFLICT DO NOTHING;
INSERT INTO chambre (idchambre, numtype, numchambre, etat) VALUES (nextval('chambre_idchambre_seq'), 1, 11, 'Maintenance');
INSERT INTO proposer (numtype, numresort) VALUES (1, 14) ON CONFLICT DO NOTHING;
INSERT INTO chambre (idchambre, numtype, numchambre, etat) VALUES (nextval('chambre_idchambre_seq'), 1, 12, 'Disponible');
INSERT INTO proposer (numtype, numresort) VALUES (1, 14) ON CONFLICT DO NOTHING;
INSERT INTO chambre (idchambre, numtype, numchambre, etat) VALUES (nextval('chambre_idchambre_seq'), 2, 1, 'Maintenance');
INSERT INTO proposer (numtype, numresort) VALUES (2, 14) ON CONFLICT DO NOTHING;
INSERT INTO chambre (idchambre, numtype, numchambre, etat) VALUES (nextval('chambre_idchambre_seq'), 2, 2, 'Occupée');
INSERT INTO proposer (numtype, numresort) VALUES (2, 14) ON CONFLICT DO NOTHING;
INSERT INTO chambre (idchambre, numtype, numchambre, etat) VALUES (nextval('chambre_idchambre_seq'), 2, 3, 'Occupée');
INSERT INTO proposer (numtype, numresort) VALUES (2, 14) ON CONFLICT DO NOTHING;
INSERT INTO chambre (idchambre, numtype, numchambre, etat) VALUES (nextval('chambre_idchambre_seq'), 2, 4, 'Maintenance');
INSERT INTO proposer (numtype, numresort) VALUES (2, 14) ON CONFLICT DO NOTHING;
INSERT INTO chambre (idchambre, numtype, numchambre, etat) VALUES (nextval('chambre_idchambre_seq'), 2, 5, 'Disponible');
INSERT INTO proposer (numtype, numresort) VALUES (2, 14) ON CONFLICT DO NOTHING;
INSERT INTO chambre (idchambre, numtype, numchambre, etat) VALUES (nextval('chambre_idchambre_seq'), 2, 6, 'Occupée');
INSERT INTO proposer (numtype, numresort) VALUES (2, 14) ON CONFLICT DO NOTHING;
INSERT INTO chambre (idchambre, numtype, numchambre, etat) VALUES (nextval('chambre_idchambre_seq'), 2, 7, 'Occupée');
INSERT INTO proposer (numtype, numresort) VALUES (2, 14) ON CONFLICT DO NOTHING;
INSERT INTO chambre (idchambre, numtype, numchambre, etat) VALUES (nextval('chambre_idchambre_seq'), 2, 8, 'Occupée');
INSERT INTO proposer (numtype, numresort) VALUES (2, 14) ON CONFLICT DO NOTHING;
INSERT INTO chambre (idchambre, numtype, numchambre, etat) VALUES (nextval('chambre_idchambre_seq'), 2, 9, 'Maintenance');
INSERT INTO proposer (numtype, numresort) VALUES (2, 14) ON CONFLICT DO NOTHING;
INSERT INTO chambre (idchambre, numtype, numchambre, etat) VALUES (nextval('chambre_idchambre_seq'), 2, 10, 'Disponible');
INSERT INTO proposer (numtype, numresort) VALUES (2, 14) ON CONFLICT DO NOTHING;
INSERT INTO chambre (idchambre, numtype, numchambre, etat) VALUES (nextval('chambre_idchambre_seq'), 2, 11, 'Disponible');
INSERT INTO proposer (numtype, numresort) VALUES (2, 14) ON CONFLICT DO NOTHING;
INSERT INTO chambre (idchambre, numtype, numchambre, etat) VALUES (nextval('chambre_idchambre_seq'), 2, 12, 'Maintenance');
INSERT INTO proposer (numtype, numresort) VALUES (2, 14) ON CONFLICT DO NOTHING;
INSERT INTO chambre (idchambre, numtype, numchambre, etat) VALUES (nextval('chambre_idchambre_seq'), 2, 13, 'Maintenance');
INSERT INTO proposer (numtype, numresort) VALUES (2, 14) ON CONFLICT DO NOTHING;
INSERT INTO chambre (idchambre, numtype, numchambre, etat) VALUES (nextval('chambre_idchambre_seq'), 2, 14, 'Disponible');
INSERT INTO proposer (numtype, numresort) VALUES (2, 14) ON CONFLICT DO NOTHING;
INSERT INTO chambre (idchambre, numtype, numchambre, etat) VALUES (nextval('chambre_idchambre_seq'), 2, 15, 'Maintenance');
INSERT INTO proposer (numtype, numresort) VALUES (2, 14) ON CONFLICT DO NOTHING;
INSERT INTO chambre (idchambre, numtype, numchambre, etat) VALUES (nextval('chambre_idchambre_seq'), 2, 16, 'Maintenance');
INSERT INTO proposer (numtype, numresort) VALUES (2, 14) ON CONFLICT DO NOTHING;
INSERT INTO chambre (idchambre, numtype, numchambre, etat) VALUES (nextval('chambre_idchambre_seq'), 2, 17, 'Maintenance');
INSERT INTO proposer (numtype, numresort) VALUES (2, 14) ON CONFLICT DO NOTHING;
INSERT INTO chambre (idchambre, numtype, numchambre, etat) VALUES (nextval('chambre_idchambre_seq'), 2, 18, 'Disponible');
INSERT INTO proposer (numtype, numresort) VALUES (2, 14) ON CONFLICT DO NOTHING;
INSERT INTO chambre (idchambre, numtype, numchambre, etat) VALUES (nextval('chambre_idchambre_seq'), 4, 1, 'Occupée');
INSERT INTO proposer (numtype, numresort) VALUES (4, 15) ON CONFLICT DO NOTHING;
INSERT INTO chambre (idchambre, numtype, numchambre, etat) VALUES (nextval('chambre_idchambre_seq'), 4, 2, 'Occupée');
INSERT INTO proposer (numtype, numresort) VALUES (4, 15) ON CONFLICT DO NOTHING;
INSERT INTO chambre (idchambre, numtype, numchambre, etat) VALUES (nextval('chambre_idchambre_seq'), 4, 3, 'Disponible');
INSERT INTO proposer (numtype, numresort) VALUES (4, 15) ON CONFLICT DO NOTHING;
INSERT INTO chambre (idchambre, numtype, numchambre, etat) VALUES (nextval('chambre_idchambre_seq'), 4, 4, 'Maintenance');
INSERT INTO proposer (numtype, numresort) VALUES (4, 15) ON CONFLICT DO NOTHING;
INSERT INTO chambre (idchambre, numtype, numchambre, etat) VALUES (nextval('chambre_idchambre_seq'), 4, 5, 'Occupée');
INSERT INTO proposer (numtype, numresort) VALUES (4, 15) ON CONFLICT DO NOTHING;
INSERT INTO chambre (idchambre, numtype, numchambre, etat) VALUES (nextval('chambre_idchambre_seq'), 4, 6, 'Disponible');
INSERT INTO proposer (numtype, numresort) VALUES (4, 15) ON CONFLICT DO NOTHING;
INSERT INTO chambre (idchambre, numtype, numchambre, etat) VALUES (nextval('chambre_idchambre_seq'), 2, 1, 'Occupée');
INSERT INTO proposer (numtype, numresort) VALUES (2, 15) ON CONFLICT DO NOTHING;
INSERT INTO chambre (idchambre, numtype, numchambre, etat) VALUES (nextval('chambre_idchambre_seq'), 2, 2, 'Maintenance');
INSERT INTO proposer (numtype, numresort) VALUES (2, 15) ON CONFLICT DO NOTHING;
INSERT INTO chambre (idchambre, numtype, numchambre, etat) VALUES (nextval('chambre_idchambre_seq'), 2, 3, 'Maintenance');
INSERT INTO proposer (numtype, numresort) VALUES (2, 15) ON CONFLICT DO NOTHING;
INSERT INTO chambre (idchambre, numtype, numchambre, etat) VALUES (nextval('chambre_idchambre_seq'), 2, 4, 'Disponible');
INSERT INTO proposer (numtype, numresort) VALUES (2, 15) ON CONFLICT DO NOTHING;
INSERT INTO chambre (idchambre, numtype, numchambre, etat) VALUES (nextval('chambre_idchambre_seq'), 2, 5, 'Occupée');
INSERT INTO proposer (numtype, numresort) VALUES (2, 15) ON CONFLICT DO NOTHING;
INSERT INTO chambre (idchambre, numtype, numchambre, etat) VALUES (nextval('chambre_idchambre_seq'), 4, 1, 'Occupée');
INSERT INTO proposer (numtype, numresort) VALUES (4, 16) ON CONFLICT DO NOTHING;
INSERT INTO chambre (idchambre, numtype, numchambre, etat) VALUES (nextval('chambre_idchambre_seq'), 4, 2, 'Disponible');
INSERT INTO proposer (numtype, numresort) VALUES (4, 16) ON CONFLICT DO NOTHING;
INSERT INTO chambre (idchambre, numtype, numchambre, etat) VALUES (nextval('chambre_idchambre_seq'), 4, 3, 'Disponible');
INSERT INTO proposer (numtype, numresort) VALUES (4, 16) ON CONFLICT DO NOTHING;
INSERT INTO chambre (idchambre, numtype, numchambre, etat) VALUES (nextval('chambre_idchambre_seq'), 4, 4, 'Occupée');
INSERT INTO proposer (numtype, numresort) VALUES (4, 16) ON CONFLICT DO NOTHING;
INSERT INTO chambre (idchambre, numtype, numchambre, etat) VALUES (nextval('chambre_idchambre_seq'), 4, 5, 'Disponible');
INSERT INTO proposer (numtype, numresort) VALUES (4, 16) ON CONFLICT DO NOTHING;
INSERT INTO chambre (idchambre, numtype, numchambre, etat) VALUES (nextval('chambre_idchambre_seq'), 4, 6, 'Maintenance');
INSERT INTO proposer (numtype, numresort) VALUES (4, 16) ON CONFLICT DO NOTHING;
INSERT INTO chambre (idchambre, numtype, numchambre, etat) VALUES (nextval('chambre_idchambre_seq'), 4, 7, 'Occupée');
INSERT INTO proposer (numtype, numresort) VALUES (4, 16) ON CONFLICT DO NOTHING;
INSERT INTO chambre (idchambre, numtype, numchambre, etat) VALUES (nextval('chambre_idchambre_seq'), 4, 8, 'Maintenance');
INSERT INTO proposer (numtype, numresort) VALUES (4, 16) ON CONFLICT DO NOTHING;
INSERT INTO chambre (idchambre, numtype, numchambre, etat) VALUES (nextval('chambre_idchambre_seq'), 4, 9, 'Occupée');
INSERT INTO proposer (numtype, numresort) VALUES (4, 16) ON CONFLICT DO NOTHING;
INSERT INTO chambre (idchambre, numtype, numchambre, etat) VALUES (nextval('chambre_idchambre_seq'), 4, 10, 'Maintenance');
INSERT INTO proposer (numtype, numresort) VALUES (4, 16) ON CONFLICT DO NOTHING;
INSERT INTO chambre (idchambre, numtype, numchambre, etat) VALUES (nextval('chambre_idchambre_seq'), 4, 11, 'Disponible');
INSERT INTO proposer (numtype, numresort) VALUES (4, 16) ON CONFLICT DO NOTHING;
INSERT INTO chambre (idchambre, numtype, numchambre, etat) VALUES (nextval('chambre_idchambre_seq'), 4, 12, 'Disponible');
INSERT INTO proposer (numtype, numresort) VALUES (4, 16) ON CONFLICT DO NOTHING;
INSERT INTO chambre (idchambre, numtype, numchambre, etat) VALUES (nextval('chambre_idchambre_seq'), 4, 13, 'Maintenance');
INSERT INTO proposer (numtype, numresort) VALUES (4, 16) ON CONFLICT DO NOTHING;
INSERT INTO chambre (idchambre, numtype, numchambre, etat) VALUES (nextval('chambre_idchambre_seq'), 4, 14, 'Occupée');
INSERT INTO proposer (numtype, numresort) VALUES (4, 16) ON CONFLICT DO NOTHING;
INSERT INTO chambre (idchambre, numtype, numchambre, etat) VALUES (nextval('chambre_idchambre_seq'), 4, 15, 'Occupée');
INSERT INTO proposer (numtype, numresort) VALUES (4, 16) ON CONFLICT DO NOTHING;
INSERT INTO chambre (idchambre, numtype, numchambre, etat) VALUES (nextval('chambre_idchambre_seq'), 4, 16, 'Maintenance');
INSERT INTO proposer (numtype, numresort) VALUES (4, 16) ON CONFLICT DO NOTHING;
INSERT INTO chambre (idchambre, numtype, numchambre, etat) VALUES (nextval('chambre_idchambre_seq'), 4, 17, 'Maintenance');
INSERT INTO proposer (numtype, numresort) VALUES (4, 16) ON CONFLICT DO NOTHING;
INSERT INTO chambre (idchambre, numtype, numchambre, etat) VALUES (nextval('chambre_idchambre_seq'), 4, 18, 'Disponible');
INSERT INTO proposer (numtype, numresort) VALUES (4, 16) ON CONFLICT DO NOTHING;
INSERT INTO chambre (idchambre, numtype, numchambre, etat) VALUES (nextval('chambre_idchambre_seq'), 4, 19, 'Disponible');
INSERT INTO proposer (numtype, numresort) VALUES (4, 16) ON CONFLICT DO NOTHING;
INSERT INTO chambre (idchambre, numtype, numchambre, etat) VALUES (nextval('chambre_idchambre_seq'), 5, 1, 'Occupée');
INSERT INTO proposer (numtype, numresort) VALUES (5, 16) ON CONFLICT DO NOTHING;
INSERT INTO chambre (idchambre, numtype, numchambre, etat) VALUES (nextval('chambre_idchambre_seq'), 5, 2, 'Maintenance');
INSERT INTO proposer (numtype, numresort) VALUES (5, 16) ON CONFLICT DO NOTHING;
INSERT INTO chambre (idchambre, numtype, numchambre, etat) VALUES (nextval('chambre_idchambre_seq'), 5, 3, 'Occupée');
INSERT INTO proposer (numtype, numresort) VALUES (5, 16) ON CONFLICT DO NOTHING;
INSERT INTO chambre (idchambre, numtype, numchambre, etat) VALUES (nextval('chambre_idchambre_seq'), 5, 4, 'Disponible');
INSERT INTO proposer (numtype, numresort) VALUES (5, 16) ON CONFLICT DO NOTHING;
INSERT INTO chambre (idchambre, numtype, numchambre, etat) VALUES (nextval('chambre_idchambre_seq'), 5, 5, 'Occupée');
INSERT INTO proposer (numtype, numresort) VALUES (5, 16) ON CONFLICT DO NOTHING;
INSERT INTO chambre (idchambre, numtype, numchambre, etat) VALUES (nextval('chambre_idchambre_seq'), 5, 6, 'Maintenance');
INSERT INTO proposer (numtype, numresort) VALUES (5, 16) ON CONFLICT DO NOTHING;
INSERT INTO chambre (idchambre, numtype, numchambre, etat) VALUES (nextval('chambre_idchambre_seq'), 5, 7, 'Disponible');
INSERT INTO proposer (numtype, numresort) VALUES (5, 16) ON CONFLICT DO NOTHING;
INSERT INTO chambre (idchambre, numtype, numchambre, etat) VALUES (nextval('chambre_idchambre_seq'), 5, 8, 'Disponible');
INSERT INTO proposer (numtype, numresort) VALUES (5, 16) ON CONFLICT DO NOTHING;
INSERT INTO chambre (idchambre, numtype, numchambre, etat) VALUES (nextval('chambre_idchambre_seq'), 5, 9, 'Disponible');
INSERT INTO proposer (numtype, numresort) VALUES (5, 16) ON CONFLICT DO NOTHING;
INSERT INTO chambre (idchambre, numtype, numchambre, etat) VALUES (nextval('chambre_idchambre_seq'), 5, 10, 'Occupée');
INSERT INTO proposer (numtype, numresort) VALUES (5, 16) ON CONFLICT DO NOTHING;
INSERT INTO chambre (idchambre, numtype, numchambre, etat) VALUES (nextval('chambre_idchambre_seq'), 5, 11, 'Occupée');
INSERT INTO proposer (numtype, numresort) VALUES (5, 16) ON CONFLICT DO NOTHING;
INSERT INTO chambre (idchambre, numtype, numchambre, etat) VALUES (nextval('chambre_idchambre_seq'), 5, 12, 'Disponible');
INSERT INTO proposer (numtype, numresort) VALUES (5, 16) ON CONFLICT DO NOTHING;
INSERT INTO chambre (idchambre, numtype, numchambre, etat) VALUES (nextval('chambre_idchambre_seq'), 5, 13, 'Disponible');
INSERT INTO proposer (numtype, numresort) VALUES (5, 16) ON CONFLICT DO NOTHING;
INSERT INTO chambre (idchambre, numtype, numchambre, etat) VALUES (nextval('chambre_idchambre_seq'), 5, 14, 'Occupée');
INSERT INTO proposer (numtype, numresort) VALUES (5, 16) ON CONFLICT DO NOTHING;
INSERT INTO chambre (idchambre, numtype, numchambre, etat) VALUES (nextval('chambre_idchambre_seq'), 5, 15, 'Occupée');
INSERT INTO proposer (numtype, numresort) VALUES (5, 16) ON CONFLICT DO NOTHING;
INSERT INTO chambre (idchambre, numtype, numchambre, etat) VALUES (nextval('chambre_idchambre_seq'), 5, 16, 'Disponible');
INSERT INTO proposer (numtype, numresort) VALUES (5, 16) ON CONFLICT DO NOTHING;
INSERT INTO chambre (idchambre, numtype, numchambre, etat) VALUES (nextval('chambre_idchambre_seq'), 5, 17, 'Occupée');
INSERT INTO proposer (numtype, numresort) VALUES (5, 16) ON CONFLICT DO NOTHING;
INSERT INTO chambre (idchambre, numtype, numchambre, etat) VALUES (nextval('chambre_idchambre_seq'), 1, 1, 'Occupée');
INSERT INTO proposer (numtype, numresort) VALUES (1, 16) ON CONFLICT DO NOTHING;
INSERT INTO chambre (idchambre, numtype, numchambre, etat) VALUES (nextval('chambre_idchambre_seq'), 1, 2, 'Occupée');
INSERT INTO proposer (numtype, numresort) VALUES (1, 16) ON CONFLICT DO NOTHING;
INSERT INTO chambre (idchambre, numtype, numchambre, etat) VALUES (nextval('chambre_idchambre_seq'), 1, 3, 'Maintenance');
INSERT INTO proposer (numtype, numresort) VALUES (1, 16) ON CONFLICT DO NOTHING;
INSERT INTO chambre (idchambre, numtype, numchambre, etat) VALUES (nextval('chambre_idchambre_seq'), 1, 4, 'Maintenance');
INSERT INTO proposer (numtype, numresort) VALUES (1, 16) ON CONFLICT DO NOTHING;
INSERT INTO chambre (idchambre, numtype, numchambre, etat) VALUES (nextval('chambre_idchambre_seq'), 1, 5, 'Maintenance');
INSERT INTO proposer (numtype, numresort) VALUES (1, 16) ON CONFLICT DO NOTHING;
INSERT INTO chambre (idchambre, numtype, numchambre, etat) VALUES (nextval('chambre_idchambre_seq'), 1, 6, 'Disponible');
INSERT INTO proposer (numtype, numresort) VALUES (1, 16) ON CONFLICT DO NOTHING;
INSERT INTO chambre (idchambre, numtype, numchambre, etat) VALUES (nextval('chambre_idchambre_seq'), 1, 7, 'Occupée');
INSERT INTO proposer (numtype, numresort) VALUES (1, 16) ON CONFLICT DO NOTHING;
INSERT INTO chambre (idchambre, numtype, numchambre, etat) VALUES (nextval('chambre_idchambre_seq'), 1, 8, 'Maintenance');
INSERT INTO proposer (numtype, numresort) VALUES (1, 16) ON CONFLICT DO NOTHING;
INSERT INTO chambre (idchambre, numtype, numchambre, etat) VALUES (nextval('chambre_idchambre_seq'), 1, 9, 'Occupée');
INSERT INTO proposer (numtype, numresort) VALUES (1, 16) ON CONFLICT DO NOTHING;
INSERT INTO chambre (idchambre, numtype, numchambre, etat) VALUES (nextval('chambre_idchambre_seq'), 1, 10, 'Maintenance');
INSERT INTO proposer (numtype, numresort) VALUES (1, 16) ON CONFLICT DO NOTHING;
INSERT INTO chambre (idchambre, numtype, numchambre, etat) VALUES (nextval('chambre_idchambre_seq'), 1, 11, 'Disponible');
INSERT INTO proposer (numtype, numresort) VALUES (1, 16) ON CONFLICT DO NOTHING;
INSERT INTO chambre (idchambre, numtype, numchambre, etat) VALUES (nextval('chambre_idchambre_seq'), 1, 12, 'Disponible');
INSERT INTO proposer (numtype, numresort) VALUES (1, 16) ON CONFLICT DO NOTHING;
INSERT INTO chambre (idchambre, numtype, numchambre, etat) VALUES (nextval('chambre_idchambre_seq'), 1, 13, 'Maintenance');
INSERT INTO proposer (numtype, numresort) VALUES (1, 16) ON CONFLICT DO NOTHING;
INSERT INTO chambre (idchambre, numtype, numchambre, etat) VALUES (nextval('chambre_idchambre_seq'), 4, 1, 'Occupée');
INSERT INTO proposer (numtype, numresort) VALUES (4, 17) ON CONFLICT DO NOTHING;
INSERT INTO chambre (idchambre, numtype, numchambre, etat) VALUES (nextval('chambre_idchambre_seq'), 4, 2, 'Maintenance');
INSERT INTO proposer (numtype, numresort) VALUES (4, 17) ON CONFLICT DO NOTHING;
INSERT INTO chambre (idchambre, numtype, numchambre, etat) VALUES (nextval('chambre_idchambre_seq'), 4, 3, 'Maintenance');
INSERT INTO proposer (numtype, numresort) VALUES (4, 17) ON CONFLICT DO NOTHING;
INSERT INTO chambre (idchambre, numtype, numchambre, etat) VALUES (nextval('chambre_idchambre_seq'), 4, 4, 'Maintenance');
INSERT INTO proposer (numtype, numresort) VALUES (4, 17) ON CONFLICT DO NOTHING;
INSERT INTO chambre (idchambre, numtype, numchambre, etat) VALUES (nextval('chambre_idchambre_seq'), 4, 5, 'Occupée');
INSERT INTO proposer (numtype, numresort) VALUES (4, 17) ON CONFLICT DO NOTHING;
INSERT INTO chambre (idchambre, numtype, numchambre, etat) VALUES (nextval('chambre_idchambre_seq'), 4, 6, 'Maintenance');
INSERT INTO proposer (numtype, numresort) VALUES (4, 17) ON CONFLICT DO NOTHING;
INSERT INTO chambre (idchambre, numtype, numchambre, etat) VALUES (nextval('chambre_idchambre_seq'), 4, 7, 'Disponible');
INSERT INTO proposer (numtype, numresort) VALUES (4, 17) ON CONFLICT DO NOTHING;
INSERT INTO chambre (idchambre, numtype, numchambre, etat) VALUES (nextval('chambre_idchambre_seq'), 4, 8, 'Maintenance');
INSERT INTO proposer (numtype, numresort) VALUES (4, 17) ON CONFLICT DO NOTHING;
INSERT INTO chambre (idchambre, numtype, numchambre, etat) VALUES (nextval('chambre_idchambre_seq'), 4, 9, 'Occupée');
INSERT INTO proposer (numtype, numresort) VALUES (4, 17) ON CONFLICT DO NOTHING;
INSERT INTO chambre (idchambre, numtype, numchambre, etat) VALUES (nextval('chambre_idchambre_seq'), 4, 10, 'Occupée');
INSERT INTO proposer (numtype, numresort) VALUES (4, 17) ON CONFLICT DO NOTHING;
INSERT INTO chambre (idchambre, numtype, numchambre, etat) VALUES (nextval('chambre_idchambre_seq'), 3, 1, 'Disponible');
INSERT INTO proposer (numtype, numresort) VALUES (3, 17) ON CONFLICT DO NOTHING;
INSERT INTO chambre (idchambre, numtype, numchambre, etat) VALUES (nextval('chambre_idchambre_seq'), 3, 2, 'Disponible');
INSERT INTO proposer (numtype, numresort) VALUES (3, 17) ON CONFLICT DO NOTHING;
INSERT INTO chambre (idchambre, numtype, numchambre, etat) VALUES (nextval('chambre_idchambre_seq'), 3, 3, 'Occupée');
INSERT INTO proposer (numtype, numresort) VALUES (3, 17) ON CONFLICT DO NOTHING;
INSERT INTO chambre (idchambre, numtype, numchambre, etat) VALUES (nextval('chambre_idchambre_seq'), 3, 4, 'Disponible');
INSERT INTO proposer (numtype, numresort) VALUES (3, 17) ON CONFLICT DO NOTHING;
INSERT INTO chambre (idchambre, numtype, numchambre, etat) VALUES (nextval('chambre_idchambre_seq'), 3, 5, 'Occupée');
INSERT INTO proposer (numtype, numresort) VALUES (3, 17) ON CONFLICT DO NOTHING;
INSERT INTO chambre (idchambre, numtype, numchambre, etat) VALUES (nextval('chambre_idchambre_seq'), 3, 6, 'Maintenance');
INSERT INTO proposer (numtype, numresort) VALUES (3, 17) ON CONFLICT DO NOTHING;
INSERT INTO chambre (idchambre, numtype, numchambre, etat) VALUES (nextval('chambre_idchambre_seq'), 3, 7, 'Maintenance');
INSERT INTO proposer (numtype, numresort) VALUES (3, 17) ON CONFLICT DO NOTHING;
INSERT INTO chambre (idchambre, numtype, numchambre, etat) VALUES (nextval('chambre_idchambre_seq'), 3, 8, 'Occupée');
INSERT INTO proposer (numtype, numresort) VALUES (3, 17) ON CONFLICT DO NOTHING;
INSERT INTO chambre (idchambre, numtype, numchambre, etat) VALUES (nextval('chambre_idchambre_seq'), 3, 9, 'Occupée');
INSERT INTO proposer (numtype, numresort) VALUES (3, 17) ON CONFLICT DO NOTHING;
INSERT INTO chambre (idchambre, numtype, numchambre, etat) VALUES (nextval('chambre_idchambre_seq'), 3, 10, 'Maintenance');
INSERT INTO proposer (numtype, numresort) VALUES (3, 17) ON CONFLICT DO NOTHING;
INSERT INTO chambre (idchambre, numtype, numchambre, etat) VALUES (nextval('chambre_idchambre_seq'), 3, 11, 'Maintenance');
INSERT INTO proposer (numtype, numresort) VALUES (3, 17) ON CONFLICT DO NOTHING;
INSERT INTO chambre (idchambre, numtype, numchambre, etat) VALUES (nextval('chambre_idchambre_seq'), 3, 12, 'Occupée');
INSERT INTO proposer (numtype, numresort) VALUES (3, 17) ON CONFLICT DO NOTHING;
INSERT INTO chambre (idchambre, numtype, numchambre, etat) VALUES (nextval('chambre_idchambre_seq'), 2, 1, 'Maintenance');
INSERT INTO proposer (numtype, numresort) VALUES (2, 18) ON CONFLICT DO NOTHING;
INSERT INTO chambre (idchambre, numtype, numchambre, etat) VALUES (nextval('chambre_idchambre_seq'), 2, 2, 'Maintenance');
INSERT INTO proposer (numtype, numresort) VALUES (2, 18) ON CONFLICT DO NOTHING;
INSERT INTO chambre (idchambre, numtype, numchambre, etat) VALUES (nextval('chambre_idchambre_seq'), 2, 3, 'Occupée');
INSERT INTO proposer (numtype, numresort) VALUES (2, 18) ON CONFLICT DO NOTHING;
INSERT INTO chambre (idchambre, numtype, numchambre, etat) VALUES (nextval('chambre_idchambre_seq'), 2, 4, 'Disponible');
INSERT INTO proposer (numtype, numresort) VALUES (2, 18) ON CONFLICT DO NOTHING;
INSERT INTO chambre (idchambre, numtype, numchambre, etat) VALUES (nextval('chambre_idchambre_seq'), 2, 5, 'Maintenance');
INSERT INTO proposer (numtype, numresort) VALUES (2, 18) ON CONFLICT DO NOTHING;
INSERT INTO chambre (idchambre, numtype, numchambre, etat) VALUES (nextval('chambre_idchambre_seq'), 2, 6, 'Disponible');
INSERT INTO proposer (numtype, numresort) VALUES (2, 18) ON CONFLICT DO NOTHING;
INSERT INTO chambre (idchambre, numtype, numchambre, etat) VALUES (nextval('chambre_idchambre_seq'), 2, 7, 'Disponible');
INSERT INTO proposer (numtype, numresort) VALUES (2, 18) ON CONFLICT DO NOTHING;
INSERT INTO chambre (idchambre, numtype, numchambre, etat) VALUES (nextval('chambre_idchambre_seq'), 2, 8, 'Maintenance');
INSERT INTO proposer (numtype, numresort) VALUES (2, 18) ON CONFLICT DO NOTHING;
INSERT INTO chambre (idchambre, numtype, numchambre, etat) VALUES (nextval('chambre_idchambre_seq'), 2, 9, 'Maintenance');
INSERT INTO proposer (numtype, numresort) VALUES (2, 18) ON CONFLICT DO NOTHING;
INSERT INTO chambre (idchambre, numtype, numchambre, etat) VALUES (nextval('chambre_idchambre_seq'), 2, 10, 'Disponible');
INSERT INTO proposer (numtype, numresort) VALUES (2, 18) ON CONFLICT DO NOTHING;
INSERT INTO chambre (idchambre, numtype, numchambre, etat) VALUES (nextval('chambre_idchambre_seq'), 2, 11, 'Maintenance');
INSERT INTO proposer (numtype, numresort) VALUES (2, 18) ON CONFLICT DO NOTHING;
INSERT INTO chambre (idchambre, numtype, numchambre, etat) VALUES (nextval('chambre_idchambre_seq'), 2, 12, 'Maintenance');
INSERT INTO proposer (numtype, numresort) VALUES (2, 18) ON CONFLICT DO NOTHING;
INSERT INTO chambre (idchambre, numtype, numchambre, etat) VALUES (nextval('chambre_idchambre_seq'), 2, 13, 'Disponible');
INSERT INTO proposer (numtype, numresort) VALUES (2, 18) ON CONFLICT DO NOTHING;
INSERT INTO chambre (idchambre, numtype, numchambre, etat) VALUES (nextval('chambre_idchambre_seq'), 2, 14, 'Disponible');
INSERT INTO proposer (numtype, numresort) VALUES (2, 18) ON CONFLICT DO NOTHING;
INSERT INTO chambre (idchambre, numtype, numchambre, etat) VALUES (nextval('chambre_idchambre_seq'), 2, 15, 'Occupée');
INSERT INTO proposer (numtype, numresort) VALUES (2, 18) ON CONFLICT DO NOTHING;
INSERT INTO chambre (idchambre, numtype, numchambre, etat) VALUES (nextval('chambre_idchambre_seq'), 2, 16, 'Maintenance');
INSERT INTO proposer (numtype, numresort) VALUES (2, 18) ON CONFLICT DO NOTHING;
INSERT INTO chambre (idchambre, numtype, numchambre, etat) VALUES (nextval('chambre_idchambre_seq'), 2, 17, 'Occupée');
INSERT INTO proposer (numtype, numresort) VALUES (2, 18) ON CONFLICT DO NOTHING;
INSERT INTO chambre (idchambre, numtype, numchambre, etat) VALUES (nextval('chambre_idchambre_seq'), 2, 18, 'Disponible');
INSERT INTO proposer (numtype, numresort) VALUES (2, 18) ON CONFLICT DO NOTHING;
INSERT INTO chambre (idchambre, numtype, numchambre, etat) VALUES (nextval('chambre_idchambre_seq'), 2, 19, 'Maintenance');
INSERT INTO proposer (numtype, numresort) VALUES (2, 18) ON CONFLICT DO NOTHING;
INSERT INTO chambre (idchambre, numtype, numchambre, etat) VALUES (nextval('chambre_idchambre_seq'), 5, 1, 'Maintenance');
INSERT INTO proposer (numtype, numresort) VALUES (5, 18) ON CONFLICT DO NOTHING;
INSERT INTO chambre (idchambre, numtype, numchambre, etat) VALUES (nextval('chambre_idchambre_seq'), 5, 2, 'Maintenance');
INSERT INTO proposer (numtype, numresort) VALUES (5, 18) ON CONFLICT DO NOTHING;
INSERT INTO chambre (idchambre, numtype, numchambre, etat) VALUES (nextval('chambre_idchambre_seq'), 5, 3, 'Occupée');
INSERT INTO proposer (numtype, numresort) VALUES (5, 18) ON CONFLICT DO NOTHING;
INSERT INTO chambre (idchambre, numtype, numchambre, etat) VALUES (nextval('chambre_idchambre_seq'), 5, 4, 'Disponible');
INSERT INTO proposer (numtype, numresort) VALUES (5, 18) ON CONFLICT DO NOTHING;
INSERT INTO chambre (idchambre, numtype, numchambre, etat) VALUES (nextval('chambre_idchambre_seq'), 5, 5, 'Maintenance');
INSERT INTO proposer (numtype, numresort) VALUES (5, 18) ON CONFLICT DO NOTHING;
INSERT INTO chambre (idchambre, numtype, numchambre, etat) VALUES (nextval('chambre_idchambre_seq'), 5, 6, 'Occupée');
INSERT INTO proposer (numtype, numresort) VALUES (5, 18) ON CONFLICT DO NOTHING;
INSERT INTO chambre (idchambre, numtype, numchambre, etat) VALUES (nextval('chambre_idchambre_seq'), 5, 7, 'Disponible');
INSERT INTO proposer (numtype, numresort) VALUES (5, 18) ON CONFLICT DO NOTHING;
INSERT INTO chambre (idchambre, numtype, numchambre, etat) VALUES (nextval('chambre_idchambre_seq'), 5, 8, 'Occupée');
INSERT INTO proposer (numtype, numresort) VALUES (5, 18) ON CONFLICT DO NOTHING;
INSERT INTO chambre (idchambre, numtype, numchambre, etat) VALUES (nextval('chambre_idchambre_seq'), 5, 9, 'Disponible');
INSERT INTO proposer (numtype, numresort) VALUES (5, 18) ON CONFLICT DO NOTHING;
INSERT INTO chambre (idchambre, numtype, numchambre, etat) VALUES (nextval('chambre_idchambre_seq'), 5, 10, 'Maintenance');
INSERT INTO proposer (numtype, numresort) VALUES (5, 18) ON CONFLICT DO NOTHING;
INSERT INTO chambre (idchambre, numtype, numchambre, etat) VALUES (nextval('chambre_idchambre_seq'), 5, 11, 'Occupée');
INSERT INTO proposer (numtype, numresort) VALUES (5, 18) ON CONFLICT DO NOTHING;
INSERT INTO chambre (idchambre, numtype, numchambre, etat) VALUES (nextval('chambre_idchambre_seq'), 3, 1, 'Maintenance');
INSERT INTO proposer (numtype, numresort) VALUES (3, 18) ON CONFLICT DO NOTHING;
INSERT INTO chambre (idchambre, numtype, numchambre, etat) VALUES (nextval('chambre_idchambre_seq'), 3, 2, 'Disponible');
INSERT INTO proposer (numtype, numresort) VALUES (3, 18) ON CONFLICT DO NOTHING;
INSERT INTO chambre (idchambre, numtype, numchambre, etat) VALUES (nextval('chambre_idchambre_seq'), 3, 3, 'Maintenance');
INSERT INTO proposer (numtype, numresort) VALUES (3, 18) ON CONFLICT DO NOTHING;
INSERT INTO chambre (idchambre, numtype, numchambre, etat) VALUES (nextval('chambre_idchambre_seq'), 3, 4, 'Occupée');
INSERT INTO proposer (numtype, numresort) VALUES (3, 18) ON CONFLICT DO NOTHING;
INSERT INTO chambre (idchambre, numtype, numchambre, etat) VALUES (nextval('chambre_idchambre_seq'), 3, 5, 'Maintenance');
INSERT INTO proposer (numtype, numresort) VALUES (3, 18) ON CONFLICT DO NOTHING;
INSERT INTO chambre (idchambre, numtype, numchambre, etat) VALUES (nextval('chambre_idchambre_seq'), 3, 6, 'Occupée');
INSERT INTO proposer (numtype, numresort) VALUES (3, 18) ON CONFLICT DO NOTHING;
INSERT INTO chambre (idchambre, numtype, numchambre, etat) VALUES (nextval('chambre_idchambre_seq'), 3, 7, 'Maintenance');
INSERT INTO proposer (numtype, numresort) VALUES (3, 18) ON CONFLICT DO NOTHING;
INSERT INTO chambre (idchambre, numtype, numchambre, etat) VALUES (nextval('chambre_idchambre_seq'), 3, 8, 'Disponible');
INSERT INTO proposer (numtype, numresort) VALUES (3, 18) ON CONFLICT DO NOTHING;
INSERT INTO chambre (idchambre, numtype, numchambre, etat) VALUES (nextval('chambre_idchambre_seq'), 3, 9, 'Occupée');
INSERT INTO proposer (numtype, numresort) VALUES (3, 18) ON CONFLICT DO NOTHING;
INSERT INTO chambre (idchambre, numtype, numchambre, etat) VALUES (nextval('chambre_idchambre_seq'), 3, 10, 'Occupée');
INSERT INTO proposer (numtype, numresort) VALUES (3, 18) ON CONFLICT DO NOTHING;
INSERT INTO chambre (idchambre, numtype, numchambre, etat) VALUES (nextval('chambre_idchambre_seq'), 3, 11, 'Disponible');
INSERT INTO proposer (numtype, numresort) VALUES (3, 18) ON CONFLICT DO NOTHING;
INSERT INTO chambre (idchambre, numtype, numchambre, etat) VALUES (nextval('chambre_idchambre_seq'), 3, 12, 'Maintenance');
INSERT INTO proposer (numtype, numresort) VALUES (3, 18) ON CONFLICT DO NOTHING;
INSERT INTO chambre (idchambre, numtype, numchambre, etat) VALUES (nextval('chambre_idchambre_seq'), 3, 13, 'Disponible');
INSERT INTO proposer (numtype, numresort) VALUES (3, 18) ON CONFLICT DO NOTHING;
INSERT INTO chambre (idchambre, numtype, numchambre, etat) VALUES (nextval('chambre_idchambre_seq'), 3, 14, 'Maintenance');
INSERT INTO proposer (numtype, numresort) VALUES (3, 18) ON CONFLICT DO NOTHING;
INSERT INTO chambre (idchambre, numtype, numchambre, etat) VALUES (nextval('chambre_idchambre_seq'), 3, 15, 'Disponible');
INSERT INTO proposer (numtype, numresort) VALUES (3, 18) ON CONFLICT DO NOTHING;
INSERT INTO chambre (idchambre, numtype, numchambre, etat) VALUES (nextval('chambre_idchambre_seq'), 3, 16, 'Disponible');
INSERT INTO proposer (numtype, numresort) VALUES (3, 18) ON CONFLICT DO NOTHING;
INSERT INTO chambre (idchambre, numtype, numchambre, etat) VALUES (nextval('chambre_idchambre_seq'), 3, 17, 'Occupée');
INSERT INTO proposer (numtype, numresort) VALUES (3, 18) ON CONFLICT DO NOTHING;
INSERT INTO chambre (idchambre, numtype, numchambre, etat) VALUES (nextval('chambre_idchambre_seq'), 3, 18, 'Occupée');
INSERT INTO proposer (numtype, numresort) VALUES (3, 18) ON CONFLICT DO NOTHING;
INSERT INTO chambre (idchambre, numtype, numchambre, etat) VALUES (nextval('chambre_idchambre_seq'), 3, 19, 'Maintenance');
INSERT INTO proposer (numtype, numresort) VALUES (3, 18) ON CONFLICT DO NOTHING;
INSERT INTO chambre (idchambre, numtype, numchambre, etat) VALUES (nextval('chambre_idchambre_seq'), 1, 1, 'Maintenance');
INSERT INTO proposer (numtype, numresort) VALUES (1, 18) ON CONFLICT DO NOTHING;
INSERT INTO chambre (idchambre, numtype, numchambre, etat) VALUES (nextval('chambre_idchambre_seq'), 1, 2, 'Disponible');
INSERT INTO proposer (numtype, numresort) VALUES (1, 18) ON CONFLICT DO NOTHING;
INSERT INTO chambre (idchambre, numtype, numchambre, etat) VALUES (nextval('chambre_idchambre_seq'), 1, 3, 'Disponible');
INSERT INTO proposer (numtype, numresort) VALUES (1, 18) ON CONFLICT DO NOTHING;
INSERT INTO chambre (idchambre, numtype, numchambre, etat) VALUES (nextval('chambre_idchambre_seq'), 1, 4, 'Occupée');
INSERT INTO proposer (numtype, numresort) VALUES (1, 18) ON CONFLICT DO NOTHING;
INSERT INTO chambre (idchambre, numtype, numchambre, etat) VALUES (nextval('chambre_idchambre_seq'), 1, 5, 'Disponible');
INSERT INTO proposer (numtype, numresort) VALUES (1, 18) ON CONFLICT DO NOTHING;
INSERT INTO chambre (idchambre, numtype, numchambre, etat) VALUES (nextval('chambre_idchambre_seq'), 1, 6, 'Occupée');
INSERT INTO proposer (numtype, numresort) VALUES (1, 18) ON CONFLICT DO NOTHING;
INSERT INTO chambre (idchambre, numtype, numchambre, etat) VALUES (nextval('chambre_idchambre_seq'), 1, 7, 'Occupée');
INSERT INTO proposer (numtype, numresort) VALUES (1, 18) ON CONFLICT DO NOTHING;
INSERT INTO chambre (idchambre, numtype, numchambre, etat) VALUES (nextval('chambre_idchambre_seq'), 2, 1, 'Occupée');
INSERT INTO proposer (numtype, numresort) VALUES (2, 19) ON CONFLICT DO NOTHING;
INSERT INTO chambre (idchambre, numtype, numchambre, etat) VALUES (nextval('chambre_idchambre_seq'), 2, 2, 'Occupée');
INSERT INTO proposer (numtype, numresort) VALUES (2, 19) ON CONFLICT DO NOTHING;
INSERT INTO chambre (idchambre, numtype, numchambre, etat) VALUES (nextval('chambre_idchambre_seq'), 2, 3, 'Occupée');
INSERT INTO proposer (numtype, numresort) VALUES (2, 19) ON CONFLICT DO NOTHING;
INSERT INTO chambre (idchambre, numtype, numchambre, etat) VALUES (nextval('chambre_idchambre_seq'), 2, 4, 'Occupée');
INSERT INTO proposer (numtype, numresort) VALUES (2, 19) ON CONFLICT DO NOTHING;
INSERT INTO chambre (idchambre, numtype, numchambre, etat) VALUES (nextval('chambre_idchambre_seq'), 2, 5, 'Disponible');
INSERT INTO proposer (numtype, numresort) VALUES (2, 19) ON CONFLICT DO NOTHING;
INSERT INTO chambre (idchambre, numtype, numchambre, etat) VALUES (nextval('chambre_idchambre_seq'), 2, 6, 'Maintenance');
INSERT INTO proposer (numtype, numresort) VALUES (2, 19) ON CONFLICT DO NOTHING;
INSERT INTO chambre (idchambre, numtype, numchambre, etat) VALUES (nextval('chambre_idchambre_seq'), 2, 7, 'Maintenance');
INSERT INTO proposer (numtype, numresort) VALUES (2, 19) ON CONFLICT DO NOTHING;
INSERT INTO chambre (idchambre, numtype, numchambre, etat) VALUES (nextval('chambre_idchambre_seq'), 2, 8, 'Maintenance');
INSERT INTO proposer (numtype, numresort) VALUES (2, 19) ON CONFLICT DO NOTHING;
INSERT INTO chambre (idchambre, numtype, numchambre, etat) VALUES (nextval('chambre_idchambre_seq'), 2, 9, 'Disponible');
INSERT INTO proposer (numtype, numresort) VALUES (2, 19) ON CONFLICT DO NOTHING;
INSERT INTO chambre (idchambre, numtype, numchambre, etat) VALUES (nextval('chambre_idchambre_seq'), 2, 10, 'Maintenance');
INSERT INTO proposer (numtype, numresort) VALUES (2, 19) ON CONFLICT DO NOTHING;
INSERT INTO chambre (idchambre, numtype, numchambre, etat) VALUES (nextval('chambre_idchambre_seq'), 2, 11, 'Occupée');
INSERT INTO proposer (numtype, numresort) VALUES (2, 19) ON CONFLICT DO NOTHING;
INSERT INTO chambre (idchambre, numtype, numchambre, etat) VALUES (nextval('chambre_idchambre_seq'), 2, 12, 'Disponible');
INSERT INTO proposer (numtype, numresort) VALUES (2, 19) ON CONFLICT DO NOTHING;
INSERT INTO chambre (idchambre, numtype, numchambre, etat) VALUES (nextval('chambre_idchambre_seq'), 2, 13, 'Disponible');
INSERT INTO proposer (numtype, numresort) VALUES (2, 19) ON CONFLICT DO NOTHING;
INSERT INTO chambre (idchambre, numtype, numchambre, etat) VALUES (nextval('chambre_idchambre_seq'), 2, 14, 'Maintenance');
INSERT INTO proposer (numtype, numresort) VALUES (2, 19) ON CONFLICT DO NOTHING;
INSERT INTO chambre (idchambre, numtype, numchambre, etat) VALUES (nextval('chambre_idchambre_seq'), 2, 15, 'Occupée');
INSERT INTO proposer (numtype, numresort) VALUES (2, 19) ON CONFLICT DO NOTHING;
INSERT INTO chambre (idchambre, numtype, numchambre, etat) VALUES (nextval('chambre_idchambre_seq'), 2, 16, 'Maintenance');
INSERT INTO proposer (numtype, numresort) VALUES (2, 19) ON CONFLICT DO NOTHING;
INSERT INTO chambre (idchambre, numtype, numchambre, etat) VALUES (nextval('chambre_idchambre_seq'), 4, 1, 'Maintenance');
INSERT INTO proposer (numtype, numresort) VALUES (4, 19) ON CONFLICT DO NOTHING;
INSERT INTO chambre (idchambre, numtype, numchambre, etat) VALUES (nextval('chambre_idchambre_seq'), 4, 2, 'Disponible');
INSERT INTO proposer (numtype, numresort) VALUES (4, 19) ON CONFLICT DO NOTHING;
INSERT INTO chambre (idchambre, numtype, numchambre, etat) VALUES (nextval('chambre_idchambre_seq'), 4, 3, 'Disponible');
INSERT INTO proposer (numtype, numresort) VALUES (4, 19) ON CONFLICT DO NOTHING;
INSERT INTO chambre (idchambre, numtype, numchambre, etat) VALUES (nextval('chambre_idchambre_seq'), 4, 4, 'Disponible');
INSERT INTO proposer (numtype, numresort) VALUES (4, 19) ON CONFLICT DO NOTHING;
INSERT INTO chambre (idchambre, numtype, numchambre, etat) VALUES (nextval('chambre_idchambre_seq'), 4, 5, 'Occupée');
INSERT INTO proposer (numtype, numresort) VALUES (4, 19) ON CONFLICT DO NOTHING;
INSERT INTO chambre (idchambre, numtype, numchambre, etat) VALUES (nextval('chambre_idchambre_seq'), 4, 6, 'Occupée');
INSERT INTO proposer (numtype, numresort) VALUES (4, 19) ON CONFLICT DO NOTHING;
INSERT INTO chambre (idchambre, numtype, numchambre, etat) VALUES (nextval('chambre_idchambre_seq'), 4, 7, 'Maintenance');
INSERT INTO proposer (numtype, numresort) VALUES (4, 19) ON CONFLICT DO NOTHING;
INSERT INTO chambre (idchambre, numtype, numchambre, etat) VALUES (nextval('chambre_idchambre_seq'), 4, 8, 'Maintenance');
INSERT INTO proposer (numtype, numresort) VALUES (4, 19) ON CONFLICT DO NOTHING;
INSERT INTO chambre (idchambre, numtype, numchambre, etat) VALUES (nextval('chambre_idchambre_seq'), 4, 9, 'Maintenance');
INSERT INTO proposer (numtype, numresort) VALUES (4, 19) ON CONFLICT DO NOTHING;
INSERT INTO chambre (idchambre, numtype, numchambre, etat) VALUES (nextval('chambre_idchambre_seq'), 5, 1, 'Occupée');
INSERT INTO proposer (numtype, numresort) VALUES (5, 20) ON CONFLICT DO NOTHING;
INSERT INTO chambre (idchambre, numtype, numchambre, etat) VALUES (nextval('chambre_idchambre_seq'), 5, 2, 'Occupée');
INSERT INTO proposer (numtype, numresort) VALUES (5, 20) ON CONFLICT DO NOTHING;
INSERT INTO chambre (idchambre, numtype, numchambre, etat) VALUES (nextval('chambre_idchambre_seq'), 5, 3, 'Disponible');
INSERT INTO proposer (numtype, numresort) VALUES (5, 20) ON CONFLICT DO NOTHING;
INSERT INTO chambre (idchambre, numtype, numchambre, etat) VALUES (nextval('chambre_idchambre_seq'), 5, 4, 'Occupée');
INSERT INTO proposer (numtype, numresort) VALUES (5, 20) ON CONFLICT DO NOTHING;
INSERT INTO chambre (idchambre, numtype, numchambre, etat) VALUES (nextval('chambre_idchambre_seq'), 5, 5, 'Disponible');
INSERT INTO proposer (numtype, numresort) VALUES (5, 20) ON CONFLICT DO NOTHING;
INSERT INTO chambre (idchambre, numtype, numchambre, etat) VALUES (nextval('chambre_idchambre_seq'), 5, 6, 'Maintenance');
INSERT INTO proposer (numtype, numresort) VALUES (5, 20) ON CONFLICT DO NOTHING;
INSERT INTO chambre (idchambre, numtype, numchambre, etat) VALUES (nextval('chambre_idchambre_seq'), 5, 7, 'Disponible');
INSERT INTO proposer (numtype, numresort) VALUES (5, 20) ON CONFLICT DO NOTHING;
INSERT INTO chambre (idchambre, numtype, numchambre, etat) VALUES (nextval('chambre_idchambre_seq'), 5, 8, 'Disponible');
INSERT INTO proposer (numtype, numresort) VALUES (5, 20) ON CONFLICT DO NOTHING;
INSERT INTO chambre (idchambre, numtype, numchambre, etat) VALUES (nextval('chambre_idchambre_seq'), 5, 9, 'Maintenance');
INSERT INTO proposer (numtype, numresort) VALUES (5, 20) ON CONFLICT DO NOTHING;
INSERT INTO chambre (idchambre, numtype, numchambre, etat) VALUES (nextval('chambre_idchambre_seq'), 5, 10, 'Occupée');
INSERT INTO proposer (numtype, numresort) VALUES (5, 20) ON CONFLICT DO NOTHING;
INSERT INTO chambre (idchambre, numtype, numchambre, etat) VALUES (nextval('chambre_idchambre_seq'), 5, 11, 'Maintenance');
INSERT INTO proposer (numtype, numresort) VALUES (5, 20) ON CONFLICT DO NOTHING;
INSERT INTO chambre (idchambre, numtype, numchambre, etat) VALUES (nextval('chambre_idchambre_seq'), 5, 12, 'Disponible');
INSERT INTO proposer (numtype, numresort) VALUES (5, 20) ON CONFLICT DO NOTHING;
INSERT INTO chambre (idchambre, numtype, numchambre, etat) VALUES (nextval('chambre_idchambre_seq'), 4, 1, 'Disponible');
INSERT INTO proposer (numtype, numresort) VALUES (4, 20) ON CONFLICT DO NOTHING;
INSERT INTO chambre (idchambre, numtype, numchambre, etat) VALUES (nextval('chambre_idchambre_seq'), 4, 2, 'Disponible');
INSERT INTO proposer (numtype, numresort) VALUES (4, 20) ON CONFLICT DO NOTHING;
INSERT INTO chambre (idchambre, numtype, numchambre, etat) VALUES (nextval('chambre_idchambre_seq'), 4, 3, 'Disponible');
INSERT INTO proposer (numtype, numresort) VALUES (4, 20) ON CONFLICT DO NOTHING;
INSERT INTO chambre (idchambre, numtype, numchambre, etat) VALUES (nextval('chambre_idchambre_seq'), 4, 4, 'Maintenance');
INSERT INTO proposer (numtype, numresort) VALUES (4, 20) ON CONFLICT DO NOTHING;
INSERT INTO chambre (idchambre, numtype, numchambre, etat) VALUES (nextval('chambre_idchambre_seq'), 4, 5, 'Disponible');
INSERT INTO proposer (numtype, numresort) VALUES (4, 20) ON CONFLICT DO NOTHING;
INSERT INTO chambre (idchambre, numtype, numchambre, etat) VALUES (nextval('chambre_idchambre_seq'), 4, 6, 'Occupée');
INSERT INTO proposer (numtype, numresort) VALUES (4, 20) ON CONFLICT DO NOTHING;
INSERT INTO chambre (idchambre, numtype, numchambre, etat) VALUES (nextval('chambre_idchambre_seq'), 4, 7, 'Maintenance');
INSERT INTO proposer (numtype, numresort) VALUES (4, 20) ON CONFLICT DO NOTHING;
INSERT INTO chambre (idchambre, numtype, numchambre, etat) VALUES (nextval('chambre_idchambre_seq'), 4, 8, 'Maintenance');
INSERT INTO proposer (numtype, numresort) VALUES (4, 20) ON CONFLICT DO NOTHING;
INSERT INTO chambre (idchambre, numtype, numchambre, etat) VALUES (nextval('chambre_idchambre_seq'), 4, 9, 'Maintenance');
INSERT INTO proposer (numtype, numresort) VALUES (4, 20) ON CONFLICT DO NOTHING;
INSERT INTO chambre (idchambre, numtype, numchambre, etat) VALUES (nextval('chambre_idchambre_seq'), 4, 10, 'Disponible');
INSERT INTO proposer (numtype, numresort) VALUES (4, 20) ON CONFLICT DO NOTHING;
INSERT INTO chambre (idchambre, numtype, numchambre, etat) VALUES (nextval('chambre_idchambre_seq'), 4, 11, 'Disponible');
INSERT INTO proposer (numtype, numresort) VALUES (4, 20) ON CONFLICT DO NOTHING;
INSERT INTO chambre (idchambre, numtype, numchambre, etat) VALUES (nextval('chambre_idchambre_seq'), 4, 12, 'Maintenance');
INSERT INTO proposer (numtype, numresort) VALUES (4, 20) ON CONFLICT DO NOTHING;
INSERT INTO chambre (idchambre, numtype, numchambre, etat) VALUES (nextval('chambre_idchambre_seq'), 1, 1, 'Occupée');
INSERT INTO proposer (numtype, numresort) VALUES (1, 20) ON CONFLICT DO NOTHING;
INSERT INTO chambre (idchambre, numtype, numchambre, etat) VALUES (nextval('chambre_idchambre_seq'), 1, 2, 'Occupée');
INSERT INTO proposer (numtype, numresort) VALUES (1, 20) ON CONFLICT DO NOTHING;
INSERT INTO chambre (idchambre, numtype, numchambre, etat) VALUES (nextval('chambre_idchambre_seq'), 1, 3, 'Disponible');
INSERT INTO proposer (numtype, numresort) VALUES (1, 20) ON CONFLICT DO NOTHING;
INSERT INTO chambre (idchambre, numtype, numchambre, etat) VALUES (nextval('chambre_idchambre_seq'), 1, 4, 'Maintenance');
INSERT INTO proposer (numtype, numresort) VALUES (1, 20) ON CONFLICT DO NOTHING;
INSERT INTO chambre (idchambre, numtype, numchambre, etat) VALUES (nextval('chambre_idchambre_seq'), 1, 5, 'Disponible');
INSERT INTO proposer (numtype, numresort) VALUES (1, 20) ON CONFLICT DO NOTHING;
INSERT INTO chambre (idchambre, numtype, numchambre, etat) VALUES (nextval('chambre_idchambre_seq'), 1, 6, 'Disponible');
INSERT INTO proposer (numtype, numresort) VALUES (1, 20) ON CONFLICT DO NOTHING;
INSERT INTO chambre (idchambre, numtype, numchambre, etat) VALUES (nextval('chambre_idchambre_seq'), 5, 1, 'Maintenance');
INSERT INTO proposer (numtype, numresort) VALUES (5, 21) ON CONFLICT DO NOTHING;
INSERT INTO chambre (idchambre, numtype, numchambre, etat) VALUES (nextval('chambre_idchambre_seq'), 5, 2, 'Maintenance');
INSERT INTO proposer (numtype, numresort) VALUES (5, 21) ON CONFLICT DO NOTHING;
INSERT INTO chambre (idchambre, numtype, numchambre, etat) VALUES (nextval('chambre_idchambre_seq'), 5, 3, 'Occupée');
INSERT INTO proposer (numtype, numresort) VALUES (5, 21) ON CONFLICT DO NOTHING;
INSERT INTO chambre (idchambre, numtype, numchambre, etat) VALUES (nextval('chambre_idchambre_seq'), 5, 4, 'Maintenance');
INSERT INTO proposer (numtype, numresort) VALUES (5, 21) ON CONFLICT DO NOTHING;
INSERT INTO chambre (idchambre, numtype, numchambre, etat) VALUES (nextval('chambre_idchambre_seq'), 5, 5, 'Maintenance');
INSERT INTO proposer (numtype, numresort) VALUES (5, 21) ON CONFLICT DO NOTHING;
INSERT INTO chambre (idchambre, numtype, numchambre, etat) VALUES (nextval('chambre_idchambre_seq'), 5, 6, 'Maintenance');
INSERT INTO proposer (numtype, numresort) VALUES (5, 21) ON CONFLICT DO NOTHING;
INSERT INTO chambre (idchambre, numtype, numchambre, etat) VALUES (nextval('chambre_idchambre_seq'), 5, 7, 'Occupée');
INSERT INTO proposer (numtype, numresort) VALUES (5, 21) ON CONFLICT DO NOTHING;
INSERT INTO chambre (idchambre, numtype, numchambre, etat) VALUES (nextval('chambre_idchambre_seq'), 5, 8, 'Disponible');
INSERT INTO proposer (numtype, numresort) VALUES (5, 21) ON CONFLICT DO NOTHING;
INSERT INTO chambre (idchambre, numtype, numchambre, etat) VALUES (nextval('chambre_idchambre_seq'), 5, 9, 'Occupée');
INSERT INTO proposer (numtype, numresort) VALUES (5, 21) ON CONFLICT DO NOTHING;
INSERT INTO chambre (idchambre, numtype, numchambre, etat) VALUES (nextval('chambre_idchambre_seq'), 5, 10, 'Disponible');
INSERT INTO proposer (numtype, numresort) VALUES (5, 21) ON CONFLICT DO NOTHING;
INSERT INTO chambre (idchambre, numtype, numchambre, etat) VALUES (nextval('chambre_idchambre_seq'), 5, 11, 'Maintenance');
INSERT INTO proposer (numtype, numresort) VALUES (5, 21) ON CONFLICT DO NOTHING;
INSERT INTO chambre (idchambre, numtype, numchambre, etat) VALUES (nextval('chambre_idchambre_seq'), 5, 12, 'Maintenance');
INSERT INTO proposer (numtype, numresort) VALUES (5, 21) ON CONFLICT DO NOTHING;
INSERT INTO chambre (idchambre, numtype, numchambre, etat) VALUES (nextval('chambre_idchambre_seq'), 3, 1, 'Occupée');
INSERT INTO proposer (numtype, numresort) VALUES (3, 21) ON CONFLICT DO NOTHING;
INSERT INTO chambre (idchambre, numtype, numchambre, etat) VALUES (nextval('chambre_idchambre_seq'), 3, 2, 'Occupée');
INSERT INTO proposer (numtype, numresort) VALUES (3, 21) ON CONFLICT DO NOTHING;
INSERT INTO chambre (idchambre, numtype, numchambre, etat) VALUES (nextval('chambre_idchambre_seq'), 3, 3, 'Occupée');
INSERT INTO proposer (numtype, numresort) VALUES (3, 21) ON CONFLICT DO NOTHING;
INSERT INTO chambre (idchambre, numtype, numchambre, etat) VALUES (nextval('chambre_idchambre_seq'), 3, 4, 'Disponible');
INSERT INTO proposer (numtype, numresort) VALUES (3, 21) ON CONFLICT DO NOTHING;
INSERT INTO chambre (idchambre, numtype, numchambre, etat) VALUES (nextval('chambre_idchambre_seq'), 3, 5, 'Maintenance');
INSERT INTO proposer (numtype, numresort) VALUES (3, 21) ON CONFLICT DO NOTHING;
INSERT INTO chambre (idchambre, numtype, numchambre, etat) VALUES (nextval('chambre_idchambre_seq'), 3, 6, 'Maintenance');
INSERT INTO proposer (numtype, numresort) VALUES (3, 21) ON CONFLICT DO NOTHING;
INSERT INTO chambre (idchambre, numtype, numchambre, etat) VALUES (nextval('chambre_idchambre_seq'), 3, 7, 'Maintenance');
INSERT INTO proposer (numtype, numresort) VALUES (3, 21) ON CONFLICT DO NOTHING;
INSERT INTO chambre (idchambre, numtype, numchambre, etat) VALUES (nextval('chambre_idchambre_seq'), 3, 8, 'Disponible');
INSERT INTO proposer (numtype, numresort) VALUES (3, 21) ON CONFLICT DO NOTHING;
INSERT INTO chambre (idchambre, numtype, numchambre, etat) VALUES (nextval('chambre_idchambre_seq'), 3, 9, 'Maintenance');
INSERT INTO proposer (numtype, numresort) VALUES (3, 21) ON CONFLICT DO NOTHING;
INSERT INTO chambre (idchambre, numtype, numchambre, etat) VALUES (nextval('chambre_idchambre_seq'), 3, 10, 'Maintenance');
INSERT INTO proposer (numtype, numresort) VALUES (3, 21) ON CONFLICT DO NOTHING;
INSERT INTO chambre (idchambre, numtype, numchambre, etat) VALUES (nextval('chambre_idchambre_seq'), 3, 11, 'Occupée');
INSERT INTO proposer (numtype, numresort) VALUES (3, 21) ON CONFLICT DO NOTHING;
INSERT INTO chambre (idchambre, numtype, numchambre, etat) VALUES (nextval('chambre_idchambre_seq'), 3, 12, 'Maintenance');
INSERT INTO proposer (numtype, numresort) VALUES (3, 21) ON CONFLICT DO NOTHING;
INSERT INTO chambre (idchambre, numtype, numchambre, etat) VALUES (nextval('chambre_idchambre_seq'), 1, 1, 'Maintenance');
INSERT INTO proposer (numtype, numresort) VALUES (1, 22) ON CONFLICT DO NOTHING;
INSERT INTO chambre (idchambre, numtype, numchambre, etat) VALUES (nextval('chambre_idchambre_seq'), 1, 2, 'Occupée');
INSERT INTO proposer (numtype, numresort) VALUES (1, 22) ON CONFLICT DO NOTHING;
INSERT INTO chambre (idchambre, numtype, numchambre, etat) VALUES (nextval('chambre_idchambre_seq'), 1, 3, 'Maintenance');
INSERT INTO proposer (numtype, numresort) VALUES (1, 22) ON CONFLICT DO NOTHING;
INSERT INTO chambre (idchambre, numtype, numchambre, etat) VALUES (nextval('chambre_idchambre_seq'), 1, 4, 'Occupée');
INSERT INTO proposer (numtype, numresort) VALUES (1, 22) ON CONFLICT DO NOTHING;
INSERT INTO chambre (idchambre, numtype, numchambre, etat) VALUES (nextval('chambre_idchambre_seq'), 1, 5, 'Occupée');
INSERT INTO proposer (numtype, numresort) VALUES (1, 22) ON CONFLICT DO NOTHING;
INSERT INTO chambre (idchambre, numtype, numchambre, etat) VALUES (nextval('chambre_idchambre_seq'), 1, 6, 'Disponible');
INSERT INTO proposer (numtype, numresort) VALUES (1, 22) ON CONFLICT DO NOTHING;
INSERT INTO chambre (idchambre, numtype, numchambre, etat) VALUES (nextval('chambre_idchambre_seq'), 1, 7, 'Occupée');
INSERT INTO proposer (numtype, numresort) VALUES (1, 22) ON CONFLICT DO NOTHING;
INSERT INTO chambre (idchambre, numtype, numchambre, etat) VALUES (nextval('chambre_idchambre_seq'), 1, 8, 'Occupée');
INSERT INTO proposer (numtype, numresort) VALUES (1, 22) ON CONFLICT DO NOTHING;
INSERT INTO chambre (idchambre, numtype, numchambre, etat) VALUES (nextval('chambre_idchambre_seq'), 1, 9, 'Disponible');
INSERT INTO proposer (numtype, numresort) VALUES (1, 22) ON CONFLICT DO NOTHING;
INSERT INTO chambre (idchambre, numtype, numchambre, etat) VALUES (nextval('chambre_idchambre_seq'), 1, 10, 'Maintenance');
INSERT INTO proposer (numtype, numresort) VALUES (1, 22) ON CONFLICT DO NOTHING;
INSERT INTO chambre (idchambre, numtype, numchambre, etat) VALUES (nextval('chambre_idchambre_seq'), 1, 11, 'Occupée');
INSERT INTO proposer (numtype, numresort) VALUES (1, 22) ON CONFLICT DO NOTHING;
INSERT INTO chambre (idchambre, numtype, numchambre, etat) VALUES (nextval('chambre_idchambre_seq'), 1, 12, 'Disponible');
INSERT INTO proposer (numtype, numresort) VALUES (1, 22) ON CONFLICT DO NOTHING;
INSERT INTO chambre (idchambre, numtype, numchambre, etat) VALUES (nextval('chambre_idchambre_seq'), 1, 13, 'Disponible');
INSERT INTO proposer (numtype, numresort) VALUES (1, 22) ON CONFLICT DO NOTHING;
INSERT INTO chambre (idchambre, numtype, numchambre, etat) VALUES (nextval('chambre_idchambre_seq'), 1, 14, 'Occupée');
INSERT INTO proposer (numtype, numresort) VALUES (1, 22) ON CONFLICT DO NOTHING;
INSERT INTO chambre (idchambre, numtype, numchambre, etat) VALUES (nextval('chambre_idchambre_seq'), 1, 15, 'Maintenance');
INSERT INTO proposer (numtype, numresort) VALUES (1, 22) ON CONFLICT DO NOTHING;
INSERT INTO chambre (idchambre, numtype, numchambre, etat) VALUES (nextval('chambre_idchambre_seq'), 1, 16, 'Disponible');
INSERT INTO proposer (numtype, numresort) VALUES (1, 22) ON CONFLICT DO NOTHING;
INSERT INTO chambre (idchambre, numtype, numchambre, etat) VALUES (nextval('chambre_idchambre_seq'), 1, 17, 'Occupée');
INSERT INTO proposer (numtype, numresort) VALUES (1, 22) ON CONFLICT DO NOTHING;
INSERT INTO chambre (idchambre, numtype, numchambre, etat) VALUES (nextval('chambre_idchambre_seq'), 3, 1, 'Maintenance');
INSERT INTO proposer (numtype, numresort) VALUES (3, 22) ON CONFLICT DO NOTHING;
INSERT INTO chambre (idchambre, numtype, numchambre, etat) VALUES (nextval('chambre_idchambre_seq'), 3, 2, 'Occupée');
INSERT INTO proposer (numtype, numresort) VALUES (3, 22) ON CONFLICT DO NOTHING;
INSERT INTO chambre (idchambre, numtype, numchambre, etat) VALUES (nextval('chambre_idchambre_seq'), 3, 3, 'Occupée');
INSERT INTO proposer (numtype, numresort) VALUES (3, 22) ON CONFLICT DO NOTHING;
INSERT INTO chambre (idchambre, numtype, numchambre, etat) VALUES (nextval('chambre_idchambre_seq'), 3, 4, 'Maintenance');
INSERT INTO proposer (numtype, numresort) VALUES (3, 22) ON CONFLICT DO NOTHING;
INSERT INTO chambre (idchambre, numtype, numchambre, etat) VALUES (nextval('chambre_idchambre_seq'), 3, 5, 'Maintenance');
INSERT INTO proposer (numtype, numresort) VALUES (3, 22) ON CONFLICT DO NOTHING;
INSERT INTO chambre (idchambre, numtype, numchambre, etat) VALUES (nextval('chambre_idchambre_seq'), 3, 6, 'Disponible');
INSERT INTO proposer (numtype, numresort) VALUES (3, 22) ON CONFLICT DO NOTHING;
INSERT INTO chambre (idchambre, numtype, numchambre, etat) VALUES (nextval('chambre_idchambre_seq'), 4, 1, 'Disponible');
INSERT INTO proposer (numtype, numresort) VALUES (4, 22) ON CONFLICT DO NOTHING;
INSERT INTO chambre (idchambre, numtype, numchambre, etat) VALUES (nextval('chambre_idchambre_seq'), 4, 2, 'Occupée');
INSERT INTO proposer (numtype, numresort) VALUES (4, 22) ON CONFLICT DO NOTHING;
INSERT INTO chambre (idchambre, numtype, numchambre, etat) VALUES (nextval('chambre_idchambre_seq'), 4, 3, 'Disponible');
INSERT INTO proposer (numtype, numresort) VALUES (4, 22) ON CONFLICT DO NOTHING;
INSERT INTO chambre (idchambre, numtype, numchambre, etat) VALUES (nextval('chambre_idchambre_seq'), 4, 4, 'Occupée');
INSERT INTO proposer (numtype, numresort) VALUES (4, 22) ON CONFLICT DO NOTHING;
INSERT INTO chambre (idchambre, numtype, numchambre, etat) VALUES (nextval('chambre_idchambre_seq'), 4, 5, 'Maintenance');
INSERT INTO proposer (numtype, numresort) VALUES (4, 22) ON CONFLICT DO NOTHING;
INSERT INTO chambre (idchambre, numtype, numchambre, etat) VALUES (nextval('chambre_idchambre_seq'), 4, 6, 'Disponible');
INSERT INTO proposer (numtype, numresort) VALUES (4, 22) ON CONFLICT DO NOTHING;
INSERT INTO chambre (idchambre, numtype, numchambre, etat) VALUES (nextval('chambre_idchambre_seq'), 4, 7, 'Occupée');
INSERT INTO proposer (numtype, numresort) VALUES (4, 22) ON CONFLICT DO NOTHING;
INSERT INTO chambre (idchambre, numtype, numchambre, etat) VALUES (nextval('chambre_idchambre_seq'), 4, 8, 'Occupée');
INSERT INTO proposer (numtype, numresort) VALUES (4, 22) ON CONFLICT DO NOTHING;
INSERT INTO chambre (idchambre, numtype, numchambre, etat) VALUES (nextval('chambre_idchambre_seq'), 4, 9, 'Disponible');
INSERT INTO proposer (numtype, numresort) VALUES (4, 22) ON CONFLICT DO NOTHING;
INSERT INTO chambre (idchambre, numtype, numchambre, etat) VALUES (nextval('chambre_idchambre_seq'), 4, 10, 'Maintenance');
INSERT INTO proposer (numtype, numresort) VALUES (4, 22) ON CONFLICT DO NOTHING;
INSERT INTO chambre (idchambre, numtype, numchambre, etat) VALUES (nextval('chambre_idchambre_seq'), 4, 11, 'Maintenance');
INSERT INTO proposer (numtype, numresort) VALUES (4, 22) ON CONFLICT DO NOTHING;
INSERT INTO chambre (idchambre, numtype, numchambre, etat) VALUES (nextval('chambre_idchambre_seq'), 4, 12, 'Disponible');
INSERT INTO proposer (numtype, numresort) VALUES (4, 22) ON CONFLICT DO NOTHING;
INSERT INTO chambre (idchambre, numtype, numchambre, etat) VALUES (nextval('chambre_idchambre_seq'), 4, 13, 'Disponible');
INSERT INTO proposer (numtype, numresort) VALUES (4, 22) ON CONFLICT DO NOTHING;
INSERT INTO chambre (idchambre, numtype, numchambre, etat) VALUES (nextval('chambre_idchambre_seq'), 4, 14, 'Occupée');
INSERT INTO proposer (numtype, numresort) VALUES (4, 22) ON CONFLICT DO NOTHING;
INSERT INTO chambre (idchambre, numtype, numchambre, etat) VALUES (nextval('chambre_idchambre_seq'), 4, 15, 'Occupée');
INSERT INTO proposer (numtype, numresort) VALUES (4, 22) ON CONFLICT DO NOTHING;
INSERT INTO chambre (idchambre, numtype, numchambre, etat) VALUES (nextval('chambre_idchambre_seq'), 4, 16, 'Maintenance');
INSERT INTO proposer (numtype, numresort) VALUES (4, 22) ON CONFLICT DO NOTHING;
INSERT INTO chambre (idchambre, numtype, numchambre, etat) VALUES (nextval('chambre_idchambre_seq'), 4, 17, 'Maintenance');
INSERT INTO proposer (numtype, numresort) VALUES (4, 22) ON CONFLICT DO NOTHING;
INSERT INTO chambre (idchambre, numtype, numchambre, etat) VALUES (nextval('chambre_idchambre_seq'), 1, 1, 'Disponible');
INSERT INTO proposer (numtype, numresort) VALUES (1, 23) ON CONFLICT DO NOTHING;
INSERT INTO chambre (idchambre, numtype, numchambre, etat) VALUES (nextval('chambre_idchambre_seq'), 1, 2, 'Occupée');
INSERT INTO proposer (numtype, numresort) VALUES (1, 23) ON CONFLICT DO NOTHING;
INSERT INTO chambre (idchambre, numtype, numchambre, etat) VALUES (nextval('chambre_idchambre_seq'), 1, 3, 'Occupée');
INSERT INTO proposer (numtype, numresort) VALUES (1, 23) ON CONFLICT DO NOTHING;
INSERT INTO chambre (idchambre, numtype, numchambre, etat) VALUES (nextval('chambre_idchambre_seq'), 1, 4, 'Disponible');
INSERT INTO proposer (numtype, numresort) VALUES (1, 23) ON CONFLICT DO NOTHING;
INSERT INTO chambre (idchambre, numtype, numchambre, etat) VALUES (nextval('chambre_idchambre_seq'), 1, 5, 'Disponible');
INSERT INTO proposer (numtype, numresort) VALUES (1, 23) ON CONFLICT DO NOTHING;
INSERT INTO chambre (idchambre, numtype, numchambre, etat) VALUES (nextval('chambre_idchambre_seq'), 1, 6, 'Disponible');
INSERT INTO proposer (numtype, numresort) VALUES (1, 23) ON CONFLICT DO NOTHING;
INSERT INTO chambre (idchambre, numtype, numchambre, etat) VALUES (nextval('chambre_idchambre_seq'), 1, 7, 'Maintenance');
INSERT INTO proposer (numtype, numresort) VALUES (1, 23) ON CONFLICT DO NOTHING;
INSERT INTO chambre (idchambre, numtype, numchambre, etat) VALUES (nextval('chambre_idchambre_seq'), 1, 8, 'Disponible');
INSERT INTO proposer (numtype, numresort) VALUES (1, 23) ON CONFLICT DO NOTHING;
INSERT INTO chambre (idchambre, numtype, numchambre, etat) VALUES (nextval('chambre_idchambre_seq'), 1, 9, 'Maintenance');
INSERT INTO proposer (numtype, numresort) VALUES (1, 23) ON CONFLICT DO NOTHING;
INSERT INTO chambre (idchambre, numtype, numchambre, etat) VALUES (nextval('chambre_idchambre_seq'), 1, 10, 'Occupée');
INSERT INTO proposer (numtype, numresort) VALUES (1, 23) ON CONFLICT DO NOTHING;
INSERT INTO chambre (idchambre, numtype, numchambre, etat) VALUES (nextval('chambre_idchambre_seq'), 1, 11, 'Disponible');
INSERT INTO proposer (numtype, numresort) VALUES (1, 23) ON CONFLICT DO NOTHING;
INSERT INTO chambre (idchambre, numtype, numchambre, etat) VALUES (nextval('chambre_idchambre_seq'), 1, 12, 'Maintenance');
INSERT INTO proposer (numtype, numresort) VALUES (1, 23) ON CONFLICT DO NOTHING;
INSERT INTO chambre (idchambre, numtype, numchambre, etat) VALUES (nextval('chambre_idchambre_seq'), 1, 13, 'Maintenance');
INSERT INTO proposer (numtype, numresort) VALUES (1, 23) ON CONFLICT DO NOTHING;
INSERT INTO chambre (idchambre, numtype, numchambre, etat) VALUES (nextval('chambre_idchambre_seq'), 1, 14, 'Maintenance');
INSERT INTO proposer (numtype, numresort) VALUES (1, 23) ON CONFLICT DO NOTHING;
INSERT INTO chambre (idchambre, numtype, numchambre, etat) VALUES (nextval('chambre_idchambre_seq'), 1, 15, 'Disponible');
INSERT INTO proposer (numtype, numresort) VALUES (1, 23) ON CONFLICT DO NOTHING;
INSERT INTO chambre (idchambre, numtype, numchambre, etat) VALUES (nextval('chambre_idchambre_seq'), 1, 16, 'Occupée');
INSERT INTO proposer (numtype, numresort) VALUES (1, 23) ON CONFLICT DO NOTHING;
INSERT INTO chambre (idchambre, numtype, numchambre, etat) VALUES (nextval('chambre_idchambre_seq'), 1, 17, 'Disponible');
INSERT INTO proposer (numtype, numresort) VALUES (1, 23) ON CONFLICT DO NOTHING;
INSERT INTO chambre (idchambre, numtype, numchambre, etat) VALUES (nextval('chambre_idchambre_seq'), 1, 18, 'Maintenance');
INSERT INTO proposer (numtype, numresort) VALUES (1, 23) ON CONFLICT DO NOTHING;
INSERT INTO chambre (idchambre, numtype, numchambre, etat) VALUES (nextval('chambre_idchambre_seq'), 1, 19, 'Occupée');
INSERT INTO proposer (numtype, numresort) VALUES (1, 23) ON CONFLICT DO NOTHING;
INSERT INTO chambre (idchambre, numtype, numchambre, etat) VALUES (nextval('chambre_idchambre_seq'), 1, 20, 'Occupée');
INSERT INTO proposer (numtype, numresort) VALUES (1, 23) ON CONFLICT DO NOTHING;
INSERT INTO chambre (idchambre, numtype, numchambre, etat) VALUES (nextval('chambre_idchambre_seq'), 5, 1, 'Occupée');
INSERT INTO proposer (numtype, numresort) VALUES (5, 23) ON CONFLICT DO NOTHING;
INSERT INTO chambre (idchambre, numtype, numchambre, etat) VALUES (nextval('chambre_idchambre_seq'), 5, 2, 'Maintenance');
INSERT INTO proposer (numtype, numresort) VALUES (5, 23) ON CONFLICT DO NOTHING;
INSERT INTO chambre (idchambre, numtype, numchambre, etat) VALUES (nextval('chambre_idchambre_seq'), 5, 3, 'Maintenance');
INSERT INTO proposer (numtype, numresort) VALUES (5, 23) ON CONFLICT DO NOTHING;
INSERT INTO chambre (idchambre, numtype, numchambre, etat) VALUES (nextval('chambre_idchambre_seq'), 5, 4, 'Occupée');
INSERT INTO proposer (numtype, numresort) VALUES (5, 23) ON CONFLICT DO NOTHING;
INSERT INTO chambre (idchambre, numtype, numchambre, etat) VALUES (nextval('chambre_idchambre_seq'), 5, 5, 'Occupée');
INSERT INTO proposer (numtype, numresort) VALUES (5, 23) ON CONFLICT DO NOTHING;
INSERT INTO chambre (idchambre, numtype, numchambre, etat) VALUES (nextval('chambre_idchambre_seq'), 5, 6, 'Occupée');
INSERT INTO proposer (numtype, numresort) VALUES (5, 23) ON CONFLICT DO NOTHING;
INSERT INTO chambre (idchambre, numtype, numchambre, etat) VALUES (nextval('chambre_idchambre_seq'), 5, 7, 'Occupée');
INSERT INTO proposer (numtype, numresort) VALUES (5, 23) ON CONFLICT DO NOTHING;
INSERT INTO chambre (idchambre, numtype, numchambre, etat) VALUES (nextval('chambre_idchambre_seq'), 5, 8, 'Maintenance');
INSERT INTO proposer (numtype, numresort) VALUES (5, 23) ON CONFLICT DO NOTHING;
INSERT INTO chambre (idchambre, numtype, numchambre, etat) VALUES (nextval('chambre_idchambre_seq'), 5, 9, 'Occupée');
INSERT INTO proposer (numtype, numresort) VALUES (5, 23) ON CONFLICT DO NOTHING;
INSERT INTO chambre (idchambre, numtype, numchambre, etat) VALUES (nextval('chambre_idchambre_seq'), 5, 10, 'Occupée');
INSERT INTO proposer (numtype, numresort) VALUES (5, 23) ON CONFLICT DO NOTHING;
INSERT INTO chambre (idchambre, numtype, numchambre, etat) VALUES (nextval('chambre_idchambre_seq'), 5, 11, 'Disponible');
INSERT INTO proposer (numtype, numresort) VALUES (5, 23) ON CONFLICT DO NOTHING;
INSERT INTO chambre (idchambre, numtype, numchambre, etat) VALUES (nextval('chambre_idchambre_seq'), 5, 12, 'Maintenance');
INSERT INTO proposer (numtype, numresort) VALUES (5, 23) ON CONFLICT DO NOTHING;
INSERT INTO chambre (idchambre, numtype, numchambre, etat) VALUES (nextval('chambre_idchambre_seq'), 5, 13, 'Occupée');
INSERT INTO proposer (numtype, numresort) VALUES (5, 23) ON CONFLICT DO NOTHING;
INSERT INTO chambre (idchambre, numtype, numchambre, etat) VALUES (nextval('chambre_idchambre_seq'), 5, 14, 'Occupée');
INSERT INTO proposer (numtype, numresort) VALUES (5, 23) ON CONFLICT DO NOTHING;
INSERT INTO chambre (idchambre, numtype, numchambre, etat) VALUES (nextval('chambre_idchambre_seq'), 5, 15, 'Disponible');
INSERT INTO proposer (numtype, numresort) VALUES (5, 23) ON CONFLICT DO NOTHING;
INSERT INTO chambre (idchambre, numtype, numchambre, etat) VALUES (nextval('chambre_idchambre_seq'), 5, 16, 'Occupée');
INSERT INTO proposer (numtype, numresort) VALUES (5, 23) ON CONFLICT DO NOTHING;
INSERT INTO chambre (idchambre, numtype, numchambre, etat) VALUES (nextval('chambre_idchambre_seq'), 5, 17, 'Occupée');
INSERT INTO proposer (numtype, numresort) VALUES (5, 23) ON CONFLICT DO NOTHING;
INSERT INTO chambre (idchambre, numtype, numchambre, etat) VALUES (nextval('chambre_idchambre_seq'), 4, 1, 'Disponible');
INSERT INTO proposer (numtype, numresort) VALUES (4, 23) ON CONFLICT DO NOTHING;
INSERT INTO chambre (idchambre, numtype, numchambre, etat) VALUES (nextval('chambre_idchambre_seq'), 4, 2, 'Maintenance');
INSERT INTO proposer (numtype, numresort) VALUES (4, 23) ON CONFLICT DO NOTHING;
INSERT INTO chambre (idchambre, numtype, numchambre, etat) VALUES (nextval('chambre_idchambre_seq'), 4, 3, 'Disponible');
INSERT INTO proposer (numtype, numresort) VALUES (4, 23) ON CONFLICT DO NOTHING;
INSERT INTO chambre (idchambre, numtype, numchambre, etat) VALUES (nextval('chambre_idchambre_seq'), 4, 4, 'Maintenance');
INSERT INTO proposer (numtype, numresort) VALUES (4, 23) ON CONFLICT DO NOTHING;
INSERT INTO chambre (idchambre, numtype, numchambre, etat) VALUES (nextval('chambre_idchambre_seq'), 4, 5, 'Disponible');
INSERT INTO proposer (numtype, numresort) VALUES (4, 23) ON CONFLICT DO NOTHING;
INSERT INTO chambre (idchambre, numtype, numchambre, etat) VALUES (nextval('chambre_idchambre_seq'), 4, 6, 'Disponible');
INSERT INTO proposer (numtype, numresort) VALUES (4, 23) ON CONFLICT DO NOTHING;
INSERT INTO chambre (idchambre, numtype, numchambre, etat) VALUES (nextval('chambre_idchambre_seq'), 4, 7, 'Occupée');
INSERT INTO proposer (numtype, numresort) VALUES (4, 23) ON CONFLICT DO NOTHING;
INSERT INTO chambre (idchambre, numtype, numchambre, etat) VALUES (nextval('chambre_idchambre_seq'), 4, 8, 'Maintenance');
INSERT INTO proposer (numtype, numresort) VALUES (4, 23) ON CONFLICT DO NOTHING;
INSERT INTO chambre (idchambre, numtype, numchambre, etat) VALUES (nextval('chambre_idchambre_seq'), 4, 9, 'Maintenance');
INSERT INTO proposer (numtype, numresort) VALUES (4, 23) ON CONFLICT DO NOTHING;
INSERT INTO chambre (idchambre, numtype, numchambre, etat) VALUES (nextval('chambre_idchambre_seq'), 4, 10, 'Maintenance');
INSERT INTO proposer (numtype, numresort) VALUES (4, 23) ON CONFLICT DO NOTHING;
INSERT INTO chambre (idchambre, numtype, numchambre, etat) VALUES (nextval('chambre_idchambre_seq'), 4, 11, 'Maintenance');
INSERT INTO proposer (numtype, numresort) VALUES (4, 23) ON CONFLICT DO NOTHING;
INSERT INTO chambre (idchambre, numtype, numchambre, etat) VALUES (nextval('chambre_idchambre_seq'), 4, 12, 'Occupée');
INSERT INTO proposer (numtype, numresort) VALUES (4, 23) ON CONFLICT DO NOTHING;
INSERT INTO chambre (idchambre, numtype, numchambre, etat) VALUES (nextval('chambre_idchambre_seq'), 4, 13, 'Occupée');
INSERT INTO proposer (numtype, numresort) VALUES (4, 23) ON CONFLICT DO NOTHING;
INSERT INTO chambre (idchambre, numtype, numchambre, etat) VALUES (nextval('chambre_idchambre_seq'), 4, 14, 'Disponible');
INSERT INTO proposer (numtype, numresort) VALUES (4, 23) ON CONFLICT DO NOTHING;
INSERT INTO chambre (idchambre, numtype, numchambre, etat) VALUES (nextval('chambre_idchambre_seq'), 4, 15, 'Disponible');
INSERT INTO proposer (numtype, numresort) VALUES (4, 23) ON CONFLICT DO NOTHING;
INSERT INTO chambre (idchambre, numtype, numchambre, etat) VALUES (nextval('chambre_idchambre_seq'), 4, 16, 'Occupée');
INSERT INTO proposer (numtype, numresort) VALUES (4, 23) ON CONFLICT DO NOTHING;
INSERT INTO chambre (idchambre, numtype, numchambre, etat) VALUES (nextval('chambre_idchambre_seq'), 4, 17, 'Disponible');
INSERT INTO proposer (numtype, numresort) VALUES (4, 23) ON CONFLICT DO NOTHING;
INSERT INTO chambre (idchambre, numtype, numchambre, etat) VALUES (nextval('chambre_idchambre_seq'), 4, 18, 'Occupée');
INSERT INTO proposer (numtype, numresort) VALUES (4, 23) ON CONFLICT DO NOTHING;
INSERT INTO chambre (idchambre, numtype, numchambre, etat) VALUES (nextval('chambre_idchambre_seq'), 3, 1, 'Occupée');
INSERT INTO proposer (numtype, numresort) VALUES (3, 23) ON CONFLICT DO NOTHING;
INSERT INTO chambre (idchambre, numtype, numchambre, etat) VALUES (nextval('chambre_idchambre_seq'), 3, 2, 'Maintenance');
INSERT INTO proposer (numtype, numresort) VALUES (3, 23) ON CONFLICT DO NOTHING;
INSERT INTO chambre (idchambre, numtype, numchambre, etat) VALUES (nextval('chambre_idchambre_seq'), 3, 3, 'Maintenance');
INSERT INTO proposer (numtype, numresort) VALUES (3, 23) ON CONFLICT DO NOTHING;
INSERT INTO chambre (idchambre, numtype, numchambre, etat) VALUES (nextval('chambre_idchambre_seq'), 3, 4, 'Maintenance');
INSERT INTO proposer (numtype, numresort) VALUES (3, 23) ON CONFLICT DO NOTHING;
INSERT INTO chambre (idchambre, numtype, numchambre, etat) VALUES (nextval('chambre_idchambre_seq'), 3, 5, 'Occupée');
INSERT INTO proposer (numtype, numresort) VALUES (3, 23) ON CONFLICT DO NOTHING;
INSERT INTO chambre (idchambre, numtype, numchambre, etat) VALUES (nextval('chambre_idchambre_seq'), 3, 6, 'Occupée');
INSERT INTO proposer (numtype, numresort) VALUES (3, 23) ON CONFLICT DO NOTHING;
INSERT INTO chambre (idchambre, numtype, numchambre, etat) VALUES (nextval('chambre_idchambre_seq'), 3, 7, 'Occupée');
INSERT INTO proposer (numtype, numresort) VALUES (3, 23) ON CONFLICT DO NOTHING;
INSERT INTO chambre (idchambre, numtype, numchambre, etat) VALUES (nextval('chambre_idchambre_seq'), 3, 8, 'Maintenance');
INSERT INTO proposer (numtype, numresort) VALUES (3, 23) ON CONFLICT DO NOTHING;
INSERT INTO chambre (idchambre, numtype, numchambre, etat) VALUES (nextval('chambre_idchambre_seq'), 3, 9, 'Maintenance');
INSERT INTO proposer (numtype, numresort) VALUES (3, 23) ON CONFLICT DO NOTHING;
INSERT INTO chambre (idchambre, numtype, numchambre, etat) VALUES (nextval('chambre_idchambre_seq'), 3, 10, 'Maintenance');
INSERT INTO proposer (numtype, numresort) VALUES (3, 23) ON CONFLICT DO NOTHING;
INSERT INTO chambre (idchambre, numtype, numchambre, etat) VALUES (nextval('chambre_idchambre_seq'), 3, 11, 'Occupée');
INSERT INTO proposer (numtype, numresort) VALUES (3, 23) ON CONFLICT DO NOTHING;
INSERT INTO chambre (idchambre, numtype, numchambre, etat) VALUES (nextval('chambre_idchambre_seq'), 3, 12, 'Occupée');
INSERT INTO proposer (numtype, numresort) VALUES (3, 23) ON CONFLICT DO NOTHING;
INSERT INTO chambre (idchambre, numtype, numchambre, etat) VALUES (nextval('chambre_idchambre_seq'), 3, 1, 'Maintenance');
INSERT INTO proposer (numtype, numresort) VALUES (3, 24) ON CONFLICT DO NOTHING;
INSERT INTO chambre (idchambre, numtype, numchambre, etat) VALUES (nextval('chambre_idchambre_seq'), 3, 2, 'Maintenance');
INSERT INTO proposer (numtype, numresort) VALUES (3, 24) ON CONFLICT DO NOTHING;
INSERT INTO chambre (idchambre, numtype, numchambre, etat) VALUES (nextval('chambre_idchambre_seq'), 3, 3, 'Occupée');
INSERT INTO proposer (numtype, numresort) VALUES (3, 24) ON CONFLICT DO NOTHING;
INSERT INTO chambre (idchambre, numtype, numchambre, etat) VALUES (nextval('chambre_idchambre_seq'), 3, 4, 'Disponible');
INSERT INTO proposer (numtype, numresort) VALUES (3, 24) ON CONFLICT DO NOTHING;
INSERT INTO chambre (idchambre, numtype, numchambre, etat) VALUES (nextval('chambre_idchambre_seq'), 3, 5, 'Maintenance');
INSERT INTO proposer (numtype, numresort) VALUES (3, 24) ON CONFLICT DO NOTHING;
INSERT INTO chambre (idchambre, numtype, numchambre, etat) VALUES (nextval('chambre_idchambre_seq'), 3, 6, 'Maintenance');
INSERT INTO proposer (numtype, numresort) VALUES (3, 24) ON CONFLICT DO NOTHING;
INSERT INTO chambre (idchambre, numtype, numchambre, etat) VALUES (nextval('chambre_idchambre_seq'), 3, 7, 'Disponible');
INSERT INTO proposer (numtype, numresort) VALUES (3, 24) ON CONFLICT DO NOTHING;
INSERT INTO chambre (idchambre, numtype, numchambre, etat) VALUES (nextval('chambre_idchambre_seq'), 3, 8, 'Maintenance');
INSERT INTO proposer (numtype, numresort) VALUES (3, 24) ON CONFLICT DO NOTHING;
INSERT INTO chambre (idchambre, numtype, numchambre, etat) VALUES (nextval('chambre_idchambre_seq'), 3, 9, 'Disponible');
INSERT INTO proposer (numtype, numresort) VALUES (3, 24) ON CONFLICT DO NOTHING;
INSERT INTO chambre (idchambre, numtype, numchambre, etat) VALUES (nextval('chambre_idchambre_seq'), 2, 1, 'Maintenance');
INSERT INTO proposer (numtype, numresort) VALUES (2, 24) ON CONFLICT DO NOTHING;
INSERT INTO chambre (idchambre, numtype, numchambre, etat) VALUES (nextval('chambre_idchambre_seq'), 2, 2, 'Disponible');
INSERT INTO proposer (numtype, numresort) VALUES (2, 24) ON CONFLICT DO NOTHING;
INSERT INTO chambre (idchambre, numtype, numchambre, etat) VALUES (nextval('chambre_idchambre_seq'), 2, 3, 'Disponible');
INSERT INTO proposer (numtype, numresort) VALUES (2, 24) ON CONFLICT DO NOTHING;
INSERT INTO chambre (idchambre, numtype, numchambre, etat) VALUES (nextval('chambre_idchambre_seq'), 2, 4, 'Occupée');
INSERT INTO proposer (numtype, numresort) VALUES (2, 24) ON CONFLICT DO NOTHING;
INSERT INTO chambre (idchambre, numtype, numchambre, etat) VALUES (nextval('chambre_idchambre_seq'), 2, 5, 'Disponible');
INSERT INTO proposer (numtype, numresort) VALUES (2, 24) ON CONFLICT DO NOTHING;
INSERT INTO chambre (idchambre, numtype, numchambre, etat) VALUES (nextval('chambre_idchambre_seq'), 2, 6, 'Maintenance');
INSERT INTO proposer (numtype, numresort) VALUES (2, 24) ON CONFLICT DO NOTHING;
INSERT INTO chambre (idchambre, numtype, numchambre, etat) VALUES (nextval('chambre_idchambre_seq'), 2, 7, 'Disponible');
INSERT INTO proposer (numtype, numresort) VALUES (2, 24) ON CONFLICT DO NOTHING;
INSERT INTO chambre (idchambre, numtype, numchambre, etat) VALUES (nextval('chambre_idchambre_seq'), 2, 1, 'Maintenance');
INSERT INTO proposer (numtype, numresort) VALUES (2, 25) ON CONFLICT DO NOTHING;
INSERT INTO chambre (idchambre, numtype, numchambre, etat) VALUES (nextval('chambre_idchambre_seq'), 2, 2, 'Occupée');
INSERT INTO proposer (numtype, numresort) VALUES (2, 25) ON CONFLICT DO NOTHING;
INSERT INTO chambre (idchambre, numtype, numchambre, etat) VALUES (nextval('chambre_idchambre_seq'), 2, 3, 'Occupée');
INSERT INTO proposer (numtype, numresort) VALUES (2, 25) ON CONFLICT DO NOTHING;
INSERT INTO chambre (idchambre, numtype, numchambre, etat) VALUES (nextval('chambre_idchambre_seq'), 2, 4, 'Disponible');
INSERT INTO proposer (numtype, numresort) VALUES (2, 25) ON CONFLICT DO NOTHING;
INSERT INTO chambre (idchambre, numtype, numchambre, etat) VALUES (nextval('chambre_idchambre_seq'), 2, 5, 'Maintenance');
INSERT INTO proposer (numtype, numresort) VALUES (2, 25) ON CONFLICT DO NOTHING;
INSERT INTO chambre (idchambre, numtype, numchambre, etat) VALUES (nextval('chambre_idchambre_seq'), 2, 6, 'Maintenance');
INSERT INTO proposer (numtype, numresort) VALUES (2, 25) ON CONFLICT DO NOTHING;
INSERT INTO chambre (idchambre, numtype, numchambre, etat) VALUES (nextval('chambre_idchambre_seq'), 2, 7, 'Maintenance');
INSERT INTO proposer (numtype, numresort) VALUES (2, 25) ON CONFLICT DO NOTHING;
INSERT INTO chambre (idchambre, numtype, numchambre, etat) VALUES (nextval('chambre_idchambre_seq'), 2, 8, 'Maintenance');
INSERT INTO proposer (numtype, numresort) VALUES (2, 25) ON CONFLICT DO NOTHING;
INSERT INTO chambre (idchambre, numtype, numchambre, etat) VALUES (nextval('chambre_idchambre_seq'), 2, 9, 'Occupée');
INSERT INTO proposer (numtype, numresort) VALUES (2, 25) ON CONFLICT DO NOTHING;
INSERT INTO chambre (idchambre, numtype, numchambre, etat) VALUES (nextval('chambre_idchambre_seq'), 2, 10, 'Maintenance');
INSERT INTO proposer (numtype, numresort) VALUES (2, 25) ON CONFLICT DO NOTHING;
INSERT INTO chambre (idchambre, numtype, numchambre, etat) VALUES (nextval('chambre_idchambre_seq'), 2, 11, 'Occupée');
INSERT INTO proposer (numtype, numresort) VALUES (2, 25) ON CONFLICT DO NOTHING;
INSERT INTO chambre (idchambre, numtype, numchambre, etat) VALUES (nextval('chambre_idchambre_seq'), 1, 1, 'Disponible');
INSERT INTO proposer (numtype, numresort) VALUES (1, 25) ON CONFLICT DO NOTHING;
INSERT INTO chambre (idchambre, numtype, numchambre, etat) VALUES (nextval('chambre_idchambre_seq'), 1, 2, 'Maintenance');
INSERT INTO proposer (numtype, numresort) VALUES (1, 25) ON CONFLICT DO NOTHING;
INSERT INTO chambre (idchambre, numtype, numchambre, etat) VALUES (nextval('chambre_idchambre_seq'), 1, 3, 'Maintenance');
INSERT INTO proposer (numtype, numresort) VALUES (1, 25) ON CONFLICT DO NOTHING;
INSERT INTO chambre (idchambre, numtype, numchambre, etat) VALUES (nextval('chambre_idchambre_seq'), 1, 4, 'Occupée');
INSERT INTO proposer (numtype, numresort) VALUES (1, 25) ON CONFLICT DO NOTHING;
INSERT INTO chambre (idchambre, numtype, numchambre, etat) VALUES (nextval('chambre_idchambre_seq'), 1, 5, 'Disponible');
INSERT INTO proposer (numtype, numresort) VALUES (1, 25) ON CONFLICT DO NOTHING;
INSERT INTO chambre (idchambre, numtype, numchambre, etat) VALUES (nextval('chambre_idchambre_seq'), 5, 1, 'Disponible');
INSERT INTO proposer (numtype, numresort) VALUES (5, 26) ON CONFLICT DO NOTHING;
INSERT INTO chambre (idchambre, numtype, numchambre, etat) VALUES (nextval('chambre_idchambre_seq'), 5, 2, 'Maintenance');
INSERT INTO proposer (numtype, numresort) VALUES (5, 26) ON CONFLICT DO NOTHING;
INSERT INTO chambre (idchambre, numtype, numchambre, etat) VALUES (nextval('chambre_idchambre_seq'), 5, 3, 'Maintenance');
INSERT INTO proposer (numtype, numresort) VALUES (5, 26) ON CONFLICT DO NOTHING;
INSERT INTO chambre (idchambre, numtype, numchambre, etat) VALUES (nextval('chambre_idchambre_seq'), 5, 4, 'Maintenance');
INSERT INTO proposer (numtype, numresort) VALUES (5, 26) ON CONFLICT DO NOTHING;
INSERT INTO chambre (idchambre, numtype, numchambre, etat) VALUES (nextval('chambre_idchambre_seq'), 5, 5, 'Occupée');
INSERT INTO proposer (numtype, numresort) VALUES (5, 26) ON CONFLICT DO NOTHING;
INSERT INTO chambre (idchambre, numtype, numchambre, etat) VALUES (nextval('chambre_idchambre_seq'), 5, 6, 'Disponible');
INSERT INTO proposer (numtype, numresort) VALUES (5, 26) ON CONFLICT DO NOTHING;
INSERT INTO chambre (idchambre, numtype, numchambre, etat) VALUES (nextval('chambre_idchambre_seq'), 5, 7, 'Disponible');
INSERT INTO proposer (numtype, numresort) VALUES (5, 26) ON CONFLICT DO NOTHING;
INSERT INTO chambre (idchambre, numtype, numchambre, etat) VALUES (nextval('chambre_idchambre_seq'), 5, 8, 'Disponible');
INSERT INTO proposer (numtype, numresort) VALUES (5, 26) ON CONFLICT DO NOTHING;
INSERT INTO chambre (idchambre, numtype, numchambre, etat) VALUES (nextval('chambre_idchambre_seq'), 5, 9, 'Maintenance');
INSERT INTO proposer (numtype, numresort) VALUES (5, 26) ON CONFLICT DO NOTHING;
INSERT INTO chambre (idchambre, numtype, numchambre, etat) VALUES (nextval('chambre_idchambre_seq'), 5, 10, 'Disponible');
INSERT INTO proposer (numtype, numresort) VALUES (5, 26) ON CONFLICT DO NOTHING;
INSERT INTO chambre (idchambre, numtype, numchambre, etat) VALUES (nextval('chambre_idchambre_seq'), 5, 11, 'Disponible');
INSERT INTO proposer (numtype, numresort) VALUES (5, 26) ON CONFLICT DO NOTHING;
INSERT INTO chambre (idchambre, numtype, numchambre, etat) VALUES (nextval('chambre_idchambre_seq'), 5, 12, 'Disponible');
INSERT INTO proposer (numtype, numresort) VALUES (5, 26) ON CONFLICT DO NOTHING;
INSERT INTO chambre (idchambre, numtype, numchambre, etat) VALUES (nextval('chambre_idchambre_seq'), 5, 13, 'Maintenance');
INSERT INTO proposer (numtype, numresort) VALUES (5, 26) ON CONFLICT DO NOTHING;
INSERT INTO chambre (idchambre, numtype, numchambre, etat) VALUES (nextval('chambre_idchambre_seq'), 5, 14, 'Maintenance');
INSERT INTO proposer (numtype, numresort) VALUES (5, 26) ON CONFLICT DO NOTHING;
INSERT INTO chambre (idchambre, numtype, numchambre, etat) VALUES (nextval('chambre_idchambre_seq'), 3, 1, 'Occupée');
INSERT INTO proposer (numtype, numresort) VALUES (3, 26) ON CONFLICT DO NOTHING;
INSERT INTO chambre (idchambre, numtype, numchambre, etat) VALUES (nextval('chambre_idchambre_seq'), 3, 2, 'Occupée');
INSERT INTO proposer (numtype, numresort) VALUES (3, 26) ON CONFLICT DO NOTHING;
INSERT INTO chambre (idchambre, numtype, numchambre, etat) VALUES (nextval('chambre_idchambre_seq'), 3, 3, 'Occupée');
INSERT INTO proposer (numtype, numresort) VALUES (3, 26) ON CONFLICT DO NOTHING;
INSERT INTO chambre (idchambre, numtype, numchambre, etat) VALUES (nextval('chambre_idchambre_seq'), 3, 4, 'Disponible');
INSERT INTO proposer (numtype, numresort) VALUES (3, 26) ON CONFLICT DO NOTHING;
INSERT INTO chambre (idchambre, numtype, numchambre, etat) VALUES (nextval('chambre_idchambre_seq'), 3, 5, 'Occupée');
INSERT INTO proposer (numtype, numresort) VALUES (3, 26) ON CONFLICT DO NOTHING;
INSERT INTO chambre (idchambre, numtype, numchambre, etat) VALUES (nextval('chambre_idchambre_seq'), 3, 6, 'Occupée');
INSERT INTO proposer (numtype, numresort) VALUES (3, 26) ON CONFLICT DO NOTHING;
INSERT INTO chambre (idchambre, numtype, numchambre, etat) VALUES (nextval('chambre_idchambre_seq'), 3, 7, 'Occupée');
INSERT INTO proposer (numtype, numresort) VALUES (3, 26) ON CONFLICT DO NOTHING;
INSERT INTO chambre (idchambre, numtype, numchambre, etat) VALUES (nextval('chambre_idchambre_seq'), 3, 8, 'Maintenance');
INSERT INTO proposer (numtype, numresort) VALUES (3, 26) ON CONFLICT DO NOTHING;
INSERT INTO chambre (idchambre, numtype, numchambre, etat) VALUES (nextval('chambre_idchambre_seq'), 3, 9, 'Disponible');
INSERT INTO proposer (numtype, numresort) VALUES (3, 26) ON CONFLICT DO NOTHING;
INSERT INTO chambre (idchambre, numtype, numchambre, etat) VALUES (nextval('chambre_idchambre_seq'), 3, 10, 'Maintenance');
INSERT INTO proposer (numtype, numresort) VALUES (3, 26) ON CONFLICT DO NOTHING;
INSERT INTO chambre (idchambre, numtype, numchambre, etat) VALUES (nextval('chambre_idchambre_seq'), 3, 11, 'Disponible');
INSERT INTO proposer (numtype, numresort) VALUES (3, 26) ON CONFLICT DO NOTHING;
INSERT INTO chambre (idchambre, numtype, numchambre, etat) VALUES (nextval('chambre_idchambre_seq'), 3, 12, 'Occupée');
INSERT INTO proposer (numtype, numresort) VALUES (3, 26) ON CONFLICT DO NOTHING;
INSERT INTO chambre (idchambre, numtype, numchambre, etat) VALUES (nextval('chambre_idchambre_seq'), 3, 13, 'Maintenance');
INSERT INTO proposer (numtype, numresort) VALUES (3, 26) ON CONFLICT DO NOTHING;
INSERT INTO chambre (idchambre, numtype, numchambre, etat) VALUES (nextval('chambre_idchambre_seq'), 1, 1, 'Occupée');
INSERT INTO proposer (numtype, numresort) VALUES (1, 27) ON CONFLICT DO NOTHING;
INSERT INTO chambre (idchambre, numtype, numchambre, etat) VALUES (nextval('chambre_idchambre_seq'), 1, 2, 'Occupée');
INSERT INTO proposer (numtype, numresort) VALUES (1, 27) ON CONFLICT DO NOTHING;
INSERT INTO chambre (idchambre, numtype, numchambre, etat) VALUES (nextval('chambre_idchambre_seq'), 1, 3, 'Maintenance');
INSERT INTO proposer (numtype, numresort) VALUES (1, 27) ON CONFLICT DO NOTHING;
INSERT INTO chambre (idchambre, numtype, numchambre, etat) VALUES (nextval('chambre_idchambre_seq'), 1, 4, 'Occupée');
INSERT INTO proposer (numtype, numresort) VALUES (1, 27) ON CONFLICT DO NOTHING;
INSERT INTO chambre (idchambre, numtype, numchambre, etat) VALUES (nextval('chambre_idchambre_seq'), 1, 5, 'Disponible');
INSERT INTO proposer (numtype, numresort) VALUES (1, 27) ON CONFLICT DO NOTHING;
INSERT INTO chambre (idchambre, numtype, numchambre, etat) VALUES (nextval('chambre_idchambre_seq'), 1, 6, 'Maintenance');
INSERT INTO proposer (numtype, numresort) VALUES (1, 27) ON CONFLICT DO NOTHING;
INSERT INTO chambre (idchambre, numtype, numchambre, etat) VALUES (nextval('chambre_idchambre_seq'), 1, 7, 'Disponible');
INSERT INTO proposer (numtype, numresort) VALUES (1, 27) ON CONFLICT DO NOTHING;
INSERT INTO chambre (idchambre, numtype, numchambre, etat) VALUES (nextval('chambre_idchambre_seq'), 1, 8, 'Maintenance');
INSERT INTO proposer (numtype, numresort) VALUES (1, 27) ON CONFLICT DO NOTHING;
INSERT INTO chambre (idchambre, numtype, numchambre, etat) VALUES (nextval('chambre_idchambre_seq'), 1, 9, 'Disponible');
INSERT INTO proposer (numtype, numresort) VALUES (1, 27) ON CONFLICT DO NOTHING;
INSERT INTO chambre (idchambre, numtype, numchambre, etat) VALUES (nextval('chambre_idchambre_seq'), 1, 10, 'Disponible');
INSERT INTO proposer (numtype, numresort) VALUES (1, 27) ON CONFLICT DO NOTHING;
INSERT INTO chambre (idchambre, numtype, numchambre, etat) VALUES (nextval('chambre_idchambre_seq'), 1, 11, 'Occupée');
INSERT INTO proposer (numtype, numresort) VALUES (1, 27) ON CONFLICT DO NOTHING;
INSERT INTO chambre (idchambre, numtype, numchambre, etat) VALUES (nextval('chambre_idchambre_seq'), 1, 12, 'Occupée');
INSERT INTO proposer (numtype, numresort) VALUES (1, 27) ON CONFLICT DO NOTHING;
INSERT INTO chambre (idchambre, numtype, numchambre, etat) VALUES (nextval('chambre_idchambre_seq'), 1, 13, 'Maintenance');
INSERT INTO proposer (numtype, numresort) VALUES (1, 27) ON CONFLICT DO NOTHING;
INSERT INTO chambre (idchambre, numtype, numchambre, etat) VALUES (nextval('chambre_idchambre_seq'), 1, 14, 'Occupée');
INSERT INTO proposer (numtype, numresort) VALUES (1, 27) ON CONFLICT DO NOTHING;
INSERT INTO chambre (idchambre, numtype, numchambre, etat) VALUES (nextval('chambre_idchambre_seq'), 1, 15, 'Maintenance');
INSERT INTO proposer (numtype, numresort) VALUES (1, 27) ON CONFLICT DO NOTHING;
INSERT INTO chambre (idchambre, numtype, numchambre, etat) VALUES (nextval('chambre_idchambre_seq'), 1, 16, 'Disponible');
INSERT INTO proposer (numtype, numresort) VALUES (1, 27) ON CONFLICT DO NOTHING;
INSERT INTO chambre (idchambre, numtype, numchambre, etat) VALUES (nextval('chambre_idchambre_seq'), 1, 17, 'Maintenance');
INSERT INTO proposer (numtype, numresort) VALUES (1, 27) ON CONFLICT DO NOTHING;
INSERT INTO chambre (idchambre, numtype, numchambre, etat) VALUES (nextval('chambre_idchambre_seq'), 5, 1, 'Disponible');
INSERT INTO proposer (numtype, numresort) VALUES (5, 27) ON CONFLICT DO NOTHING;
INSERT INTO chambre (idchambre, numtype, numchambre, etat) VALUES (nextval('chambre_idchambre_seq'), 5, 2, 'Disponible');
INSERT INTO proposer (numtype, numresort) VALUES (5, 27) ON CONFLICT DO NOTHING;
INSERT INTO chambre (idchambre, numtype, numchambre, etat) VALUES (nextval('chambre_idchambre_seq'), 5, 3, 'Maintenance');
INSERT INTO proposer (numtype, numresort) VALUES (5, 27) ON CONFLICT DO NOTHING;
INSERT INTO chambre (idchambre, numtype, numchambre, etat) VALUES (nextval('chambre_idchambre_seq'), 5, 4, 'Maintenance');
INSERT INTO proposer (numtype, numresort) VALUES (5, 27) ON CONFLICT DO NOTHING;
INSERT INTO chambre (idchambre, numtype, numchambre, etat) VALUES (nextval('chambre_idchambre_seq'), 5, 5, 'Occupée');
INSERT INTO proposer (numtype, numresort) VALUES (5, 27) ON CONFLICT DO NOTHING;
INSERT INTO chambre (idchambre, numtype, numchambre, etat) VALUES (nextval('chambre_idchambre_seq'), 5, 6, 'Occupée');
INSERT INTO proposer (numtype, numresort) VALUES (5, 27) ON CONFLICT DO NOTHING;
INSERT INTO chambre (idchambre, numtype, numchambre, etat) VALUES (nextval('chambre_idchambre_seq'), 1, 1, 'Disponible');
INSERT INTO proposer (numtype, numresort) VALUES (1, 28) ON CONFLICT DO NOTHING;
INSERT INTO chambre (idchambre, numtype, numchambre, etat) VALUES (nextval('chambre_idchambre_seq'), 1, 2, 'Occupée');
INSERT INTO proposer (numtype, numresort) VALUES (1, 28) ON CONFLICT DO NOTHING;
INSERT INTO chambre (idchambre, numtype, numchambre, etat) VALUES (nextval('chambre_idchambre_seq'), 1, 3, 'Disponible');
INSERT INTO proposer (numtype, numresort) VALUES (1, 28) ON CONFLICT DO NOTHING;
INSERT INTO chambre (idchambre, numtype, numchambre, etat) VALUES (nextval('chambre_idchambre_seq'), 1, 4, 'Disponible');
INSERT INTO proposer (numtype, numresort) VALUES (1, 28) ON CONFLICT DO NOTHING;
INSERT INTO chambre (idchambre, numtype, numchambre, etat) VALUES (nextval('chambre_idchambre_seq'), 1, 5, 'Maintenance');
INSERT INTO proposer (numtype, numresort) VALUES (1, 28) ON CONFLICT DO NOTHING;
INSERT INTO chambre (idchambre, numtype, numchambre, etat) VALUES (nextval('chambre_idchambre_seq'), 1, 6, 'Disponible');
INSERT INTO proposer (numtype, numresort) VALUES (1, 28) ON CONFLICT DO NOTHING;
INSERT INTO chambre (idchambre, numtype, numchambre, etat) VALUES (nextval('chambre_idchambre_seq'), 3, 1, 'Disponible');
INSERT INTO proposer (numtype, numresort) VALUES (3, 28) ON CONFLICT DO NOTHING;
INSERT INTO chambre (idchambre, numtype, numchambre, etat) VALUES (nextval('chambre_idchambre_seq'), 3, 2, 'Occupée');
INSERT INTO proposer (numtype, numresort) VALUES (3, 28) ON CONFLICT DO NOTHING;
INSERT INTO chambre (idchambre, numtype, numchambre, etat) VALUES (nextval('chambre_idchambre_seq'), 3, 3, 'Disponible');
INSERT INTO proposer (numtype, numresort) VALUES (3, 28) ON CONFLICT DO NOTHING;
INSERT INTO chambre (idchambre, numtype, numchambre, etat) VALUES (nextval('chambre_idchambre_seq'), 3, 4, 'Maintenance');
INSERT INTO proposer (numtype, numresort) VALUES (3, 28) ON CONFLICT DO NOTHING;
INSERT INTO chambre (idchambre, numtype, numchambre, etat) VALUES (nextval('chambre_idchambre_seq'), 3, 5, 'Disponible');
INSERT INTO proposer (numtype, numresort) VALUES (3, 28) ON CONFLICT DO NOTHING;
INSERT INTO chambre (idchambre, numtype, numchambre, etat) VALUES (nextval('chambre_idchambre_seq'), 3, 6, 'Maintenance');
INSERT INTO proposer (numtype, numresort) VALUES (3, 28) ON CONFLICT DO NOTHING;
INSERT INTO chambre (idchambre, numtype, numchambre, etat) VALUES (nextval('chambre_idchambre_seq'), 3, 7, 'Occupée');
INSERT INTO proposer (numtype, numresort) VALUES (3, 28) ON CONFLICT DO NOTHING;
INSERT INTO chambre (idchambre, numtype, numchambre, etat) VALUES (nextval('chambre_idchambre_seq'), 3, 8, 'Maintenance');
INSERT INTO proposer (numtype, numresort) VALUES (3, 28) ON CONFLICT DO NOTHING;
INSERT INTO chambre (idchambre, numtype, numchambre, etat) VALUES (nextval('chambre_idchambre_seq'), 3, 9, 'Maintenance');
INSERT INTO proposer (numtype, numresort) VALUES (3, 28) ON CONFLICT DO NOTHING;
INSERT INTO chambre (idchambre, numtype, numchambre, etat) VALUES (nextval('chambre_idchambre_seq'), 3, 10, 'Occupée');
INSERT INTO proposer (numtype, numresort) VALUES (3, 28) ON CONFLICT DO NOTHING;
INSERT INTO chambre (idchambre, numtype, numchambre, etat) VALUES (nextval('chambre_idchambre_seq'), 3, 11, 'Occupée');
INSERT INTO proposer (numtype, numresort) VALUES (3, 28) ON CONFLICT DO NOTHING;
INSERT INTO chambre (idchambre, numtype, numchambre, etat) VALUES (nextval('chambre_idchambre_seq'), 3, 12, 'Maintenance');
INSERT INTO proposer (numtype, numresort) VALUES (3, 28) ON CONFLICT DO NOTHING;
INSERT INTO chambre (idchambre, numtype, numchambre, etat) VALUES (nextval('chambre_idchambre_seq'), 3, 13, 'Disponible');
INSERT INTO proposer (numtype, numresort) VALUES (3, 28) ON CONFLICT DO NOTHING;
INSERT INTO chambre (idchambre, numtype, numchambre, etat) VALUES (nextval('chambre_idchambre_seq'), 3, 14, 'Maintenance');
INSERT INTO proposer (numtype, numresort) VALUES (3, 28) ON CONFLICT DO NOTHING;
INSERT INTO chambre (idchambre, numtype, numchambre, etat) VALUES (nextval('chambre_idchambre_seq'), 3, 15, 'Maintenance');
INSERT INTO proposer (numtype, numresort) VALUES (3, 28) ON CONFLICT DO NOTHING;
INSERT INTO chambre (idchambre, numtype, numchambre, etat) VALUES (nextval('chambre_idchambre_seq'), 3, 16, 'Disponible');
INSERT INTO proposer (numtype, numresort) VALUES (3, 28) ON CONFLICT DO NOTHING;
INSERT INTO chambre (idchambre, numtype, numchambre, etat) VALUES (nextval('chambre_idchambre_seq'), 3, 17, 'Maintenance');
INSERT INTO proposer (numtype, numresort) VALUES (3, 28) ON CONFLICT DO NOTHING;
INSERT INTO chambre (idchambre, numtype, numchambre, etat) VALUES (nextval('chambre_idchambre_seq'), 3, 1, 'Disponible');
INSERT INTO proposer (numtype, numresort) VALUES (3, 29) ON CONFLICT DO NOTHING;
INSERT INTO chambre (idchambre, numtype, numchambre, etat) VALUES (nextval('chambre_idchambre_seq'), 3, 2, 'Occupée');
INSERT INTO proposer (numtype, numresort) VALUES (3, 29) ON CONFLICT DO NOTHING;
INSERT INTO chambre (idchambre, numtype, numchambre, etat) VALUES (nextval('chambre_idchambre_seq'), 3, 3, 'Maintenance');
INSERT INTO proposer (numtype, numresort) VALUES (3, 29) ON CONFLICT DO NOTHING;
INSERT INTO chambre (idchambre, numtype, numchambre, etat) VALUES (nextval('chambre_idchambre_seq'), 3, 4, 'Maintenance');
INSERT INTO proposer (numtype, numresort) VALUES (3, 29) ON CONFLICT DO NOTHING;
INSERT INTO chambre (idchambre, numtype, numchambre, etat) VALUES (nextval('chambre_idchambre_seq'), 3, 5, 'Maintenance');
INSERT INTO proposer (numtype, numresort) VALUES (3, 29) ON CONFLICT DO NOTHING;
INSERT INTO chambre (idchambre, numtype, numchambre, etat) VALUES (nextval('chambre_idchambre_seq'), 3, 6, 'Occupée');
INSERT INTO proposer (numtype, numresort) VALUES (3, 29) ON CONFLICT DO NOTHING;
INSERT INTO chambre (idchambre, numtype, numchambre, etat) VALUES (nextval('chambre_idchambre_seq'), 3, 7, 'Occupée');
INSERT INTO proposer (numtype, numresort) VALUES (3, 29) ON CONFLICT DO NOTHING;
INSERT INTO chambre (idchambre, numtype, numchambre, etat) VALUES (nextval('chambre_idchambre_seq'), 3, 8, 'Disponible');
INSERT INTO proposer (numtype, numresort) VALUES (3, 29) ON CONFLICT DO NOTHING;
INSERT INTO chambre (idchambre, numtype, numchambre, etat) VALUES (nextval('chambre_idchambre_seq'), 3, 9, 'Maintenance');
INSERT INTO proposer (numtype, numresort) VALUES (3, 29) ON CONFLICT DO NOTHING;
INSERT INTO chambre (idchambre, numtype, numchambre, etat) VALUES (nextval('chambre_idchambre_seq'), 3, 10, 'Occupée');
INSERT INTO proposer (numtype, numresort) VALUES (3, 29) ON CONFLICT DO NOTHING;
INSERT INTO chambre (idchambre, numtype, numchambre, etat) VALUES (nextval('chambre_idchambre_seq'), 3, 11, 'Occupée');
INSERT INTO proposer (numtype, numresort) VALUES (3, 29) ON CONFLICT DO NOTHING;
INSERT INTO chambre (idchambre, numtype, numchambre, etat) VALUES (nextval('chambre_idchambre_seq'), 3, 12, 'Occupée');
INSERT INTO proposer (numtype, numresort) VALUES (3, 29) ON CONFLICT DO NOTHING;
INSERT INTO chambre (idchambre, numtype, numchambre, etat) VALUES (nextval('chambre_idchambre_seq'), 1, 1, 'Occupée');
INSERT INTO proposer (numtype, numresort) VALUES (1, 29) ON CONFLICT DO NOTHING;
INSERT INTO chambre (idchambre, numtype, numchambre, etat) VALUES (nextval('chambre_idchambre_seq'), 1, 2, 'Maintenance');
INSERT INTO proposer (numtype, numresort) VALUES (1, 29) ON CONFLICT DO NOTHING;
INSERT INTO chambre (idchambre, numtype, numchambre, etat) VALUES (nextval('chambre_idchambre_seq'), 1, 3, 'Occupée');
INSERT INTO proposer (numtype, numresort) VALUES (1, 29) ON CONFLICT DO NOTHING;
INSERT INTO chambre (idchambre, numtype, numchambre, etat) VALUES (nextval('chambre_idchambre_seq'), 1, 4, 'Occupée');
INSERT INTO proposer (numtype, numresort) VALUES (1, 29) ON CONFLICT DO NOTHING;
INSERT INTO chambre (idchambre, numtype, numchambre, etat) VALUES (nextval('chambre_idchambre_seq'), 1, 5, 'Disponible');
INSERT INTO proposer (numtype, numresort) VALUES (1, 29) ON CONFLICT DO NOTHING;
INSERT INTO chambre (idchambre, numtype, numchambre, etat) VALUES (nextval('chambre_idchambre_seq'), 1, 6, 'Maintenance');
INSERT INTO proposer (numtype, numresort) VALUES (1, 29) ON CONFLICT DO NOTHING;
INSERT INTO chambre (idchambre, numtype, numchambre, etat) VALUES (nextval('chambre_idchambre_seq'), 1, 7, 'Maintenance');
INSERT INTO proposer (numtype, numresort) VALUES (1, 29) ON CONFLICT DO NOTHING;
INSERT INTO chambre (idchambre, numtype, numchambre, etat) VALUES (nextval('chambre_idchambre_seq'), 1, 8, 'Maintenance');
INSERT INTO proposer (numtype, numresort) VALUES (1, 29) ON CONFLICT DO NOTHING;
INSERT INTO chambre (idchambre, numtype, numchambre, etat) VALUES (nextval('chambre_idchambre_seq'), 1, 9, 'Occupée');
INSERT INTO proposer (numtype, numresort) VALUES (1, 29) ON CONFLICT DO NOTHING;
INSERT INTO chambre (idchambre, numtype, numchambre, etat) VALUES (nextval('chambre_idchambre_seq'), 1, 10, 'Disponible');
INSERT INTO proposer (numtype, numresort) VALUES (1, 29) ON CONFLICT DO NOTHING;
INSERT INTO chambre (idchambre, numtype, numchambre, etat) VALUES (nextval('chambre_idchambre_seq'), 1, 11, 'Maintenance');
INSERT INTO proposer (numtype, numresort) VALUES (1, 29) ON CONFLICT DO NOTHING;
INSERT INTO chambre (idchambre, numtype, numchambre, etat) VALUES (nextval('chambre_idchambre_seq'), 1, 12, 'Occupée');
INSERT INTO proposer (numtype, numresort) VALUES (1, 29) ON CONFLICT DO NOTHING;
INSERT INTO chambre (idchambre, numtype, numchambre, etat) VALUES (nextval('chambre_idchambre_seq'), 4, 1, 'Maintenance');
INSERT INTO proposer (numtype, numresort) VALUES (4, 29) ON CONFLICT DO NOTHING;
INSERT INTO chambre (idchambre, numtype, numchambre, etat) VALUES (nextval('chambre_idchambre_seq'), 4, 2, 'Disponible');
INSERT INTO proposer (numtype, numresort) VALUES (4, 29) ON CONFLICT DO NOTHING;
INSERT INTO chambre (idchambre, numtype, numchambre, etat) VALUES (nextval('chambre_idchambre_seq'), 4, 3, 'Disponible');
INSERT INTO proposer (numtype, numresort) VALUES (4, 29) ON CONFLICT DO NOTHING;
INSERT INTO chambre (idchambre, numtype, numchambre, etat) VALUES (nextval('chambre_idchambre_seq'), 4, 4, 'Occupée');
INSERT INTO proposer (numtype, numresort) VALUES (4, 29) ON CONFLICT DO NOTHING;
INSERT INTO chambre (idchambre, numtype, numchambre, etat) VALUES (nextval('chambre_idchambre_seq'), 4, 5, 'Disponible');
INSERT INTO proposer (numtype, numresort) VALUES (4, 29) ON CONFLICT DO NOTHING;
INSERT INTO chambre (idchambre, numtype, numchambre, etat) VALUES (nextval('chambre_idchambre_seq'), 4, 6, 'Occupée');
INSERT INTO proposer (numtype, numresort) VALUES (4, 29) ON CONFLICT DO NOTHING;
INSERT INTO chambre (idchambre, numtype, numchambre, etat) VALUES (nextval('chambre_idchambre_seq'), 4, 7, 'Maintenance');
INSERT INTO proposer (numtype, numresort) VALUES (4, 29) ON CONFLICT DO NOTHING;
INSERT INTO chambre (idchambre, numtype, numchambre, etat) VALUES (nextval('chambre_idchambre_seq'), 4, 8, 'Maintenance');
INSERT INTO proposer (numtype, numresort) VALUES (4, 29) ON CONFLICT DO NOTHING;
INSERT INTO chambre (idchambre, numtype, numchambre, etat) VALUES (nextval('chambre_idchambre_seq'), 4, 9, 'Disponible');
INSERT INTO proposer (numtype, numresort) VALUES (4, 29) ON CONFLICT DO NOTHING;
INSERT INTO chambre (idchambre, numtype, numchambre, etat) VALUES (nextval('chambre_idchambre_seq'), 4, 10, 'Maintenance');
INSERT INTO proposer (numtype, numresort) VALUES (4, 29) ON CONFLICT DO NOTHING;
INSERT INTO chambre (idchambre, numtype, numchambre, etat) VALUES (nextval('chambre_idchambre_seq'), 4, 11, 'Occupée');
INSERT INTO proposer (numtype, numresort) VALUES (4, 29) ON CONFLICT DO NOTHING;
INSERT INTO chambre (idchambre, numtype, numchambre, etat) VALUES (nextval('chambre_idchambre_seq'), 4, 12, 'Occupée');
INSERT INTO proposer (numtype, numresort) VALUES (4, 29) ON CONFLICT DO NOTHING;
INSERT INTO chambre (idchambre, numtype, numchambre, etat) VALUES (nextval('chambre_idchambre_seq'), 2, 1, 'Disponible');
INSERT INTO proposer (numtype, numresort) VALUES (2, 29) ON CONFLICT DO NOTHING;
INSERT INTO chambre (idchambre, numtype, numchambre, etat) VALUES (nextval('chambre_idchambre_seq'), 2, 2, 'Disponible');
INSERT INTO proposer (numtype, numresort) VALUES (2, 29) ON CONFLICT DO NOTHING;
INSERT INTO chambre (idchambre, numtype, numchambre, etat) VALUES (nextval('chambre_idchambre_seq'), 2, 3, 'Disponible');
INSERT INTO proposer (numtype, numresort) VALUES (2, 29) ON CONFLICT DO NOTHING;
INSERT INTO chambre (idchambre, numtype, numchambre, etat) VALUES (nextval('chambre_idchambre_seq'), 2, 4, 'Occupée');
INSERT INTO proposer (numtype, numresort) VALUES (2, 29) ON CONFLICT DO NOTHING;
INSERT INTO chambre (idchambre, numtype, numchambre, etat) VALUES (nextval('chambre_idchambre_seq'), 2, 5, 'Occupée');
INSERT INTO proposer (numtype, numresort) VALUES (2, 29) ON CONFLICT DO NOTHING;
INSERT INTO chambre (idchambre, numtype, numchambre, etat) VALUES (nextval('chambre_idchambre_seq'), 2, 6, 'Occupée');
INSERT INTO proposer (numtype, numresort) VALUES (2, 29) ON CONFLICT DO NOTHING;
INSERT INTO chambre (idchambre, numtype, numchambre, etat) VALUES (nextval('chambre_idchambre_seq'), 2, 7, 'Occupée');
INSERT INTO proposer (numtype, numresort) VALUES (2, 29) ON CONFLICT DO NOTHING;
INSERT INTO chambre (idchambre, numtype, numchambre, etat) VALUES (nextval('chambre_idchambre_seq'), 2, 8, 'Disponible');
INSERT INTO proposer (numtype, numresort) VALUES (2, 29) ON CONFLICT DO NOTHING;
INSERT INTO chambre (idchambre, numtype, numchambre, etat) VALUES (nextval('chambre_idchambre_seq'), 2, 9, 'Disponible');
INSERT INTO proposer (numtype, numresort) VALUES (2, 29) ON CONFLICT DO NOTHING;
INSERT INTO chambre (idchambre, numtype, numchambre, etat) VALUES (nextval('chambre_idchambre_seq'), 2, 10, 'Disponible');
INSERT INTO proposer (numtype, numresort) VALUES (2, 29) ON CONFLICT DO NOTHING;
INSERT INTO chambre (idchambre, numtype, numchambre, etat) VALUES (nextval('chambre_idchambre_seq'), 2, 11, 'Disponible');
INSERT INTO proposer (numtype, numresort) VALUES (2, 29) ON CONFLICT DO NOTHING;
INSERT INTO chambre (idchambre, numtype, numchambre, etat) VALUES (nextval('chambre_idchambre_seq'), 2, 12, 'Occupée');
INSERT INTO proposer (numtype, numresort) VALUES (2, 29) ON CONFLICT DO NOTHING;
INSERT INTO chambre (idchambre, numtype, numchambre, etat) VALUES (nextval('chambre_idchambre_seq'), 2, 13, 'Occupée');
INSERT INTO proposer (numtype, numresort) VALUES (2, 29) ON CONFLICT DO NOTHING;
INSERT INTO chambre (idchambre, numtype, numchambre, etat) VALUES (nextval('chambre_idchambre_seq'), 2, 14, 'Maintenance');
INSERT INTO proposer (numtype, numresort) VALUES (2, 29) ON CONFLICT DO NOTHING;
INSERT INTO chambre (idchambre, numtype, numchambre, etat) VALUES (nextval('chambre_idchambre_seq'), 2, 15, 'Maintenance');
INSERT INTO proposer (numtype, numresort) VALUES (2, 29) ON CONFLICT DO NOTHING;
INSERT INTO chambre (idchambre, numtype, numchambre, etat) VALUES (nextval('chambre_idchambre_seq'), 2, 16, 'Maintenance');
INSERT INTO proposer (numtype, numresort) VALUES (2, 29) ON CONFLICT DO NOTHING;
INSERT INTO chambre (idchambre, numtype, numchambre, etat) VALUES (nextval('chambre_idchambre_seq'), 1, 1, 'Maintenance');
INSERT INTO proposer (numtype, numresort) VALUES (1, 30) ON CONFLICT DO NOTHING;
INSERT INTO chambre (idchambre, numtype, numchambre, etat) VALUES (nextval('chambre_idchambre_seq'), 1, 2, 'Disponible');
INSERT INTO proposer (numtype, numresort) VALUES (1, 30) ON CONFLICT DO NOTHING;
INSERT INTO chambre (idchambre, numtype, numchambre, etat) VALUES (nextval('chambre_idchambre_seq'), 1, 3, 'Maintenance');
INSERT INTO proposer (numtype, numresort) VALUES (1, 30) ON CONFLICT DO NOTHING;
INSERT INTO chambre (idchambre, numtype, numchambre, etat) VALUES (nextval('chambre_idchambre_seq'), 1, 4, 'Maintenance');
INSERT INTO proposer (numtype, numresort) VALUES (1, 30) ON CONFLICT DO NOTHING;
INSERT INTO chambre (idchambre, numtype, numchambre, etat) VALUES (nextval('chambre_idchambre_seq'), 1, 5, 'Occupée');
INSERT INTO proposer (numtype, numresort) VALUES (1, 30) ON CONFLICT DO NOTHING;
INSERT INTO chambre (idchambre, numtype, numchambre, etat) VALUES (nextval('chambre_idchambre_seq'), 1, 6, 'Occupée');
INSERT INTO proposer (numtype, numresort) VALUES (1, 30) ON CONFLICT DO NOTHING;
INSERT INTO chambre (idchambre, numtype, numchambre, etat) VALUES (nextval('chambre_idchambre_seq'), 1, 7, 'Disponible');
INSERT INTO proposer (numtype, numresort) VALUES (1, 30) ON CONFLICT DO NOTHING;
INSERT INTO chambre (idchambre, numtype, numchambre, etat) VALUES (nextval('chambre_idchambre_seq'), 1, 8, 'Occupée');
INSERT INTO proposer (numtype, numresort) VALUES (1, 30) ON CONFLICT DO NOTHING;
INSERT INTO chambre (idchambre, numtype, numchambre, etat) VALUES (nextval('chambre_idchambre_seq'), 1, 9, 'Occupée');
INSERT INTO proposer (numtype, numresort) VALUES (1, 30) ON CONFLICT DO NOTHING;
INSERT INTO chambre (idchambre, numtype, numchambre, etat) VALUES (nextval('chambre_idchambre_seq'), 1, 10, 'Occupée');
INSERT INTO proposer (numtype, numresort) VALUES (1, 30) ON CONFLICT DO NOTHING;
INSERT INTO chambre (idchambre, numtype, numchambre, etat) VALUES (nextval('chambre_idchambre_seq'), 1, 11, 'Disponible');
INSERT INTO proposer (numtype, numresort) VALUES (1, 30) ON CONFLICT DO NOTHING;
INSERT INTO chambre (idchambre, numtype, numchambre, etat) VALUES (nextval('chambre_idchambre_seq'), 1, 12, 'Maintenance');
INSERT INTO proposer (numtype, numresort) VALUES (1, 30) ON CONFLICT DO NOTHING;
INSERT INTO chambre (idchambre, numtype, numchambre, etat) VALUES (nextval('chambre_idchambre_seq'), 1, 13, 'Maintenance');
INSERT INTO proposer (numtype, numresort) VALUES (1, 30) ON CONFLICT DO NOTHING;
INSERT INTO chambre (idchambre, numtype, numchambre, etat) VALUES (nextval('chambre_idchambre_seq'), 1, 14, 'Disponible');
INSERT INTO proposer (numtype, numresort) VALUES (1, 30) ON CONFLICT DO NOTHING;
INSERT INTO chambre (idchambre, numtype, numchambre, etat) VALUES (nextval('chambre_idchambre_seq'), 1, 15, 'Maintenance');
INSERT INTO proposer (numtype, numresort) VALUES (1, 30) ON CONFLICT DO NOTHING;
INSERT INTO chambre (idchambre, numtype, numchambre, etat) VALUES (nextval('chambre_idchambre_seq'), 1, 16, 'Maintenance');
INSERT INTO proposer (numtype, numresort) VALUES (1, 30) ON CONFLICT DO NOTHING;
INSERT INTO chambre (idchambre, numtype, numchambre, etat) VALUES (nextval('chambre_idchambre_seq'), 5, 1, 'Maintenance');
INSERT INTO proposer (numtype, numresort) VALUES (5, 30) ON CONFLICT DO NOTHING;
INSERT INTO chambre (idchambre, numtype, numchambre, etat) VALUES (nextval('chambre_idchambre_seq'), 5, 2, 'Occupée');
INSERT INTO proposer (numtype, numresort) VALUES (5, 30) ON CONFLICT DO NOTHING;
INSERT INTO chambre (idchambre, numtype, numchambre, etat) VALUES (nextval('chambre_idchambre_seq'), 5, 3, 'Disponible');
INSERT INTO proposer (numtype, numresort) VALUES (5, 30) ON CONFLICT DO NOTHING;
INSERT INTO chambre (idchambre, numtype, numchambre, etat) VALUES (nextval('chambre_idchambre_seq'), 5, 4, 'Disponible');
INSERT INTO proposer (numtype, numresort) VALUES (5, 30) ON CONFLICT DO NOTHING;
INSERT INTO chambre (idchambre, numtype, numchambre, etat) VALUES (nextval('chambre_idchambre_seq'), 5, 5, 'Occupée');
INSERT INTO proposer (numtype, numresort) VALUES (5, 30) ON CONFLICT DO NOTHING;
INSERT INTO chambre (idchambre, numtype, numchambre, etat) VALUES (nextval('chambre_idchambre_seq'), 5, 6, 'Occupée');
INSERT INTO proposer (numtype, numresort) VALUES (5, 30) ON CONFLICT DO NOTHING;
INSERT INTO chambre (idchambre, numtype, numchambre, etat) VALUES (nextval('chambre_idchambre_seq'), 5, 7, 'Occupée');
INSERT INTO proposer (numtype, numresort) VALUES (5, 30) ON CONFLICT DO NOTHING;
INSERT INTO chambre (idchambre, numtype, numchambre, etat) VALUES (nextval('chambre_idchambre_seq'), 5, 8, 'Occupée');
INSERT INTO proposer (numtype, numresort) VALUES (5, 30) ON CONFLICT DO NOTHING;
INSERT INTO chambre (idchambre, numtype, numchambre, etat) VALUES (nextval('chambre_idchambre_seq'), 5, 9, 'Disponible');
INSERT INTO proposer (numtype, numresort) VALUES (5, 30) ON CONFLICT DO NOTHING;
INSERT INTO chambre (idchambre, numtype, numchambre, etat) VALUES (nextval('chambre_idchambre_seq'), 5, 10, 'Disponible');
INSERT INTO proposer (numtype, numresort) VALUES (5, 30) ON CONFLICT DO NOTHING;
INSERT INTO chambre (idchambre, numtype, numchambre, etat) VALUES (nextval('chambre_idchambre_seq'), 4, 1, 'Occupée');
INSERT INTO proposer (numtype, numresort) VALUES (4, 30) ON CONFLICT DO NOTHING;
INSERT INTO chambre (idchambre, numtype, numchambre, etat) VALUES (nextval('chambre_idchambre_seq'), 4, 2, 'Occupée');
INSERT INTO proposer (numtype, numresort) VALUES (4, 30) ON CONFLICT DO NOTHING;
INSERT INTO chambre (idchambre, numtype, numchambre, etat) VALUES (nextval('chambre_idchambre_seq'), 4, 3, 'Occupée');
INSERT INTO proposer (numtype, numresort) VALUES (4, 30) ON CONFLICT DO NOTHING;
INSERT INTO chambre (idchambre, numtype, numchambre, etat) VALUES (nextval('chambre_idchambre_seq'), 4, 4, 'Occupée');
INSERT INTO proposer (numtype, numresort) VALUES (4, 30) ON CONFLICT DO NOTHING;
INSERT INTO chambre (idchambre, numtype, numchambre, etat) VALUES (nextval('chambre_idchambre_seq'), 4, 5, 'Occupée');
INSERT INTO proposer (numtype, numresort) VALUES (4, 30) ON CONFLICT DO NOTHING;
INSERT INTO chambre (idchambre, numtype, numchambre, etat) VALUES (nextval('chambre_idchambre_seq'), 4, 6, 'Disponible');
INSERT INTO proposer (numtype, numresort) VALUES (4, 30) ON CONFLICT DO NOTHING;
INSERT INTO chambre (idchambre, numtype, numchambre, etat) VALUES (nextval('chambre_idchambre_seq'), 4, 7, 'Occupée');
INSERT INTO proposer (numtype, numresort) VALUES (4, 30) ON CONFLICT DO NOTHING;
INSERT INTO chambre (idchambre, numtype, numchambre, etat) VALUES (nextval('chambre_idchambre_seq'), 4, 8, 'Occupée');
INSERT INTO proposer (numtype, numresort) VALUES (4, 30) ON CONFLICT DO NOTHING;
INSERT INTO chambre (idchambre, numtype, numchambre, etat) VALUES (nextval('chambre_idchambre_seq'), 4, 9, 'Disponible');
INSERT INTO proposer (numtype, numresort) VALUES (4, 30) ON CONFLICT DO NOTHING;
INSERT INTO chambre (idchambre, numtype, numchambre, etat) VALUES (nextval('chambre_idchambre_seq'), 4, 10, 'Maintenance');
INSERT INTO proposer (numtype, numresort) VALUES (4, 30) ON CONFLICT DO NOTHING;
INSERT INTO chambre (idchambre, numtype, numchambre, etat) VALUES (nextval('chambre_idchambre_seq'), 4, 1, 'Occupée');
INSERT INTO proposer (numtype, numresort) VALUES (4, 31) ON CONFLICT DO NOTHING;
INSERT INTO chambre (idchambre, numtype, numchambre, etat) VALUES (nextval('chambre_idchambre_seq'), 4, 2, 'Disponible');
INSERT INTO proposer (numtype, numresort) VALUES (4, 31) ON CONFLICT DO NOTHING;
INSERT INTO chambre (idchambre, numtype, numchambre, etat) VALUES (nextval('chambre_idchambre_seq'), 4, 3, 'Occupée');
INSERT INTO proposer (numtype, numresort) VALUES (4, 31) ON CONFLICT DO NOTHING;
INSERT INTO chambre (idchambre, numtype, numchambre, etat) VALUES (nextval('chambre_idchambre_seq'), 4, 4, 'Occupée');
INSERT INTO proposer (numtype, numresort) VALUES (4, 31) ON CONFLICT DO NOTHING;
INSERT INTO chambre (idchambre, numtype, numchambre, etat) VALUES (nextval('chambre_idchambre_seq'), 4, 5, 'Maintenance');
INSERT INTO proposer (numtype, numresort) VALUES (4, 31) ON CONFLICT DO NOTHING;
INSERT INTO chambre (idchambre, numtype, numchambre, etat) VALUES (nextval('chambre_idchambre_seq'), 4, 6, 'Occupée');
INSERT INTO proposer (numtype, numresort) VALUES (4, 31) ON CONFLICT DO NOTHING;
INSERT INTO chambre (idchambre, numtype, numchambre, etat) VALUES (nextval('chambre_idchambre_seq'), 4, 7, 'Occupée');
INSERT INTO proposer (numtype, numresort) VALUES (4, 31) ON CONFLICT DO NOTHING;
INSERT INTO chambre (idchambre, numtype, numchambre, etat) VALUES (nextval('chambre_idchambre_seq'), 4, 8, 'Occupée');
INSERT INTO proposer (numtype, numresort) VALUES (4, 31) ON CONFLICT DO NOTHING;
INSERT INTO chambre (idchambre, numtype, numchambre, etat) VALUES (nextval('chambre_idchambre_seq'), 4, 9, 'Occupée');
INSERT INTO proposer (numtype, numresort) VALUES (4, 31) ON CONFLICT DO NOTHING;
INSERT INTO chambre (idchambre, numtype, numchambre, etat) VALUES (nextval('chambre_idchambre_seq'), 2, 1, 'Maintenance');
INSERT INTO proposer (numtype, numresort) VALUES (2, 31) ON CONFLICT DO NOTHING;
INSERT INTO chambre (idchambre, numtype, numchambre, etat) VALUES (nextval('chambre_idchambre_seq'), 2, 2, 'Maintenance');
INSERT INTO proposer (numtype, numresort) VALUES (2, 31) ON CONFLICT DO NOTHING;
INSERT INTO chambre (idchambre, numtype, numchambre, etat) VALUES (nextval('chambre_idchambre_seq'), 2, 3, 'Disponible');
INSERT INTO proposer (numtype, numresort) VALUES (2, 31) ON CONFLICT DO NOTHING;
INSERT INTO chambre (idchambre, numtype, numchambre, etat) VALUES (nextval('chambre_idchambre_seq'), 2, 4, 'Occupée');
INSERT INTO proposer (numtype, numresort) VALUES (2, 31) ON CONFLICT DO NOTHING;
INSERT INTO chambre (idchambre, numtype, numchambre, etat) VALUES (nextval('chambre_idchambre_seq'), 2, 5, 'Occupée');
INSERT INTO proposer (numtype, numresort) VALUES (2, 31) ON CONFLICT DO NOTHING;
INSERT INTO chambre (idchambre, numtype, numchambre, etat) VALUES (nextval('chambre_idchambre_seq'), 2, 6, 'Maintenance');
INSERT INTO proposer (numtype, numresort) VALUES (2, 31) ON CONFLICT DO NOTHING;
INSERT INTO chambre (idchambre, numtype, numchambre, etat) VALUES (nextval('chambre_idchambre_seq'), 2, 7, 'Maintenance');
INSERT INTO proposer (numtype, numresort) VALUES (2, 31) ON CONFLICT DO NOTHING;
INSERT INTO chambre (idchambre, numtype, numchambre, etat) VALUES (nextval('chambre_idchambre_seq'), 2, 8, 'Disponible');
INSERT INTO proposer (numtype, numresort) VALUES (2, 31) ON CONFLICT DO NOTHING;
INSERT INTO chambre (idchambre, numtype, numchambre, etat) VALUES (nextval('chambre_idchambre_seq'), 2, 9, 'Occupée');
INSERT INTO proposer (numtype, numresort) VALUES (2, 31) ON CONFLICT DO NOTHING;
INSERT INTO chambre (idchambre, numtype, numchambre, etat) VALUES (nextval('chambre_idchambre_seq'), 2, 10, 'Occupée');
INSERT INTO proposer (numtype, numresort) VALUES (2, 31) ON CONFLICT DO NOTHING;
INSERT INTO chambre (idchambre, numtype, numchambre, etat) VALUES (nextval('chambre_idchambre_seq'), 2, 11, 'Disponible');
INSERT INTO proposer (numtype, numresort) VALUES (2, 31) ON CONFLICT DO NOTHING;
INSERT INTO chambre (idchambre, numtype, numchambre, etat) VALUES (nextval('chambre_idchambre_seq'), 2, 12, 'Occupée');
INSERT INTO proposer (numtype, numresort) VALUES (2, 31) ON CONFLICT DO NOTHING;
INSERT INTO chambre (idchambre, numtype, numchambre, etat) VALUES (nextval('chambre_idchambre_seq'), 2, 13, 'Occupée');
INSERT INTO proposer (numtype, numresort) VALUES (2, 31) ON CONFLICT DO NOTHING;
INSERT INTO chambre (idchambre, numtype, numchambre, etat) VALUES (nextval('chambre_idchambre_seq'), 2, 14, 'Occupée');
INSERT INTO proposer (numtype, numresort) VALUES (2, 31) ON CONFLICT DO NOTHING;
INSERT INTO chambre (idchambre, numtype, numchambre, etat) VALUES (nextval('chambre_idchambre_seq'), 2, 15, 'Maintenance');
INSERT INTO proposer (numtype, numresort) VALUES (2, 31) ON CONFLICT DO NOTHING;
INSERT INTO chambre (idchambre, numtype, numchambre, etat) VALUES (nextval('chambre_idchambre_seq'), 2, 16, 'Maintenance');
INSERT INTO proposer (numtype, numresort) VALUES (2, 31) ON CONFLICT DO NOTHING;
INSERT INTO chambre (idchambre, numtype, numchambre, etat) VALUES (nextval('chambre_idchambre_seq'), 2, 17, 'Maintenance');
INSERT INTO proposer (numtype, numresort) VALUES (2, 31) ON CONFLICT DO NOTHING;
INSERT INTO chambre (idchambre, numtype, numchambre, etat) VALUES (nextval('chambre_idchambre_seq'), 2, 18, 'Occupée');
INSERT INTO proposer (numtype, numresort) VALUES (2, 31) ON CONFLICT DO NOTHING;
INSERT INTO chambre (idchambre, numtype, numchambre, etat) VALUES (nextval('chambre_idchambre_seq'), 5, 1, 'Occupée');
INSERT INTO proposer (numtype, numresort) VALUES (5, 31) ON CONFLICT DO NOTHING;
INSERT INTO chambre (idchambre, numtype, numchambre, etat) VALUES (nextval('chambre_idchambre_seq'), 5, 2, 'Occupée');
INSERT INTO proposer (numtype, numresort) VALUES (5, 31) ON CONFLICT DO NOTHING;
INSERT INTO chambre (idchambre, numtype, numchambre, etat) VALUES (nextval('chambre_idchambre_seq'), 5, 3, 'Occupée');
INSERT INTO proposer (numtype, numresort) VALUES (5, 31) ON CONFLICT DO NOTHING;
INSERT INTO chambre (idchambre, numtype, numchambre, etat) VALUES (nextval('chambre_idchambre_seq'), 5, 4, 'Occupée');
INSERT INTO proposer (numtype, numresort) VALUES (5, 31) ON CONFLICT DO NOTHING;
INSERT INTO chambre (idchambre, numtype, numchambre, etat) VALUES (nextval('chambre_idchambre_seq'), 5, 5, 'Occupée');
INSERT INTO proposer (numtype, numresort) VALUES (5, 31) ON CONFLICT DO NOTHING;
INSERT INTO chambre (idchambre, numtype, numchambre, etat) VALUES (nextval('chambre_idchambre_seq'), 5, 6, 'Disponible');
INSERT INTO proposer (numtype, numresort) VALUES (5, 31) ON CONFLICT DO NOTHING;
INSERT INTO chambre (idchambre, numtype, numchambre, etat) VALUES (nextval('chambre_idchambre_seq'), 5, 7, 'Maintenance');
INSERT INTO proposer (numtype, numresort) VALUES (5, 31) ON CONFLICT DO NOTHING;
INSERT INTO chambre (idchambre, numtype, numchambre, etat) VALUES (nextval('chambre_idchambre_seq'), 5, 8, 'Disponible');
INSERT INTO proposer (numtype, numresort) VALUES (5, 31) ON CONFLICT DO NOTHING;
INSERT INTO chambre (idchambre, numtype, numchambre, etat) VALUES (nextval('chambre_idchambre_seq'), 5, 9, 'Maintenance');
INSERT INTO proposer (numtype, numresort) VALUES (5, 31) ON CONFLICT DO NOTHING;
INSERT INTO chambre (idchambre, numtype, numchambre, etat) VALUES (nextval('chambre_idchambre_seq'), 5, 10, 'Maintenance');
INSERT INTO proposer (numtype, numresort) VALUES (5, 31) ON CONFLICT DO NOTHING;
INSERT INTO chambre (idchambre, numtype, numchambre, etat) VALUES (nextval('chambre_idchambre_seq'), 5, 11, 'Disponible');
INSERT INTO proposer (numtype, numresort) VALUES (5, 31) ON CONFLICT DO NOTHING;
INSERT INTO chambre (idchambre, numtype, numchambre, etat) VALUES (nextval('chambre_idchambre_seq'), 5, 12, 'Maintenance');
INSERT INTO proposer (numtype, numresort) VALUES (5, 31) ON CONFLICT DO NOTHING;
INSERT INTO chambre (idchambre, numtype, numchambre, etat) VALUES (nextval('chambre_idchambre_seq'), 1, 1, 'Maintenance');
INSERT INTO proposer (numtype, numresort) VALUES (1, 31) ON CONFLICT DO NOTHING;
INSERT INTO chambre (idchambre, numtype, numchambre, etat) VALUES (nextval('chambre_idchambre_seq'), 1, 2, 'Occupée');
INSERT INTO proposer (numtype, numresort) VALUES (1, 31) ON CONFLICT DO NOTHING;
INSERT INTO chambre (idchambre, numtype, numchambre, etat) VALUES (nextval('chambre_idchambre_seq'), 1, 3, 'Maintenance');
INSERT INTO proposer (numtype, numresort) VALUES (1, 31) ON CONFLICT DO NOTHING;
INSERT INTO chambre (idchambre, numtype, numchambre, etat) VALUES (nextval('chambre_idchambre_seq'), 1, 4, 'Disponible');
INSERT INTO proposer (numtype, numresort) VALUES (1, 31) ON CONFLICT DO NOTHING;
INSERT INTO chambre (idchambre, numtype, numchambre, etat) VALUES (nextval('chambre_idchambre_seq'), 1, 5, 'Occupée');
INSERT INTO proposer (numtype, numresort) VALUES (1, 31) ON CONFLICT DO NOTHING;
INSERT INTO chambre (idchambre, numtype, numchambre, etat) VALUES (nextval('chambre_idchambre_seq'), 1, 1, 'Disponible');
INSERT INTO proposer (numtype, numresort) VALUES (1, 32) ON CONFLICT DO NOTHING;
INSERT INTO chambre (idchambre, numtype, numchambre, etat) VALUES (nextval('chambre_idchambre_seq'), 1, 2, 'Maintenance');
INSERT INTO proposer (numtype, numresort) VALUES (1, 32) ON CONFLICT DO NOTHING;
INSERT INTO chambre (idchambre, numtype, numchambre, etat) VALUES (nextval('chambre_idchambre_seq'), 1, 3, 'Occupée');
INSERT INTO proposer (numtype, numresort) VALUES (1, 32) ON CONFLICT DO NOTHING;
INSERT INTO chambre (idchambre, numtype, numchambre, etat) VALUES (nextval('chambre_idchambre_seq'), 1, 4, 'Disponible');
INSERT INTO proposer (numtype, numresort) VALUES (1, 32) ON CONFLICT DO NOTHING;
INSERT INTO chambre (idchambre, numtype, numchambre, etat) VALUES (nextval('chambre_idchambre_seq'), 1, 5, 'Occupée');
INSERT INTO proposer (numtype, numresort) VALUES (1, 32) ON CONFLICT DO NOTHING;
INSERT INTO chambre (idchambre, numtype, numchambre, etat) VALUES (nextval('chambre_idchambre_seq'), 1, 6, 'Maintenance');
INSERT INTO proposer (numtype, numresort) VALUES (1, 32) ON CONFLICT DO NOTHING;
INSERT INTO chambre (idchambre, numtype, numchambre, etat) VALUES (nextval('chambre_idchambre_seq'), 1, 7, 'Disponible');
INSERT INTO proposer (numtype, numresort) VALUES (1, 32) ON CONFLICT DO NOTHING;
INSERT INTO chambre (idchambre, numtype, numchambre, etat) VALUES (nextval('chambre_idchambre_seq'), 1, 8, 'Maintenance');
INSERT INTO proposer (numtype, numresort) VALUES (1, 32) ON CONFLICT DO NOTHING;
INSERT INTO chambre (idchambre, numtype, numchambre, etat) VALUES (nextval('chambre_idchambre_seq'), 1, 9, 'Occupée');
INSERT INTO proposer (numtype, numresort) VALUES (1, 32) ON CONFLICT DO NOTHING;
INSERT INTO chambre (idchambre, numtype, numchambre, etat) VALUES (nextval('chambre_idchambre_seq'), 1, 10, 'Occupée');
INSERT INTO proposer (numtype, numresort) VALUES (1, 32) ON CONFLICT DO NOTHING;
INSERT INTO chambre (idchambre, numtype, numchambre, etat) VALUES (nextval('chambre_idchambre_seq'), 1, 11, 'Disponible');
INSERT INTO proposer (numtype, numresort) VALUES (1, 32) ON CONFLICT DO NOTHING;
INSERT INTO chambre (idchambre, numtype, numchambre, etat) VALUES (nextval('chambre_idchambre_seq'), 1, 12, 'Occupée');
INSERT INTO proposer (numtype, numresort) VALUES (1, 32) ON CONFLICT DO NOTHING;
INSERT INTO chambre (idchambre, numtype, numchambre, etat) VALUES (nextval('chambre_idchambre_seq'), 1, 13, 'Maintenance');
INSERT INTO proposer (numtype, numresort) VALUES (1, 32) ON CONFLICT DO NOTHING;
INSERT INTO chambre (idchambre, numtype, numchambre, etat) VALUES (nextval('chambre_idchambre_seq'), 1, 14, 'Occupée');
INSERT INTO proposer (numtype, numresort) VALUES (1, 32) ON CONFLICT DO NOTHING;
INSERT INTO chambre (idchambre, numtype, numchambre, etat) VALUES (nextval('chambre_idchambre_seq'), 1, 15, 'Maintenance');
INSERT INTO proposer (numtype, numresort) VALUES (1, 32) ON CONFLICT DO NOTHING;
INSERT INTO chambre (idchambre, numtype, numchambre, etat) VALUES (nextval('chambre_idchambre_seq'), 1, 16, 'Occupée');
INSERT INTO proposer (numtype, numresort) VALUES (1, 32) ON CONFLICT DO NOTHING;
INSERT INTO chambre (idchambre, numtype, numchambre, etat) VALUES (nextval('chambre_idchambre_seq'), 1, 17, 'Maintenance');
INSERT INTO proposer (numtype, numresort) VALUES (1, 32) ON CONFLICT DO NOTHING;
INSERT INTO chambre (idchambre, numtype, numchambre, etat) VALUES (nextval('chambre_idchambre_seq'), 1, 18, 'Maintenance');
INSERT INTO proposer (numtype, numresort) VALUES (1, 32) ON CONFLICT DO NOTHING;
INSERT INTO chambre (idchambre, numtype, numchambre, etat) VALUES (nextval('chambre_idchambre_seq'), 1, 19, 'Maintenance');
INSERT INTO proposer (numtype, numresort) VALUES (1, 32) ON CONFLICT DO NOTHING;
INSERT INTO chambre (idchambre, numtype, numchambre, etat) VALUES (nextval('chambre_idchambre_seq'), 1, 20, 'Occupée');
INSERT INTO proposer (numtype, numresort) VALUES (1, 32) ON CONFLICT DO NOTHING;
INSERT INTO chambre (idchambre, numtype, numchambre, etat) VALUES (nextval('chambre_idchambre_seq'), 4, 1, 'Occupée');
INSERT INTO proposer (numtype, numresort) VALUES (4, 32) ON CONFLICT DO NOTHING;
INSERT INTO chambre (idchambre, numtype, numchambre, etat) VALUES (nextval('chambre_idchambre_seq'), 4, 2, 'Maintenance');
INSERT INTO proposer (numtype, numresort) VALUES (4, 32) ON CONFLICT DO NOTHING;
INSERT INTO chambre (idchambre, numtype, numchambre, etat) VALUES (nextval('chambre_idchambre_seq'), 4, 3, 'Maintenance');
INSERT INTO proposer (numtype, numresort) VALUES (4, 32) ON CONFLICT DO NOTHING;
INSERT INTO chambre (idchambre, numtype, numchambre, etat) VALUES (nextval('chambre_idchambre_seq'), 4, 4, 'Maintenance');
INSERT INTO proposer (numtype, numresort) VALUES (4, 32) ON CONFLICT DO NOTHING;
INSERT INTO chambre (idchambre, numtype, numchambre, etat) VALUES (nextval('chambre_idchambre_seq'), 4, 5, 'Maintenance');
INSERT INTO proposer (numtype, numresort) VALUES (4, 32) ON CONFLICT DO NOTHING;
INSERT INTO chambre (idchambre, numtype, numchambre, etat) VALUES (nextval('chambre_idchambre_seq'), 4, 6, 'Disponible');
INSERT INTO proposer (numtype, numresort) VALUES (4, 32) ON CONFLICT DO NOTHING;
INSERT INTO chambre (idchambre, numtype, numchambre, etat) VALUES (nextval('chambre_idchambre_seq'), 3, 1, 'Disponible');
INSERT INTO proposer (numtype, numresort) VALUES (3, 32) ON CONFLICT DO NOTHING;
INSERT INTO chambre (idchambre, numtype, numchambre, etat) VALUES (nextval('chambre_idchambre_seq'), 3, 2, 'Maintenance');
INSERT INTO proposer (numtype, numresort) VALUES (3, 32) ON CONFLICT DO NOTHING;
INSERT INTO chambre (idchambre, numtype, numchambre, etat) VALUES (nextval('chambre_idchambre_seq'), 3, 3, 'Maintenance');
INSERT INTO proposer (numtype, numresort) VALUES (3, 32) ON CONFLICT DO NOTHING;
INSERT INTO chambre (idchambre, numtype, numchambre, etat) VALUES (nextval('chambre_idchambre_seq'), 3, 4, 'Occupée');
INSERT INTO proposer (numtype, numresort) VALUES (3, 32) ON CONFLICT DO NOTHING;
INSERT INTO chambre (idchambre, numtype, numchambre, etat) VALUES (nextval('chambre_idchambre_seq'), 3, 5, 'Disponible');
INSERT INTO proposer (numtype, numresort) VALUES (3, 32) ON CONFLICT DO NOTHING;
INSERT INTO chambre (idchambre, numtype, numchambre, etat) VALUES (nextval('chambre_idchambre_seq'), 3, 6, 'Maintenance');
INSERT INTO proposer (numtype, numresort) VALUES (3, 32) ON CONFLICT DO NOTHING;
INSERT INTO chambre (idchambre, numtype, numchambre, etat) VALUES (nextval('chambre_idchambre_seq'), 3, 7, 'Maintenance');
INSERT INTO proposer (numtype, numresort) VALUES (3, 32) ON CONFLICT DO NOTHING;
INSERT INTO chambre (idchambre, numtype, numchambre, etat) VALUES (nextval('chambre_idchambre_seq'), 3, 8, 'Disponible');
INSERT INTO proposer (numtype, numresort) VALUES (3, 32) ON CONFLICT DO NOTHING;
INSERT INTO chambre (idchambre, numtype, numchambre, etat) VALUES (nextval('chambre_idchambre_seq'), 4, 1, 'Disponible');
INSERT INTO proposer (numtype, numresort) VALUES (4, 33) ON CONFLICT DO NOTHING;
INSERT INTO chambre (idchambre, numtype, numchambre, etat) VALUES (nextval('chambre_idchambre_seq'), 4, 2, 'Occupée');
INSERT INTO proposer (numtype, numresort) VALUES (4, 33) ON CONFLICT DO NOTHING;
INSERT INTO chambre (idchambre, numtype, numchambre, etat) VALUES (nextval('chambre_idchambre_seq'), 4, 3, 'Disponible');
INSERT INTO proposer (numtype, numresort) VALUES (4, 33) ON CONFLICT DO NOTHING;
INSERT INTO chambre (idchambre, numtype, numchambre, etat) VALUES (nextval('chambre_idchambre_seq'), 4, 4, 'Maintenance');
INSERT INTO proposer (numtype, numresort) VALUES (4, 33) ON CONFLICT DO NOTHING;
INSERT INTO chambre (idchambre, numtype, numchambre, etat) VALUES (nextval('chambre_idchambre_seq'), 4, 5, 'Maintenance');
INSERT INTO proposer (numtype, numresort) VALUES (4, 33) ON CONFLICT DO NOTHING;
INSERT INTO chambre (idchambre, numtype, numchambre, etat) VALUES (nextval('chambre_idchambre_seq'), 3, 1, 'Occupée');
INSERT INTO proposer (numtype, numresort) VALUES (3, 33) ON CONFLICT DO NOTHING;
INSERT INTO chambre (idchambre, numtype, numchambre, etat) VALUES (nextval('chambre_idchambre_seq'), 3, 2, 'Occupée');
INSERT INTO proposer (numtype, numresort) VALUES (3, 33) ON CONFLICT DO NOTHING;
INSERT INTO chambre (idchambre, numtype, numchambre, etat) VALUES (nextval('chambre_idchambre_seq'), 3, 3, 'Occupée');
INSERT INTO proposer (numtype, numresort) VALUES (3, 33) ON CONFLICT DO NOTHING;
INSERT INTO chambre (idchambre, numtype, numchambre, etat) VALUES (nextval('chambre_idchambre_seq'), 3, 4, 'Occupée');
INSERT INTO proposer (numtype, numresort) VALUES (3, 33) ON CONFLICT DO NOTHING;
INSERT INTO chambre (idchambre, numtype, numchambre, etat) VALUES (nextval('chambre_idchambre_seq'), 3, 5, 'Maintenance');
INSERT INTO proposer (numtype, numresort) VALUES (3, 33) ON CONFLICT DO NOTHING;
INSERT INTO chambre (idchambre, numtype, numchambre, etat) VALUES (nextval('chambre_idchambre_seq'), 3, 6, 'Maintenance');
INSERT INTO proposer (numtype, numresort) VALUES (3, 33) ON CONFLICT DO NOTHING;
INSERT INTO chambre (idchambre, numtype, numchambre, etat) VALUES (nextval('chambre_idchambre_seq'), 3, 7, 'Maintenance');
INSERT INTO proposer (numtype, numresort) VALUES (3, 33) ON CONFLICT DO NOTHING;
INSERT INTO chambre (idchambre, numtype, numchambre, etat) VALUES (nextval('chambre_idchambre_seq'), 3, 8, 'Maintenance');
INSERT INTO proposer (numtype, numresort) VALUES (3, 33) ON CONFLICT DO NOTHING;
INSERT INTO chambre (idchambre, numtype, numchambre, etat) VALUES (nextval('chambre_idchambre_seq'), 3, 9, 'Disponible');
INSERT INTO proposer (numtype, numresort) VALUES (3, 33) ON CONFLICT DO NOTHING;
INSERT INTO chambre (idchambre, numtype, numchambre, etat) VALUES (nextval('chambre_idchambre_seq'), 3, 10, 'Occupée');
INSERT INTO proposer (numtype, numresort) VALUES (3, 33) ON CONFLICT DO NOTHING;
INSERT INTO chambre (idchambre, numtype, numchambre, etat) VALUES (nextval('chambre_idchambre_seq'), 3, 11, 'Disponible');
INSERT INTO proposer (numtype, numresort) VALUES (3, 33) ON CONFLICT DO NOTHING;
INSERT INTO chambre (idchambre, numtype, numchambre, etat) VALUES (nextval('chambre_idchambre_seq'), 3, 12, 'Occupée');
INSERT INTO proposer (numtype, numresort) VALUES (3, 33) ON CONFLICT DO NOTHING;
INSERT INTO chambre (idchambre, numtype, numchambre, etat) VALUES (nextval('chambre_idchambre_seq'), 2, 1, 'Occupée');
INSERT INTO proposer (numtype, numresort) VALUES (2, 33) ON CONFLICT DO NOTHING;
INSERT INTO chambre (idchambre, numtype, numchambre, etat) VALUES (nextval('chambre_idchambre_seq'), 2, 2, 'Occupée');
INSERT INTO proposer (numtype, numresort) VALUES (2, 33) ON CONFLICT DO NOTHING;
INSERT INTO chambre (idchambre, numtype, numchambre, etat) VALUES (nextval('chambre_idchambre_seq'), 2, 3, 'Disponible');
INSERT INTO proposer (numtype, numresort) VALUES (2, 33) ON CONFLICT DO NOTHING;
INSERT INTO chambre (idchambre, numtype, numchambre, etat) VALUES (nextval('chambre_idchambre_seq'), 2, 4, 'Disponible');
INSERT INTO proposer (numtype, numresort) VALUES (2, 33) ON CONFLICT DO NOTHING;
INSERT INTO chambre (idchambre, numtype, numchambre, etat) VALUES (nextval('chambre_idchambre_seq'), 2, 5, 'Maintenance');
INSERT INTO proposer (numtype, numresort) VALUES (2, 33) ON CONFLICT DO NOTHING;
INSERT INTO chambre (idchambre, numtype, numchambre, etat) VALUES (nextval('chambre_idchambre_seq'), 2, 6, 'Disponible');
INSERT INTO proposer (numtype, numresort) VALUES (2, 33) ON CONFLICT DO NOTHING;
INSERT INTO chambre (idchambre, numtype, numchambre, etat) VALUES (nextval('chambre_idchambre_seq'), 2, 7, 'Occupée');
INSERT INTO proposer (numtype, numresort) VALUES (2, 33) ON CONFLICT DO NOTHING;
INSERT INTO chambre (idchambre, numtype, numchambre, etat) VALUES (nextval('chambre_idchambre_seq'), 2, 8, 'Occupée');
INSERT INTO proposer (numtype, numresort) VALUES (2, 33) ON CONFLICT DO NOTHING;
INSERT INTO chambre (idchambre, numtype, numchambre, etat) VALUES (nextval('chambre_idchambre_seq'), 1, 1, 'Occupée');
INSERT INTO proposer (numtype, numresort) VALUES (1, 33) ON CONFLICT DO NOTHING;
INSERT INTO chambre (idchambre, numtype, numchambre, etat) VALUES (nextval('chambre_idchambre_seq'), 1, 2, 'Disponible');
INSERT INTO proposer (numtype, numresort) VALUES (1, 33) ON CONFLICT DO NOTHING;
INSERT INTO chambre (idchambre, numtype, numchambre, etat) VALUES (nextval('chambre_idchambre_seq'), 1, 3, 'Maintenance');
INSERT INTO proposer (numtype, numresort) VALUES (1, 33) ON CONFLICT DO NOTHING;
INSERT INTO chambre (idchambre, numtype, numchambre, etat) VALUES (nextval('chambre_idchambre_seq'), 1, 4, 'Occupée');
INSERT INTO proposer (numtype, numresort) VALUES (1, 33) ON CONFLICT DO NOTHING;
INSERT INTO chambre (idchambre, numtype, numchambre, etat) VALUES (nextval('chambre_idchambre_seq'), 1, 5, 'Occupée');
INSERT INTO proposer (numtype, numresort) VALUES (1, 33) ON CONFLICT DO NOTHING;
INSERT INTO chambre (idchambre, numtype, numchambre, etat) VALUES (nextval('chambre_idchambre_seq'), 1, 6, 'Occupée');
INSERT INTO proposer (numtype, numresort) VALUES (1, 33) ON CONFLICT DO NOTHING;
INSERT INTO chambre (idchambre, numtype, numchambre, etat) VALUES (nextval('chambre_idchambre_seq'), 1, 7, 'Disponible');
INSERT INTO proposer (numtype, numresort) VALUES (1, 33) ON CONFLICT DO NOTHING;
INSERT INTO chambre (idchambre, numtype, numchambre, etat) VALUES (nextval('chambre_idchambre_seq'), 1, 8, 'Occupée');
INSERT INTO proposer (numtype, numresort) VALUES (1, 33) ON CONFLICT DO NOTHING;
INSERT INTO chambre (idchambre, numtype, numchambre, etat) VALUES (nextval('chambre_idchambre_seq'), 1, 9, 'Maintenance');
INSERT INTO proposer (numtype, numresort) VALUES (1, 33) ON CONFLICT DO NOTHING;
INSERT INTO chambre (idchambre, numtype, numchambre, etat) VALUES (nextval('chambre_idchambre_seq'), 1, 10, 'Maintenance');
INSERT INTO proposer (numtype, numresort) VALUES (1, 33) ON CONFLICT DO NOTHING;
INSERT INTO chambre (idchambre, numtype, numchambre, etat) VALUES (nextval('chambre_idchambre_seq'), 1, 11, 'Occupée');
INSERT INTO proposer (numtype, numresort) VALUES (1, 33) ON CONFLICT DO NOTHING;
INSERT INTO chambre (idchambre, numtype, numchambre, etat) VALUES (nextval('chambre_idchambre_seq'), 1, 12, 'Occupée');
INSERT INTO proposer (numtype, numresort) VALUES (1, 33) ON CONFLICT DO NOTHING;
INSERT INTO chambre (idchambre, numtype, numchambre, etat) VALUES (nextval('chambre_idchambre_seq'), 1, 13, 'Disponible');
INSERT INTO proposer (numtype, numresort) VALUES (1, 33) ON CONFLICT DO NOTHING;
INSERT INTO chambre (idchambre, numtype, numchambre, etat) VALUES (nextval('chambre_idchambre_seq'), 1, 14, 'Occupée');
INSERT INTO proposer (numtype, numresort) VALUES (1, 33) ON CONFLICT DO NOTHING;
INSERT INTO chambre (idchambre, numtype, numchambre, etat) VALUES (nextval('chambre_idchambre_seq'), 1, 15, 'Disponible');
INSERT INTO proposer (numtype, numresort) VALUES (1, 33) ON CONFLICT DO NOTHING;
INSERT INTO chambre (idchambre, numtype, numchambre, etat) VALUES (nextval('chambre_idchambre_seq'), 1, 1, 'Maintenance');
INSERT INTO proposer (numtype, numresort) VALUES (1, 34) ON CONFLICT DO NOTHING;
INSERT INTO chambre (idchambre, numtype, numchambre, etat) VALUES (nextval('chambre_idchambre_seq'), 1, 2, 'Disponible');
INSERT INTO proposer (numtype, numresort) VALUES (1, 34) ON CONFLICT DO NOTHING;
INSERT INTO chambre (idchambre, numtype, numchambre, etat) VALUES (nextval('chambre_idchambre_seq'), 1, 3, 'Maintenance');
INSERT INTO proposer (numtype, numresort) VALUES (1, 34) ON CONFLICT DO NOTHING;
INSERT INTO chambre (idchambre, numtype, numchambre, etat) VALUES (nextval('chambre_idchambre_seq'), 1, 4, 'Disponible');
INSERT INTO proposer (numtype, numresort) VALUES (1, 34) ON CONFLICT DO NOTHING;
INSERT INTO chambre (idchambre, numtype, numchambre, etat) VALUES (nextval('chambre_idchambre_seq'), 1, 5, 'Maintenance');
INSERT INTO proposer (numtype, numresort) VALUES (1, 34) ON CONFLICT DO NOTHING;
INSERT INTO chambre (idchambre, numtype, numchambre, etat) VALUES (nextval('chambre_idchambre_seq'), 1, 6, 'Disponible');
INSERT INTO proposer (numtype, numresort) VALUES (1, 34) ON CONFLICT DO NOTHING;
INSERT INTO chambre (idchambre, numtype, numchambre, etat) VALUES (nextval('chambre_idchambre_seq'), 1, 7, 'Occupée');
INSERT INTO proposer (numtype, numresort) VALUES (1, 34) ON CONFLICT DO NOTHING;
INSERT INTO chambre (idchambre, numtype, numchambre, etat) VALUES (nextval('chambre_idchambre_seq'), 1, 8, 'Maintenance');
INSERT INTO proposer (numtype, numresort) VALUES (1, 34) ON CONFLICT DO NOTHING;
INSERT INTO chambre (idchambre, numtype, numchambre, etat) VALUES (nextval('chambre_idchambre_seq'), 1, 9, 'Occupée');
INSERT INTO proposer (numtype, numresort) VALUES (1, 34) ON CONFLICT DO NOTHING;
INSERT INTO chambre (idchambre, numtype, numchambre, etat) VALUES (nextval('chambre_idchambre_seq'), 1, 10, 'Occupée');
INSERT INTO proposer (numtype, numresort) VALUES (1, 34) ON CONFLICT DO NOTHING;
INSERT INTO chambre (idchambre, numtype, numchambre, etat) VALUES (nextval('chambre_idchambre_seq'), 5, 1, 'Occupée');
INSERT INTO proposer (numtype, numresort) VALUES (5, 34) ON CONFLICT DO NOTHING;
INSERT INTO chambre (idchambre, numtype, numchambre, etat) VALUES (nextval('chambre_idchambre_seq'), 5, 2, 'Maintenance');
INSERT INTO proposer (numtype, numresort) VALUES (5, 34) ON CONFLICT DO NOTHING;
INSERT INTO chambre (idchambre, numtype, numchambre, etat) VALUES (nextval('chambre_idchambre_seq'), 5, 3, 'Disponible');
INSERT INTO proposer (numtype, numresort) VALUES (5, 34) ON CONFLICT DO NOTHING;
INSERT INTO chambre (idchambre, numtype, numchambre, etat) VALUES (nextval('chambre_idchambre_seq'), 5, 4, 'Disponible');
INSERT INTO proposer (numtype, numresort) VALUES (5, 34) ON CONFLICT DO NOTHING;
INSERT INTO chambre (idchambre, numtype, numchambre, etat) VALUES (nextval('chambre_idchambre_seq'), 5, 5, 'Maintenance');
INSERT INTO proposer (numtype, numresort) VALUES (5, 34) ON CONFLICT DO NOTHING;
INSERT INTO chambre (idchambre, numtype, numchambre, etat) VALUES (nextval('chambre_idchambre_seq'), 5, 6, 'Maintenance');
INSERT INTO proposer (numtype, numresort) VALUES (5, 34) ON CONFLICT DO NOTHING;
INSERT INTO chambre (idchambre, numtype, numchambre, etat) VALUES (nextval('chambre_idchambre_seq'), 5, 7, 'Occupée');
INSERT INTO proposer (numtype, numresort) VALUES (5, 34) ON CONFLICT DO NOTHING;
INSERT INTO chambre (idchambre, numtype, numchambre, etat) VALUES (nextval('chambre_idchambre_seq'), 5, 8, 'Occupée');
INSERT INTO proposer (numtype, numresort) VALUES (5, 34) ON CONFLICT DO NOTHING;
INSERT INTO chambre (idchambre, numtype, numchambre, etat) VALUES (nextval('chambre_idchambre_seq'), 5, 9, 'Disponible');
INSERT INTO proposer (numtype, numresort) VALUES (5, 34) ON CONFLICT DO NOTHING;
INSERT INTO chambre (idchambre, numtype, numchambre, etat) VALUES (nextval('chambre_idchambre_seq'), 5, 10, 'Maintenance');
INSERT INTO proposer (numtype, numresort) VALUES (5, 34) ON CONFLICT DO NOTHING;
INSERT INTO chambre (idchambre, numtype, numchambre, etat) VALUES (nextval('chambre_idchambre_seq'), 5, 11, 'Maintenance');
INSERT INTO proposer (numtype, numresort) VALUES (5, 34) ON CONFLICT DO NOTHING;
INSERT INTO chambre (idchambre, numtype, numchambre, etat) VALUES (nextval('chambre_idchambre_seq'), 5, 12, 'Disponible');
INSERT INTO proposer (numtype, numresort) VALUES (5, 34) ON CONFLICT DO NOTHING;
INSERT INTO chambre (idchambre, numtype, numchambre, etat) VALUES (nextval('chambre_idchambre_seq'), 2, 1, 'Maintenance');
INSERT INTO proposer (numtype, numresort) VALUES (2, 34) ON CONFLICT DO NOTHING;
INSERT INTO chambre (idchambre, numtype, numchambre, etat) VALUES (nextval('chambre_idchambre_seq'), 2, 2, 'Occupée');
INSERT INTO proposer (numtype, numresort) VALUES (2, 34) ON CONFLICT DO NOTHING;
INSERT INTO chambre (idchambre, numtype, numchambre, etat) VALUES (nextval('chambre_idchambre_seq'), 2, 3, 'Occupée');
INSERT INTO proposer (numtype, numresort) VALUES (2, 34) ON CONFLICT DO NOTHING;
INSERT INTO chambre (idchambre, numtype, numchambre, etat) VALUES (nextval('chambre_idchambre_seq'), 2, 4, 'Disponible');
INSERT INTO proposer (numtype, numresort) VALUES (2, 34) ON CONFLICT DO NOTHING;
INSERT INTO chambre (idchambre, numtype, numchambre, etat) VALUES (nextval('chambre_idchambre_seq'), 2, 5, 'Maintenance');
INSERT INTO proposer (numtype, numresort) VALUES (2, 34) ON CONFLICT DO NOTHING;
INSERT INTO chambre (idchambre, numtype, numchambre, etat) VALUES (nextval('chambre_idchambre_seq'), 2, 6, 'Disponible');
INSERT INTO proposer (numtype, numresort) VALUES (2, 34) ON CONFLICT DO NOTHING;
INSERT INTO chambre (idchambre, numtype, numchambre, etat) VALUES (nextval('chambre_idchambre_seq'), 2, 7, 'Disponible');
INSERT INTO proposer (numtype, numresort) VALUES (2, 34) ON CONFLICT DO NOTHING;
INSERT INTO chambre (idchambre, numtype, numchambre, etat) VALUES (nextval('chambre_idchambre_seq'), 2, 8, 'Occupée');
INSERT INTO proposer (numtype, numresort) VALUES (2, 34) ON CONFLICT DO NOTHING;
INSERT INTO chambre (idchambre, numtype, numchambre, etat) VALUES (nextval('chambre_idchambre_seq'), 2, 9, 'Maintenance');
INSERT INTO proposer (numtype, numresort) VALUES (2, 34) ON CONFLICT DO NOTHING;
INSERT INTO chambre (idchambre, numtype, numchambre, etat) VALUES (nextval('chambre_idchambre_seq'), 2, 10, 'Disponible');
INSERT INTO proposer (numtype, numresort) VALUES (2, 34) ON CONFLICT DO NOTHING;
INSERT INTO chambre (idchambre, numtype, numchambre, etat) VALUES (nextval('chambre_idchambre_seq'), 2, 11, 'Maintenance');
INSERT INTO proposer (numtype, numresort) VALUES (2, 34) ON CONFLICT DO NOTHING;
INSERT INTO chambre (idchambre, numtype, numchambre, etat) VALUES (nextval('chambre_idchambre_seq'), 2, 12, 'Disponible');
INSERT INTO proposer (numtype, numresort) VALUES (2, 34) ON CONFLICT DO NOTHING;
INSERT INTO chambre (idchambre, numtype, numchambre, etat) VALUES (nextval('chambre_idchambre_seq'), 2, 13, 'Maintenance');
INSERT INTO proposer (numtype, numresort) VALUES (2, 34) ON CONFLICT DO NOTHING;
INSERT INTO chambre (idchambre, numtype, numchambre, etat) VALUES (nextval('chambre_idchambre_seq'), 2, 14, 'Disponible');
INSERT INTO proposer (numtype, numresort) VALUES (2, 34) ON CONFLICT DO NOTHING;
INSERT INTO chambre (idchambre, numtype, numchambre, etat) VALUES (nextval('chambre_idchambre_seq'), 2, 15, 'Occupée');
INSERT INTO proposer (numtype, numresort) VALUES (2, 34) ON CONFLICT DO NOTHING;
INSERT INTO chambre (idchambre, numtype, numchambre, etat) VALUES (nextval('chambre_idchambre_seq'), 2, 16, 'Occupée');
INSERT INTO proposer (numtype, numresort) VALUES (2, 34) ON CONFLICT DO NOTHING;
INSERT INTO chambre (idchambre, numtype, numchambre, etat) VALUES (nextval('chambre_idchambre_seq'), 2, 17, 'Disponible');
INSERT INTO proposer (numtype, numresort) VALUES (2, 34) ON CONFLICT DO NOTHING;
INSERT INTO chambre (idchambre, numtype, numchambre, etat) VALUES (nextval('chambre_idchambre_seq'), 2, 18, 'Occupée');
INSERT INTO proposer (numtype, numresort) VALUES (2, 34) ON CONFLICT DO NOTHING;
INSERT INTO chambre (idchambre, numtype, numchambre, etat) VALUES (nextval('chambre_idchambre_seq'), 2, 19, 'Disponible');
INSERT INTO proposer (numtype, numresort) VALUES (2, 34) ON CONFLICT DO NOTHING;
INSERT INTO chambre (idchambre, numtype, numchambre, etat) VALUES (nextval('chambre_idchambre_seq'), 4, 1, 'Maintenance');
INSERT INTO proposer (numtype, numresort) VALUES (4, 34) ON CONFLICT DO NOTHING;
INSERT INTO chambre (idchambre, numtype, numchambre, etat) VALUES (nextval('chambre_idchambre_seq'), 4, 2, 'Occupée');
INSERT INTO proposer (numtype, numresort) VALUES (4, 34) ON CONFLICT DO NOTHING;
INSERT INTO chambre (idchambre, numtype, numchambre, etat) VALUES (nextval('chambre_idchambre_seq'), 4, 3, 'Maintenance');
INSERT INTO proposer (numtype, numresort) VALUES (4, 34) ON CONFLICT DO NOTHING;
INSERT INTO chambre (idchambre, numtype, numchambre, etat) VALUES (nextval('chambre_idchambre_seq'), 4, 4, 'Maintenance');
INSERT INTO proposer (numtype, numresort) VALUES (4, 34) ON CONFLICT DO NOTHING;
INSERT INTO chambre (idchambre, numtype, numchambre, etat) VALUES (nextval('chambre_idchambre_seq'), 4, 5, 'Occupée');
INSERT INTO proposer (numtype, numresort) VALUES (4, 34) ON CONFLICT DO NOTHING;
INSERT INTO chambre (idchambre, numtype, numchambre, etat) VALUES (nextval('chambre_idchambre_seq'), 4, 6, 'Maintenance');
INSERT INTO proposer (numtype, numresort) VALUES (4, 34) ON CONFLICT DO NOTHING;
INSERT INTO chambre (idchambre, numtype, numchambre, etat) VALUES (nextval('chambre_idchambre_seq'), 4, 7, 'Occupée');
INSERT INTO proposer (numtype, numresort) VALUES (4, 34) ON CONFLICT DO NOTHING;
INSERT INTO chambre (idchambre, numtype, numchambre, etat) VALUES (nextval('chambre_idchambre_seq'), 4, 8, 'Maintenance');
INSERT INTO proposer (numtype, numresort) VALUES (4, 34) ON CONFLICT DO NOTHING;
INSERT INTO chambre (idchambre, numtype, numchambre, etat) VALUES (nextval('chambre_idchambre_seq'), 4, 9, 'Occupée');
INSERT INTO proposer (numtype, numresort) VALUES (4, 34) ON CONFLICT DO NOTHING;
INSERT INTO chambre (idchambre, numtype, numchambre, etat) VALUES (nextval('chambre_idchambre_seq'), 4, 10, 'Maintenance');
INSERT INTO proposer (numtype, numresort) VALUES (4, 34) ON CONFLICT DO NOTHING;
INSERT INTO chambre (idchambre, numtype, numchambre, etat) VALUES (nextval('chambre_idchambre_seq'), 4, 11, 'Disponible');
INSERT INTO proposer (numtype, numresort) VALUES (4, 34) ON CONFLICT DO NOTHING;
INSERT INTO chambre (idchambre, numtype, numchambre, etat) VALUES (nextval('chambre_idchambre_seq'), 4, 12, 'Occupée');
INSERT INTO proposer (numtype, numresort) VALUES (4, 34) ON CONFLICT DO NOTHING;
INSERT INTO chambre (idchambre, numtype, numchambre, etat) VALUES (nextval('chambre_idchambre_seq'), 4, 13, 'Occupée');
INSERT INTO proposer (numtype, numresort) VALUES (4, 34) ON CONFLICT DO NOTHING;
INSERT INTO chambre (idchambre, numtype, numchambre, etat) VALUES (nextval('chambre_idchambre_seq'), 5, 1, 'Maintenance');
INSERT INTO proposer (numtype, numresort) VALUES (5, 35) ON CONFLICT DO NOTHING;
INSERT INTO chambre (idchambre, numtype, numchambre, etat) VALUES (nextval('chambre_idchambre_seq'), 5, 2, 'Maintenance');
INSERT INTO proposer (numtype, numresort) VALUES (5, 35) ON CONFLICT DO NOTHING;
INSERT INTO chambre (idchambre, numtype, numchambre, etat) VALUES (nextval('chambre_idchambre_seq'), 5, 3, 'Disponible');
INSERT INTO proposer (numtype, numresort) VALUES (5, 35) ON CONFLICT DO NOTHING;
INSERT INTO chambre (idchambre, numtype, numchambre, etat) VALUES (nextval('chambre_idchambre_seq'), 5, 4, 'Maintenance');
INSERT INTO proposer (numtype, numresort) VALUES (5, 35) ON CONFLICT DO NOTHING;
INSERT INTO chambre (idchambre, numtype, numchambre, etat) VALUES (nextval('chambre_idchambre_seq'), 5, 5, 'Disponible');
INSERT INTO proposer (numtype, numresort) VALUES (5, 35) ON CONFLICT DO NOTHING;
INSERT INTO chambre (idchambre, numtype, numchambre, etat) VALUES (nextval('chambre_idchambre_seq'), 5, 6, 'Occupée');
INSERT INTO proposer (numtype, numresort) VALUES (5, 35) ON CONFLICT DO NOTHING;
INSERT INTO chambre (idchambre, numtype, numchambre, etat) VALUES (nextval('chambre_idchambre_seq'), 5, 7, 'Disponible');
INSERT INTO proposer (numtype, numresort) VALUES (5, 35) ON CONFLICT DO NOTHING;
INSERT INTO chambre (idchambre, numtype, numchambre, etat) VALUES (nextval('chambre_idchambre_seq'), 5, 8, 'Disponible');
INSERT INTO proposer (numtype, numresort) VALUES (5, 35) ON CONFLICT DO NOTHING;
INSERT INTO chambre (idchambre, numtype, numchambre, etat) VALUES (nextval('chambre_idchambre_seq'), 5, 9, 'Occupée');
INSERT INTO proposer (numtype, numresort) VALUES (5, 35) ON CONFLICT DO NOTHING;
INSERT INTO chambre (idchambre, numtype, numchambre, etat) VALUES (nextval('chambre_idchambre_seq'), 5, 10, 'Disponible');
INSERT INTO proposer (numtype, numresort) VALUES (5, 35) ON CONFLICT DO NOTHING;
INSERT INTO chambre (idchambre, numtype, numchambre, etat) VALUES (nextval('chambre_idchambre_seq'), 5, 11, 'Disponible');
INSERT INTO proposer (numtype, numresort) VALUES (5, 35) ON CONFLICT DO NOTHING;
INSERT INTO chambre (idchambre, numtype, numchambre, etat) VALUES (nextval('chambre_idchambre_seq'), 5, 12, 'Occupée');
INSERT INTO proposer (numtype, numresort) VALUES (5, 35) ON CONFLICT DO NOTHING;
INSERT INTO chambre (idchambre, numtype, numchambre, etat) VALUES (nextval('chambre_idchambre_seq'), 5, 13, 'Maintenance');
INSERT INTO proposer (numtype, numresort) VALUES (5, 35) ON CONFLICT DO NOTHING;
INSERT INTO chambre (idchambre, numtype, numchambre, etat) VALUES (nextval('chambre_idchambre_seq'), 5, 14, 'Disponible');
INSERT INTO proposer (numtype, numresort) VALUES (5, 35) ON CONFLICT DO NOTHING;
INSERT INTO chambre (idchambre, numtype, numchambre, etat) VALUES (nextval('chambre_idchambre_seq'), 2, 1, 'Occupée');
INSERT INTO proposer (numtype, numresort) VALUES (2, 35) ON CONFLICT DO NOTHING;
INSERT INTO chambre (idchambre, numtype, numchambre, etat) VALUES (nextval('chambre_idchambre_seq'), 2, 2, 'Maintenance');
INSERT INTO proposer (numtype, numresort) VALUES (2, 35) ON CONFLICT DO NOTHING;
INSERT INTO chambre (idchambre, numtype, numchambre, etat) VALUES (nextval('chambre_idchambre_seq'), 2, 3, 'Disponible');
INSERT INTO proposer (numtype, numresort) VALUES (2, 35) ON CONFLICT DO NOTHING;
INSERT INTO chambre (idchambre, numtype, numchambre, etat) VALUES (nextval('chambre_idchambre_seq'), 2, 4, 'Maintenance');
INSERT INTO proposer (numtype, numresort) VALUES (2, 35) ON CONFLICT DO NOTHING;
INSERT INTO chambre (idchambre, numtype, numchambre, etat) VALUES (nextval('chambre_idchambre_seq'), 2, 5, 'Occupée');
INSERT INTO proposer (numtype, numresort) VALUES (2, 35) ON CONFLICT DO NOTHING;
INSERT INTO chambre (idchambre, numtype, numchambre, etat) VALUES (nextval('chambre_idchambre_seq'), 2, 6, 'Occupée');
INSERT INTO proposer (numtype, numresort) VALUES (2, 35) ON CONFLICT DO NOTHING;
INSERT INTO chambre (idchambre, numtype, numchambre, etat) VALUES (nextval('chambre_idchambre_seq'), 2, 7, 'Disponible');
INSERT INTO proposer (numtype, numresort) VALUES (2, 35) ON CONFLICT DO NOTHING;
INSERT INTO chambre (idchambre, numtype, numchambre, etat) VALUES (nextval('chambre_idchambre_seq'), 2, 8, 'Occupée');
INSERT INTO proposer (numtype, numresort) VALUES (2, 35) ON CONFLICT DO NOTHING;
INSERT INTO chambre (idchambre, numtype, numchambre, etat) VALUES (nextval('chambre_idchambre_seq'), 2, 9, 'Maintenance');
INSERT INTO proposer (numtype, numresort) VALUES (2, 35) ON CONFLICT DO NOTHING;
INSERT INTO chambre (idchambre, numtype, numchambre, etat) VALUES (nextval('chambre_idchambre_seq'), 2, 10, 'Maintenance');
INSERT INTO proposer (numtype, numresort) VALUES (2, 35) ON CONFLICT DO NOTHING;
INSERT INTO chambre (idchambre, numtype, numchambre, etat) VALUES (nextval('chambre_idchambre_seq'), 2, 11, 'Maintenance');
INSERT INTO proposer (numtype, numresort) VALUES (2, 35) ON CONFLICT DO NOTHING;
INSERT INTO chambre (idchambre, numtype, numchambre, etat) VALUES (nextval('chambre_idchambre_seq'), 2, 12, 'Maintenance');
INSERT INTO proposer (numtype, numresort) VALUES (2, 35) ON CONFLICT DO NOTHING;
INSERT INTO chambre (idchambre, numtype, numchambre, etat) VALUES (nextval('chambre_idchambre_seq'), 2, 13, 'Disponible');
INSERT INTO proposer (numtype, numresort) VALUES (2, 35) ON CONFLICT DO NOTHING;
INSERT INTO chambre (idchambre, numtype, numchambre, etat) VALUES (nextval('chambre_idchambre_seq'), 2, 14, 'Maintenance');
INSERT INTO proposer (numtype, numresort) VALUES (2, 35) ON CONFLICT DO NOTHING;
INSERT INTO chambre (idchambre, numtype, numchambre, etat) VALUES (nextval('chambre_idchambre_seq'), 2, 15, 'Disponible');
INSERT INTO proposer (numtype, numresort) VALUES (2, 35) ON CONFLICT DO NOTHING;
INSERT INTO chambre (idchambre, numtype, numchambre, etat) VALUES (nextval('chambre_idchambre_seq'), 2, 16, 'Occupée');
INSERT INTO proposer (numtype, numresort) VALUES (2, 35) ON CONFLICT DO NOTHING;
INSERT INTO chambre (idchambre, numtype, numchambre, etat) VALUES (nextval('chambre_idchambre_seq'), 2, 17, 'Occupée');
INSERT INTO proposer (numtype, numresort) VALUES (2, 35) ON CONFLICT DO NOTHING;
INSERT INTO chambre (idchambre, numtype, numchambre, etat) VALUES (nextval('chambre_idchambre_seq'), 3, 1, 'Disponible');
INSERT INTO proposer (numtype, numresort) VALUES (3, 35) ON CONFLICT DO NOTHING;
INSERT INTO chambre (idchambre, numtype, numchambre, etat) VALUES (nextval('chambre_idchambre_seq'), 3, 2, 'Occupée');
INSERT INTO proposer (numtype, numresort) VALUES (3, 35) ON CONFLICT DO NOTHING;
INSERT INTO chambre (idchambre, numtype, numchambre, etat) VALUES (nextval('chambre_idchambre_seq'), 3, 3, 'Occupée');
INSERT INTO proposer (numtype, numresort) VALUES (3, 35) ON CONFLICT DO NOTHING;
INSERT INTO chambre (idchambre, numtype, numchambre, etat) VALUES (nextval('chambre_idchambre_seq'), 3, 4, 'Maintenance');
INSERT INTO proposer (numtype, numresort) VALUES (3, 35) ON CONFLICT DO NOTHING;
INSERT INTO chambre (idchambre, numtype, numchambre, etat) VALUES (nextval('chambre_idchambre_seq'), 3, 5, 'Disponible');
INSERT INTO proposer (numtype, numresort) VALUES (3, 35) ON CONFLICT DO NOTHING;
INSERT INTO chambre (idchambre, numtype, numchambre, etat) VALUES (nextval('chambre_idchambre_seq'), 3, 6, 'Occupée');
INSERT INTO proposer (numtype, numresort) VALUES (3, 35) ON CONFLICT DO NOTHING;
INSERT INTO chambre (idchambre, numtype, numchambre, etat) VALUES (nextval('chambre_idchambre_seq'), 3, 7, 'Disponible');
INSERT INTO proposer (numtype, numresort) VALUES (3, 35) ON CONFLICT DO NOTHING;
INSERT INTO chambre (idchambre, numtype, numchambre, etat) VALUES (nextval('chambre_idchambre_seq'), 3, 8, 'Occupée');
INSERT INTO proposer (numtype, numresort) VALUES (3, 35) ON CONFLICT DO NOTHING;
INSERT INTO chambre (idchambre, numtype, numchambre, etat) VALUES (nextval('chambre_idchambre_seq'), 3, 9, 'Disponible');
INSERT INTO proposer (numtype, numresort) VALUES (3, 35) ON CONFLICT DO NOTHING;
INSERT INTO chambre (idchambre, numtype, numchambre, etat) VALUES (nextval('chambre_idchambre_seq'), 4, 1, 'Maintenance');
INSERT INTO proposer (numtype, numresort) VALUES (4, 36) ON CONFLICT DO NOTHING;
INSERT INTO chambre (idchambre, numtype, numchambre, etat) VALUES (nextval('chambre_idchambre_seq'), 4, 2, 'Occupée');
INSERT INTO proposer (numtype, numresort) VALUES (4, 36) ON CONFLICT DO NOTHING;
INSERT INTO chambre (idchambre, numtype, numchambre, etat) VALUES (nextval('chambre_idchambre_seq'), 4, 3, 'Occupée');
INSERT INTO proposer (numtype, numresort) VALUES (4, 36) ON CONFLICT DO NOTHING;
INSERT INTO chambre (idchambre, numtype, numchambre, etat) VALUES (nextval('chambre_idchambre_seq'), 4, 4, 'Maintenance');
INSERT INTO proposer (numtype, numresort) VALUES (4, 36) ON CONFLICT DO NOTHING;
INSERT INTO chambre (idchambre, numtype, numchambre, etat) VALUES (nextval('chambre_idchambre_seq'), 4, 5, 'Occupée');
INSERT INTO proposer (numtype, numresort) VALUES (4, 36) ON CONFLICT DO NOTHING;
INSERT INTO chambre (idchambre, numtype, numchambre, etat) VALUES (nextval('chambre_idchambre_seq'), 4, 6, 'Occupée');
INSERT INTO proposer (numtype, numresort) VALUES (4, 36) ON CONFLICT DO NOTHING;
INSERT INTO chambre (idchambre, numtype, numchambre, etat) VALUES (nextval('chambre_idchambre_seq'), 4, 7, 'Disponible');
INSERT INTO proposer (numtype, numresort) VALUES (4, 36) ON CONFLICT DO NOTHING;
INSERT INTO chambre (idchambre, numtype, numchambre, etat) VALUES (nextval('chambre_idchambre_seq'), 4, 8, 'Disponible');
INSERT INTO proposer (numtype, numresort) VALUES (4, 36) ON CONFLICT DO NOTHING;
INSERT INTO chambre (idchambre, numtype, numchambre, etat) VALUES (nextval('chambre_idchambre_seq'), 4, 9, 'Maintenance');
INSERT INTO proposer (numtype, numresort) VALUES (4, 36) ON CONFLICT DO NOTHING;
INSERT INTO chambre (idchambre, numtype, numchambre, etat) VALUES (nextval('chambre_idchambre_seq'), 4, 10, 'Disponible');
INSERT INTO proposer (numtype, numresort) VALUES (4, 36) ON CONFLICT DO NOTHING;
INSERT INTO chambre (idchambre, numtype, numchambre, etat) VALUES (nextval('chambre_idchambre_seq'), 4, 11, 'Disponible');
INSERT INTO proposer (numtype, numresort) VALUES (4, 36) ON CONFLICT DO NOTHING;
INSERT INTO chambre (idchambre, numtype, numchambre, etat) VALUES (nextval('chambre_idchambre_seq'), 4, 12, 'Occupée');
INSERT INTO proposer (numtype, numresort) VALUES (4, 36) ON CONFLICT DO NOTHING;
INSERT INTO chambre (idchambre, numtype, numchambre, etat) VALUES (nextval('chambre_idchambre_seq'), 4, 13, 'Disponible');
INSERT INTO proposer (numtype, numresort) VALUES (4, 36) ON CONFLICT DO NOTHING;
INSERT INTO chambre (idchambre, numtype, numchambre, etat) VALUES (nextval('chambre_idchambre_seq'), 4, 14, 'Occupée');
INSERT INTO proposer (numtype, numresort) VALUES (4, 36) ON CONFLICT DO NOTHING;
INSERT INTO chambre (idchambre, numtype, numchambre, etat) VALUES (nextval('chambre_idchambre_seq'), 4, 15, 'Disponible');
INSERT INTO proposer (numtype, numresort) VALUES (4, 36) ON CONFLICT DO NOTHING;
INSERT INTO chambre (idchambre, numtype, numchambre, etat) VALUES (nextval('chambre_idchambre_seq'), 4, 16, 'Maintenance');
INSERT INTO proposer (numtype, numresort) VALUES (4, 36) ON CONFLICT DO NOTHING;
INSERT INTO chambre (idchambre, numtype, numchambre, etat) VALUES (nextval('chambre_idchambre_seq'), 4, 17, 'Occupée');
INSERT INTO proposer (numtype, numresort) VALUES (4, 36) ON CONFLICT DO NOTHING;
INSERT INTO chambre (idchambre, numtype, numchambre, etat) VALUES (nextval('chambre_idchambre_seq'), 4, 18, 'Disponible');
INSERT INTO proposer (numtype, numresort) VALUES (4, 36) ON CONFLICT DO NOTHING;
INSERT INTO chambre (idchambre, numtype, numchambre, etat) VALUES (nextval('chambre_idchambre_seq'), 5, 1, 'Maintenance');
INSERT INTO proposer (numtype, numresort) VALUES (5, 36) ON CONFLICT DO NOTHING;
INSERT INTO chambre (idchambre, numtype, numchambre, etat) VALUES (nextval('chambre_idchambre_seq'), 5, 2, 'Maintenance');
INSERT INTO proposer (numtype, numresort) VALUES (5, 36) ON CONFLICT DO NOTHING;
INSERT INTO chambre (idchambre, numtype, numchambre, etat) VALUES (nextval('chambre_idchambre_seq'), 5, 3, 'Occupée');
INSERT INTO proposer (numtype, numresort) VALUES (5, 36) ON CONFLICT DO NOTHING;
INSERT INTO chambre (idchambre, numtype, numchambre, etat) VALUES (nextval('chambre_idchambre_seq'), 5, 4, 'Maintenance');
INSERT INTO proposer (numtype, numresort) VALUES (5, 36) ON CONFLICT DO NOTHING;
INSERT INTO chambre (idchambre, numtype, numchambre, etat) VALUES (nextval('chambre_idchambre_seq'), 5, 5, 'Maintenance');
INSERT INTO proposer (numtype, numresort) VALUES (5, 36) ON CONFLICT DO NOTHING;
INSERT INTO chambre (idchambre, numtype, numchambre, etat) VALUES (nextval('chambre_idchambre_seq'), 5, 6, 'Disponible');
INSERT INTO proposer (numtype, numresort) VALUES (5, 36) ON CONFLICT DO NOTHING;
INSERT INTO chambre (idchambre, numtype, numchambre, etat) VALUES (nextval('chambre_idchambre_seq'), 5, 7, 'Maintenance');
INSERT INTO proposer (numtype, numresort) VALUES (5, 36) ON CONFLICT DO NOTHING;
INSERT INTO chambre (idchambre, numtype, numchambre, etat) VALUES (nextval('chambre_idchambre_seq'), 5, 8, 'Disponible');
INSERT INTO proposer (numtype, numresort) VALUES (5, 36) ON CONFLICT DO NOTHING;
INSERT INTO chambre (idchambre, numtype, numchambre, etat) VALUES (nextval('chambre_idchambre_seq'), 5, 9, 'Occupée');
INSERT INTO proposer (numtype, numresort) VALUES (5, 36) ON CONFLICT DO NOTHING;
INSERT INTO chambre (idchambre, numtype, numchambre, etat) VALUES (nextval('chambre_idchambre_seq'), 5, 10, 'Maintenance');
INSERT INTO proposer (numtype, numresort) VALUES (5, 36) ON CONFLICT DO NOTHING;
INSERT INTO chambre (idchambre, numtype, numchambre, etat) VALUES (nextval('chambre_idchambre_seq'), 5, 11, 'Occupée');
INSERT INTO proposer (numtype, numresort) VALUES (5, 36) ON CONFLICT DO NOTHING;
INSERT INTO chambre (idchambre, numtype, numchambre, etat) VALUES (nextval('chambre_idchambre_seq'), 5, 12, 'Maintenance');
INSERT INTO proposer (numtype, numresort) VALUES (5, 36) ON CONFLICT DO NOTHING;
INSERT INTO chambre (idchambre, numtype, numchambre, etat) VALUES (nextval('chambre_idchambre_seq'), 5, 13, 'Disponible');
INSERT INTO proposer (numtype, numresort) VALUES (5, 36) ON CONFLICT DO NOTHING;
INSERT INTO chambre (idchambre, numtype, numchambre, etat) VALUES (nextval('chambre_idchambre_seq'), 5, 14, 'Maintenance');
INSERT INTO proposer (numtype, numresort) VALUES (5, 36) ON CONFLICT DO NOTHING;
INSERT INTO chambre (idchambre, numtype, numchambre, etat) VALUES (nextval('chambre_idchambre_seq'), 5, 15, 'Occupée');
INSERT INTO proposer (numtype, numresort) VALUES (5, 36) ON CONFLICT DO NOTHING;
INSERT INTO chambre (idchambre, numtype, numchambre, etat) VALUES (nextval('chambre_idchambre_seq'), 5, 16, 'Maintenance');
INSERT INTO proposer (numtype, numresort) VALUES (5, 36) ON CONFLICT DO NOTHING;
INSERT INTO chambre (idchambre, numtype, numchambre, etat) VALUES (nextval('chambre_idchambre_seq'), 5, 17, 'Disponible');
INSERT INTO proposer (numtype, numresort) VALUES (5, 36) ON CONFLICT DO NOTHING;
INSERT INTO chambre (idchambre, numtype, numchambre, etat) VALUES (nextval('chambre_idchambre_seq'), 5, 18, 'Occupée');
INSERT INTO proposer (numtype, numresort) VALUES (5, 36) ON CONFLICT DO NOTHING;
INSERT INTO chambre (idchambre, numtype, numchambre, etat) VALUES (nextval('chambre_idchambre_seq'), 5, 19, 'Disponible');
INSERT INTO proposer (numtype, numresort) VALUES (5, 36) ON CONFLICT DO NOTHING;
INSERT INTO chambre (idchambre, numtype, numchambre, etat) VALUES (nextval('chambre_idchambre_seq'), 2, 1, 'Occupée');
INSERT INTO proposer (numtype, numresort) VALUES (2, 37) ON CONFLICT DO NOTHING;
INSERT INTO chambre (idchambre, numtype, numchambre, etat) VALUES (nextval('chambre_idchambre_seq'), 2, 2, 'Disponible');
INSERT INTO proposer (numtype, numresort) VALUES (2, 37) ON CONFLICT DO NOTHING;
INSERT INTO chambre (idchambre, numtype, numchambre, etat) VALUES (nextval('chambre_idchambre_seq'), 2, 3, 'Occupée');
INSERT INTO proposer (numtype, numresort) VALUES (2, 37) ON CONFLICT DO NOTHING;
INSERT INTO chambre (idchambre, numtype, numchambre, etat) VALUES (nextval('chambre_idchambre_seq'), 2, 4, 'Disponible');
INSERT INTO proposer (numtype, numresort) VALUES (2, 37) ON CONFLICT DO NOTHING;
INSERT INTO chambre (idchambre, numtype, numchambre, etat) VALUES (nextval('chambre_idchambre_seq'), 2, 5, 'Disponible');
INSERT INTO proposer (numtype, numresort) VALUES (2, 37) ON CONFLICT DO NOTHING;
INSERT INTO chambre (idchambre, numtype, numchambre, etat) VALUES (nextval('chambre_idchambre_seq'), 2, 6, 'Disponible');
INSERT INTO proposer (numtype, numresort) VALUES (2, 37) ON CONFLICT DO NOTHING;
INSERT INTO chambre (idchambre, numtype, numchambre, etat) VALUES (nextval('chambre_idchambre_seq'), 2, 7, 'Maintenance');
INSERT INTO proposer (numtype, numresort) VALUES (2, 37) ON CONFLICT DO NOTHING;
INSERT INTO chambre (idchambre, numtype, numchambre, etat) VALUES (nextval('chambre_idchambre_seq'), 2, 8, 'Maintenance');
INSERT INTO proposer (numtype, numresort) VALUES (2, 37) ON CONFLICT DO NOTHING;
INSERT INTO chambre (idchambre, numtype, numchambre, etat) VALUES (nextval('chambre_idchambre_seq'), 2, 9, 'Maintenance');
INSERT INTO proposer (numtype, numresort) VALUES (2, 37) ON CONFLICT DO NOTHING;
INSERT INTO chambre (idchambre, numtype, numchambre, etat) VALUES (nextval('chambre_idchambre_seq'), 2, 10, 'Occupée');
INSERT INTO proposer (numtype, numresort) VALUES (2, 37) ON CONFLICT DO NOTHING;
INSERT INTO chambre (idchambre, numtype, numchambre, etat) VALUES (nextval('chambre_idchambre_seq'), 2, 11, 'Maintenance');
INSERT INTO proposer (numtype, numresort) VALUES (2, 37) ON CONFLICT DO NOTHING;
INSERT INTO chambre (idchambre, numtype, numchambre, etat) VALUES (nextval('chambre_idchambre_seq'), 2, 12, 'Maintenance');
INSERT INTO proposer (numtype, numresort) VALUES (2, 37) ON CONFLICT DO NOTHING;
INSERT INTO chambre (idchambre, numtype, numchambre, etat) VALUES (nextval('chambre_idchambre_seq'), 2, 13, 'Maintenance');
INSERT INTO proposer (numtype, numresort) VALUES (2, 37) ON CONFLICT DO NOTHING;
INSERT INTO chambre (idchambre, numtype, numchambre, etat) VALUES (nextval('chambre_idchambre_seq'), 3, 1, 'Disponible');
INSERT INTO proposer (numtype, numresort) VALUES (3, 37) ON CONFLICT DO NOTHING;
INSERT INTO chambre (idchambre, numtype, numchambre, etat) VALUES (nextval('chambre_idchambre_seq'), 3, 2, 'Maintenance');
INSERT INTO proposer (numtype, numresort) VALUES (3, 37) ON CONFLICT DO NOTHING;
INSERT INTO chambre (idchambre, numtype, numchambre, etat) VALUES (nextval('chambre_idchambre_seq'), 3, 3, 'Disponible');
INSERT INTO proposer (numtype, numresort) VALUES (3, 37) ON CONFLICT DO NOTHING;
INSERT INTO chambre (idchambre, numtype, numchambre, etat) VALUES (nextval('chambre_idchambre_seq'), 3, 4, 'Disponible');
INSERT INTO proposer (numtype, numresort) VALUES (3, 37) ON CONFLICT DO NOTHING;
INSERT INTO chambre (idchambre, numtype, numchambre, etat) VALUES (nextval('chambre_idchambre_seq'), 3, 5, 'Disponible');
INSERT INTO proposer (numtype, numresort) VALUES (3, 37) ON CONFLICT DO NOTHING;
INSERT INTO chambre (idchambre, numtype, numchambre, etat) VALUES (nextval('chambre_idchambre_seq'), 3, 6, 'Disponible');
INSERT INTO proposer (numtype, numresort) VALUES (3, 37) ON CONFLICT DO NOTHING;
INSERT INTO chambre (idchambre, numtype, numchambre, etat) VALUES (nextval('chambre_idchambre_seq'), 3, 7, 'Maintenance');
INSERT INTO proposer (numtype, numresort) VALUES (3, 37) ON CONFLICT DO NOTHING;
INSERT INTO chambre (idchambre, numtype, numchambre, etat) VALUES (nextval('chambre_idchambre_seq'), 3, 8, 'Occupée');
INSERT INTO proposer (numtype, numresort) VALUES (3, 37) ON CONFLICT DO NOTHING;
INSERT INTO chambre (idchambre, numtype, numchambre, etat) VALUES (nextval('chambre_idchambre_seq'), 3, 9, 'Maintenance');
INSERT INTO proposer (numtype, numresort) VALUES (3, 37) ON CONFLICT DO NOTHING;
INSERT INTO chambre (idchambre, numtype, numchambre, etat) VALUES (nextval('chambre_idchambre_seq'), 3, 10, 'Occupée');
INSERT INTO proposer (numtype, numresort) VALUES (3, 37) ON CONFLICT DO NOTHING;
INSERT INTO chambre (idchambre, numtype, numchambre, etat) VALUES (nextval('chambre_idchambre_seq'), 3, 11, 'Maintenance');
INSERT INTO proposer (numtype, numresort) VALUES (3, 37) ON CONFLICT DO NOTHING;
INSERT INTO chambre (idchambre, numtype, numchambre, etat) VALUES (nextval('chambre_idchambre_seq'), 3, 12, 'Maintenance');
INSERT INTO proposer (numtype, numresort) VALUES (3, 37) ON CONFLICT DO NOTHING;
INSERT INTO chambre (idchambre, numtype, numchambre, etat) VALUES (nextval('chambre_idchambre_seq'), 3, 13, 'Disponible');
INSERT INTO proposer (numtype, numresort) VALUES (3, 37) ON CONFLICT DO NOTHING;
INSERT INTO chambre (idchambre, numtype, numchambre, etat) VALUES (nextval('chambre_idchambre_seq'), 3, 14, 'Occupée');
INSERT INTO proposer (numtype, numresort) VALUES (3, 37) ON CONFLICT DO NOTHING;
INSERT INTO chambre (idchambre, numtype, numchambre, etat) VALUES (nextval('chambre_idchambre_seq'), 3, 15, 'Maintenance');
INSERT INTO proposer (numtype, numresort) VALUES (3, 37) ON CONFLICT DO NOTHING;
INSERT INTO chambre (idchambre, numtype, numchambre, etat) VALUES (nextval('chambre_idchambre_seq'), 3, 16, 'Occupée');
INSERT INTO proposer (numtype, numresort) VALUES (3, 37) ON CONFLICT DO NOTHING;
INSERT INTO chambre (idchambre, numtype, numchambre, etat) VALUES (nextval('chambre_idchambre_seq'), 3, 17, 'Occupée');
INSERT INTO proposer (numtype, numresort) VALUES (3, 37) ON CONFLICT DO NOTHING;
INSERT INTO chambre (idchambre, numtype, numchambre, etat) VALUES (nextval('chambre_idchambre_seq'), 3, 18, 'Maintenance');
INSERT INTO proposer (numtype, numresort) VALUES (3, 37) ON CONFLICT DO NOTHING;
INSERT INTO chambre (idchambre, numtype, numchambre, etat) VALUES (nextval('chambre_idchambre_seq'), 1, 1, 'Maintenance');
INSERT INTO proposer (numtype, numresort) VALUES (1, 37) ON CONFLICT DO NOTHING;
INSERT INTO chambre (idchambre, numtype, numchambre, etat) VALUES (nextval('chambre_idchambre_seq'), 1, 2, 'Maintenance');
INSERT INTO proposer (numtype, numresort) VALUES (1, 37) ON CONFLICT DO NOTHING;
INSERT INTO chambre (idchambre, numtype, numchambre, etat) VALUES (nextval('chambre_idchambre_seq'), 1, 3, 'Disponible');
INSERT INTO proposer (numtype, numresort) VALUES (1, 37) ON CONFLICT DO NOTHING;
INSERT INTO chambre (idchambre, numtype, numchambre, etat) VALUES (nextval('chambre_idchambre_seq'), 1, 4, 'Disponible');
INSERT INTO proposer (numtype, numresort) VALUES (1, 37) ON CONFLICT DO NOTHING;
INSERT INTO chambre (idchambre, numtype, numchambre, etat) VALUES (nextval('chambre_idchambre_seq'), 1, 5, 'Occupée');
INSERT INTO proposer (numtype, numresort) VALUES (1, 37) ON CONFLICT DO NOTHING;
INSERT INTO chambre (idchambre, numtype, numchambre, etat) VALUES (nextval('chambre_idchambre_seq'), 1, 6, 'Disponible');
INSERT INTO proposer (numtype, numresort) VALUES (1, 37) ON CONFLICT DO NOTHING;
INSERT INTO chambre (idchambre, numtype, numchambre, etat) VALUES (nextval('chambre_idchambre_seq'), 1, 7, 'Occupée');
INSERT INTO proposer (numtype, numresort) VALUES (1, 37) ON CONFLICT DO NOTHING;
INSERT INTO chambre (idchambre, numtype, numchambre, etat) VALUES (nextval('chambre_idchambre_seq'), 1, 8, 'Maintenance');
INSERT INTO proposer (numtype, numresort) VALUES (1, 37) ON CONFLICT DO NOTHING;
INSERT INTO chambre (idchambre, numtype, numchambre, etat) VALUES (nextval('chambre_idchambre_seq'), 1, 9, 'Disponible');
INSERT INTO proposer (numtype, numresort) VALUES (1, 37) ON CONFLICT DO NOTHING;
INSERT INTO chambre (idchambre, numtype, numchambre, etat) VALUES (nextval('chambre_idchambre_seq'), 1, 10, 'Maintenance');
INSERT INTO proposer (numtype, numresort) VALUES (1, 37) ON CONFLICT DO NOTHING;
INSERT INTO chambre (idchambre, numtype, numchambre, etat) VALUES (nextval('chambre_idchambre_seq'), 1, 11, 'Disponible');
INSERT INTO proposer (numtype, numresort) VALUES (1, 37) ON CONFLICT DO NOTHING;
INSERT INTO chambre (idchambre, numtype, numchambre, etat) VALUES (nextval('chambre_idchambre_seq'), 1, 12, 'Disponible');
INSERT INTO proposer (numtype, numresort) VALUES (1, 37) ON CONFLICT DO NOTHING;
INSERT INTO chambre (idchambre, numtype, numchambre, etat) VALUES (nextval('chambre_idchambre_seq'), 1, 13, 'Disponible');
INSERT INTO proposer (numtype, numresort) VALUES (1, 37) ON CONFLICT DO NOTHING;
INSERT INTO chambre (idchambre, numtype, numchambre, etat) VALUES (nextval('chambre_idchambre_seq'), 5, 1, 'Disponible');
INSERT INTO proposer (numtype, numresort) VALUES (5, 37) ON CONFLICT DO NOTHING;
INSERT INTO chambre (idchambre, numtype, numchambre, etat) VALUES (nextval('chambre_idchambre_seq'), 5, 2, 'Maintenance');
INSERT INTO proposer (numtype, numresort) VALUES (5, 37) ON CONFLICT DO NOTHING;
INSERT INTO chambre (idchambre, numtype, numchambre, etat) VALUES (nextval('chambre_idchambre_seq'), 5, 3, 'Occupée');
INSERT INTO proposer (numtype, numresort) VALUES (5, 37) ON CONFLICT DO NOTHING;
INSERT INTO chambre (idchambre, numtype, numchambre, etat) VALUES (nextval('chambre_idchambre_seq'), 5, 4, 'Occupée');
INSERT INTO proposer (numtype, numresort) VALUES (5, 37) ON CONFLICT DO NOTHING;
INSERT INTO chambre (idchambre, numtype, numchambre, etat) VALUES (nextval('chambre_idchambre_seq'), 5, 5, 'Disponible');
INSERT INTO proposer (numtype, numresort) VALUES (5, 37) ON CONFLICT DO NOTHING;
INSERT INTO chambre (idchambre, numtype, numchambre, etat) VALUES (nextval('chambre_idchambre_seq'), 5, 6, 'Maintenance');
INSERT INTO proposer (numtype, numresort) VALUES (5, 37) ON CONFLICT DO NOTHING;
INSERT INTO chambre (idchambre, numtype, numchambre, etat) VALUES (nextval('chambre_idchambre_seq'), 5, 7, 'Maintenance');
INSERT INTO proposer (numtype, numresort) VALUES (5, 37) ON CONFLICT DO NOTHING;
INSERT INTO chambre (idchambre, numtype, numchambre, etat) VALUES (nextval('chambre_idchambre_seq'), 5, 8, 'Occupée');
INSERT INTO proposer (numtype, numresort) VALUES (5, 37) ON CONFLICT DO NOTHING;
INSERT INTO chambre (idchambre, numtype, numchambre, etat) VALUES (nextval('chambre_idchambre_seq'), 5, 9, 'Maintenance');
INSERT INTO proposer (numtype, numresort) VALUES (5, 37) ON CONFLICT DO NOTHING;
INSERT INTO chambre (idchambre, numtype, numchambre, etat) VALUES (nextval('chambre_idchambre_seq'), 5, 10, 'Occupée');
INSERT INTO proposer (numtype, numresort) VALUES (5, 37) ON CONFLICT DO NOTHING;
INSERT INTO chambre (idchambre, numtype, numchambre, etat) VALUES (nextval('chambre_idchambre_seq'), 5, 11, 'Occupée');
INSERT INTO proposer (numtype, numresort) VALUES (5, 37) ON CONFLICT DO NOTHING;
INSERT INTO chambre (idchambre, numtype, numchambre, etat) VALUES (nextval('chambre_idchambre_seq'), 5, 12, 'Occupée');
INSERT INTO proposer (numtype, numresort) VALUES (5, 37) ON CONFLICT DO NOTHING;
INSERT INTO chambre (idchambre, numtype, numchambre, etat) VALUES (nextval('chambre_idchambre_seq'), 5, 13, 'Disponible');
INSERT INTO proposer (numtype, numresort) VALUES (5, 37) ON CONFLICT DO NOTHING;
INSERT INTO chambre (idchambre, numtype, numchambre, etat) VALUES (nextval('chambre_idchambre_seq'), 5, 14, 'Maintenance');
INSERT INTO proposer (numtype, numresort) VALUES (5, 37) ON CONFLICT DO NOTHING;
INSERT INTO chambre (idchambre, numtype, numchambre, etat) VALUES (nextval('chambre_idchambre_seq'), 5, 15, 'Disponible');
INSERT INTO proposer (numtype, numresort) VALUES (5, 37) ON CONFLICT DO NOTHING;
INSERT INTO chambre (idchambre, numtype, numchambre, etat) VALUES (nextval('chambre_idchambre_seq'), 5, 1, 'Occupée');
INSERT INTO proposer (numtype, numresort) VALUES (5, 38) ON CONFLICT DO NOTHING;
INSERT INTO chambre (idchambre, numtype, numchambre, etat) VALUES (nextval('chambre_idchambre_seq'), 5, 2, 'Occupée');
INSERT INTO proposer (numtype, numresort) VALUES (5, 38) ON CONFLICT DO NOTHING;
INSERT INTO chambre (idchambre, numtype, numchambre, etat) VALUES (nextval('chambre_idchambre_seq'), 5, 3, 'Occupée');
INSERT INTO proposer (numtype, numresort) VALUES (5, 38) ON CONFLICT DO NOTHING;
INSERT INTO chambre (idchambre, numtype, numchambre, etat) VALUES (nextval('chambre_idchambre_seq'), 5, 4, 'Maintenance');
INSERT INTO proposer (numtype, numresort) VALUES (5, 38) ON CONFLICT DO NOTHING;
INSERT INTO chambre (idchambre, numtype, numchambre, etat) VALUES (nextval('chambre_idchambre_seq'), 5, 5, 'Disponible');
INSERT INTO proposer (numtype, numresort) VALUES (5, 38) ON CONFLICT DO NOTHING;
INSERT INTO chambre (idchambre, numtype, numchambre, etat) VALUES (nextval('chambre_idchambre_seq'), 5, 6, 'Maintenance');
INSERT INTO proposer (numtype, numresort) VALUES (5, 38) ON CONFLICT DO NOTHING;
INSERT INTO chambre (idchambre, numtype, numchambre, etat) VALUES (nextval('chambre_idchambre_seq'), 5, 7, 'Disponible');
INSERT INTO proposer (numtype, numresort) VALUES (5, 38) ON CONFLICT DO NOTHING;
INSERT INTO chambre (idchambre, numtype, numchambre, etat) VALUES (nextval('chambre_idchambre_seq'), 5, 8, 'Maintenance');
INSERT INTO proposer (numtype, numresort) VALUES (5, 38) ON CONFLICT DO NOTHING;
INSERT INTO chambre (idchambre, numtype, numchambre, etat) VALUES (nextval('chambre_idchambre_seq'), 5, 9, 'Occupée');
INSERT INTO proposer (numtype, numresort) VALUES (5, 38) ON CONFLICT DO NOTHING;
INSERT INTO chambre (idchambre, numtype, numchambre, etat) VALUES (nextval('chambre_idchambre_seq'), 5, 10, 'Maintenance');
INSERT INTO proposer (numtype, numresort) VALUES (5, 38) ON CONFLICT DO NOTHING;
INSERT INTO chambre (idchambre, numtype, numchambre, etat) VALUES (nextval('chambre_idchambre_seq'), 5, 11, 'Maintenance');
INSERT INTO proposer (numtype, numresort) VALUES (5, 38) ON CONFLICT DO NOTHING;
INSERT INTO chambre (idchambre, numtype, numchambre, etat) VALUES (nextval('chambre_idchambre_seq'), 5, 12, 'Maintenance');
INSERT INTO proposer (numtype, numresort) VALUES (5, 38) ON CONFLICT DO NOTHING;
INSERT INTO chambre (idchambre, numtype, numchambre, etat) VALUES (nextval('chambre_idchambre_seq'), 5, 13, 'Occupée');
INSERT INTO proposer (numtype, numresort) VALUES (5, 38) ON CONFLICT DO NOTHING;
INSERT INTO chambre (idchambre, numtype, numchambre, etat) VALUES (nextval('chambre_idchambre_seq'), 5, 14, 'Disponible');
INSERT INTO proposer (numtype, numresort) VALUES (5, 38) ON CONFLICT DO NOTHING;
INSERT INTO chambre (idchambre, numtype, numchambre, etat) VALUES (nextval('chambre_idchambre_seq'), 5, 15, 'Maintenance');
INSERT INTO proposer (numtype, numresort) VALUES (5, 38) ON CONFLICT DO NOTHING;
INSERT INTO chambre (idchambre, numtype, numchambre, etat) VALUES (nextval('chambre_idchambre_seq'), 5, 16, 'Occupée');
INSERT INTO proposer (numtype, numresort) VALUES (5, 38) ON CONFLICT DO NOTHING;
INSERT INTO chambre (idchambre, numtype, numchambre, etat) VALUES (nextval('chambre_idchambre_seq'), 3, 1, 'Occupée');
INSERT INTO proposer (numtype, numresort) VALUES (3, 38) ON CONFLICT DO NOTHING;
INSERT INTO chambre (idchambre, numtype, numchambre, etat) VALUES (nextval('chambre_idchambre_seq'), 3, 2, 'Disponible');
INSERT INTO proposer (numtype, numresort) VALUES (3, 38) ON CONFLICT DO NOTHING;
INSERT INTO chambre (idchambre, numtype, numchambre, etat) VALUES (nextval('chambre_idchambre_seq'), 3, 3, 'Occupée');
INSERT INTO proposer (numtype, numresort) VALUES (3, 38) ON CONFLICT DO NOTHING;
INSERT INTO chambre (idchambre, numtype, numchambre, etat) VALUES (nextval('chambre_idchambre_seq'), 3, 4, 'Occupée');
INSERT INTO proposer (numtype, numresort) VALUES (3, 38) ON CONFLICT DO NOTHING;
INSERT INTO chambre (idchambre, numtype, numchambre, etat) VALUES (nextval('chambre_idchambre_seq'), 3, 5, 'Occupée');
INSERT INTO proposer (numtype, numresort) VALUES (3, 38) ON CONFLICT DO NOTHING;
INSERT INTO chambre (idchambre, numtype, numchambre, etat) VALUES (nextval('chambre_idchambre_seq'), 3, 6, 'Occupée');
INSERT INTO proposer (numtype, numresort) VALUES (3, 38) ON CONFLICT DO NOTHING;
INSERT INTO chambre (idchambre, numtype, numchambre, etat) VALUES (nextval('chambre_idchambre_seq'), 3, 7, 'Occupée');
INSERT INTO proposer (numtype, numresort) VALUES (3, 38) ON CONFLICT DO NOTHING;
INSERT INTO chambre (idchambre, numtype, numchambre, etat) VALUES (nextval('chambre_idchambre_seq'), 3, 8, 'Maintenance');
INSERT INTO proposer (numtype, numresort) VALUES (3, 38) ON CONFLICT DO NOTHING;
INSERT INTO chambre (idchambre, numtype, numchambre, etat) VALUES (nextval('chambre_idchambre_seq'), 3, 9, 'Maintenance');
INSERT INTO proposer (numtype, numresort) VALUES (3, 38) ON CONFLICT DO NOTHING;
INSERT INTO chambre (idchambre, numtype, numchambre, etat) VALUES (nextval('chambre_idchambre_seq'), 3, 10, 'Disponible');
INSERT INTO proposer (numtype, numresort) VALUES (3, 38) ON CONFLICT DO NOTHING;
INSERT INTO chambre (idchambre, numtype, numchambre, etat) VALUES (nextval('chambre_idchambre_seq'), 3, 11, 'Maintenance');
INSERT INTO proposer (numtype, numresort) VALUES (3, 38) ON CONFLICT DO NOTHING;
INSERT INTO chambre (idchambre, numtype, numchambre, etat) VALUES (nextval('chambre_idchambre_seq'), 4, 1, 'Occupée');
INSERT INTO proposer (numtype, numresort) VALUES (4, 38) ON CONFLICT DO NOTHING;
INSERT INTO chambre (idchambre, numtype, numchambre, etat) VALUES (nextval('chambre_idchambre_seq'), 4, 2, 'Maintenance');
INSERT INTO proposer (numtype, numresort) VALUES (4, 38) ON CONFLICT DO NOTHING;
INSERT INTO chambre (idchambre, numtype, numchambre, etat) VALUES (nextval('chambre_idchambre_seq'), 4, 3, 'Disponible');
INSERT INTO proposer (numtype, numresort) VALUES (4, 38) ON CONFLICT DO NOTHING;
INSERT INTO chambre (idchambre, numtype, numchambre, etat) VALUES (nextval('chambre_idchambre_seq'), 4, 4, 'Disponible');
INSERT INTO proposer (numtype, numresort) VALUES (4, 38) ON CONFLICT DO NOTHING;
INSERT INTO chambre (idchambre, numtype, numchambre, etat) VALUES (nextval('chambre_idchambre_seq'), 4, 5, 'Disponible');
INSERT INTO proposer (numtype, numresort) VALUES (4, 38) ON CONFLICT DO NOTHING;
INSERT INTO chambre (idchambre, numtype, numchambre, etat) VALUES (nextval('chambre_idchambre_seq'), 4, 6, 'Maintenance');
INSERT INTO proposer (numtype, numresort) VALUES (4, 38) ON CONFLICT DO NOTHING;
INSERT INTO chambre (idchambre, numtype, numchambre, etat) VALUES (nextval('chambre_idchambre_seq'), 4, 7, 'Occupée');
INSERT INTO proposer (numtype, numresort) VALUES (4, 38) ON CONFLICT DO NOTHING;
INSERT INTO chambre (idchambre, numtype, numchambre, etat) VALUES (nextval('chambre_idchambre_seq'), 4, 8, 'Disponible');
INSERT INTO proposer (numtype, numresort) VALUES (4, 38) ON CONFLICT DO NOTHING;
INSERT INTO chambre (idchambre, numtype, numchambre, etat) VALUES (nextval('chambre_idchambre_seq'), 4, 9, 'Disponible');
INSERT INTO proposer (numtype, numresort) VALUES (4, 38) ON CONFLICT DO NOTHING;
INSERT INTO chambre (idchambre, numtype, numchambre, etat) VALUES (nextval('chambre_idchambre_seq'), 4, 10, 'Disponible');
INSERT INTO proposer (numtype, numresort) VALUES (4, 38) ON CONFLICT DO NOTHING;
INSERT INTO chambre (idchambre, numtype, numchambre, etat) VALUES (nextval('chambre_idchambre_seq'), 4, 11, 'Occupée');
INSERT INTO proposer (numtype, numresort) VALUES (4, 38) ON CONFLICT DO NOTHING;
INSERT INTO chambre (idchambre, numtype, numchambre, etat) VALUES (nextval('chambre_idchambre_seq'), 4, 12, 'Occupée');
INSERT INTO proposer (numtype, numresort) VALUES (4, 38) ON CONFLICT DO NOTHING;
INSERT INTO chambre (idchambre, numtype, numchambre, etat) VALUES (nextval('chambre_idchambre_seq'), 4, 13, 'Disponible');
INSERT INTO proposer (numtype, numresort) VALUES (4, 38) ON CONFLICT DO NOTHING;
INSERT INTO chambre (idchambre, numtype, numchambre, etat) VALUES (nextval('chambre_idchambre_seq'), 4, 14, 'Occupée');
INSERT INTO proposer (numtype, numresort) VALUES (4, 38) ON CONFLICT DO NOTHING;
INSERT INTO chambre (idchambre, numtype, numchambre, etat) VALUES (nextval('chambre_idchambre_seq'), 4, 15, 'Disponible');
INSERT INTO proposer (numtype, numresort) VALUES (4, 38) ON CONFLICT DO NOTHING;
INSERT INTO chambre (idchambre, numtype, numchambre, etat) VALUES (nextval('chambre_idchambre_seq'), 4, 16, 'Maintenance');
INSERT INTO proposer (numtype, numresort) VALUES (4, 38) ON CONFLICT DO NOTHING;
INSERT INTO chambre (idchambre, numtype, numchambre, etat) VALUES (nextval('chambre_idchambre_seq'), 4, 17, 'Disponible');
INSERT INTO proposer (numtype, numresort) VALUES (4, 38) ON CONFLICT DO NOTHING;
INSERT INTO chambre (idchambre, numtype, numchambre, etat) VALUES (nextval('chambre_idchambre_seq'), 4, 18, 'Maintenance');
INSERT INTO proposer (numtype, numresort) VALUES (4, 38) ON CONFLICT DO NOTHING;
INSERT INTO chambre (idchambre, numtype, numchambre, etat) VALUES (nextval('chambre_idchambre_seq'), 4, 19, 'Occupée');
INSERT INTO proposer (numtype, numresort) VALUES (4, 38) ON CONFLICT DO NOTHING;
INSERT INTO chambre (idchambre, numtype, numchambre, etat) VALUES (nextval('chambre_idchambre_seq'), 4, 20, 'Disponible');
INSERT INTO proposer (numtype, numresort) VALUES (4, 38) ON CONFLICT DO NOTHING;
INSERT INTO chambre (idchambre, numtype, numchambre, etat) VALUES (nextval('chambre_idchambre_seq'), 1, 1, 'Occupée');
INSERT INTO proposer (numtype, numresort) VALUES (1, 39) ON CONFLICT DO NOTHING;
INSERT INTO chambre (idchambre, numtype, numchambre, etat) VALUES (nextval('chambre_idchambre_seq'), 1, 2, 'Maintenance');
INSERT INTO proposer (numtype, numresort) VALUES (1, 39) ON CONFLICT DO NOTHING;
INSERT INTO chambre (idchambre, numtype, numchambre, etat) VALUES (nextval('chambre_idchambre_seq'), 1, 3, 'Maintenance');
INSERT INTO proposer (numtype, numresort) VALUES (1, 39) ON CONFLICT DO NOTHING;
INSERT INTO chambre (idchambre, numtype, numchambre, etat) VALUES (nextval('chambre_idchambre_seq'), 1, 4, 'Disponible');
INSERT INTO proposer (numtype, numresort) VALUES (1, 39) ON CONFLICT DO NOTHING;
INSERT INTO chambre (idchambre, numtype, numchambre, etat) VALUES (nextval('chambre_idchambre_seq'), 1, 5, 'Disponible');
INSERT INTO proposer (numtype, numresort) VALUES (1, 39) ON CONFLICT DO NOTHING;
INSERT INTO chambre (idchambre, numtype, numchambre, etat) VALUES (nextval('chambre_idchambre_seq'), 1, 6, 'Occupée');
INSERT INTO proposer (numtype, numresort) VALUES (1, 39) ON CONFLICT DO NOTHING;
INSERT INTO chambre (idchambre, numtype, numchambre, etat) VALUES (nextval('chambre_idchambre_seq'), 1, 7, 'Maintenance');
INSERT INTO proposer (numtype, numresort) VALUES (1, 39) ON CONFLICT DO NOTHING;
INSERT INTO chambre (idchambre, numtype, numchambre, etat) VALUES (nextval('chambre_idchambre_seq'), 3, 1, 'Maintenance');
INSERT INTO proposer (numtype, numresort) VALUES (3, 39) ON CONFLICT DO NOTHING;
INSERT INTO chambre (idchambre, numtype, numchambre, etat) VALUES (nextval('chambre_idchambre_seq'), 3, 2, 'Maintenance');
INSERT INTO proposer (numtype, numresort) VALUES (3, 39) ON CONFLICT DO NOTHING;
INSERT INTO chambre (idchambre, numtype, numchambre, etat) VALUES (nextval('chambre_idchambre_seq'), 3, 3, 'Disponible');
INSERT INTO proposer (numtype, numresort) VALUES (3, 39) ON CONFLICT DO NOTHING;
INSERT INTO chambre (idchambre, numtype, numchambre, etat) VALUES (nextval('chambre_idchambre_seq'), 3, 4, 'Occupée');
INSERT INTO proposer (numtype, numresort) VALUES (3, 39) ON CONFLICT DO NOTHING;
INSERT INTO chambre (idchambre, numtype, numchambre, etat) VALUES (nextval('chambre_idchambre_seq'), 3, 5, 'Maintenance');
INSERT INTO proposer (numtype, numresort) VALUES (3, 39) ON CONFLICT DO NOTHING;
INSERT INTO chambre (idchambre, numtype, numchambre, etat) VALUES (nextval('chambre_idchambre_seq'), 3, 6, 'Disponible');
INSERT INTO proposer (numtype, numresort) VALUES (3, 39) ON CONFLICT DO NOTHING;
INSERT INTO chambre (idchambre, numtype, numchambre, etat) VALUES (nextval('chambre_idchambre_seq'), 3, 7, 'Maintenance');
INSERT INTO proposer (numtype, numresort) VALUES (3, 39) ON CONFLICT DO NOTHING;
INSERT INTO chambre (idchambre, numtype, numchambre, etat) VALUES (nextval('chambre_idchambre_seq'), 3, 8, 'Disponible');
INSERT INTO proposer (numtype, numresort) VALUES (3, 39) ON CONFLICT DO NOTHING;
INSERT INTO chambre (idchambre, numtype, numchambre, etat) VALUES (nextval('chambre_idchambre_seq'), 3, 9, 'Disponible');
INSERT INTO proposer (numtype, numresort) VALUES (3, 39) ON CONFLICT DO NOTHING;
INSERT INTO chambre (idchambre, numtype, numchambre, etat) VALUES (nextval('chambre_idchambre_seq'), 3, 10, 'Disponible');
INSERT INTO proposer (numtype, numresort) VALUES (3, 39) ON CONFLICT DO NOTHING;
INSERT INTO chambre (idchambre, numtype, numchambre, etat) VALUES (nextval('chambre_idchambre_seq'), 3, 11, 'Occupée');
INSERT INTO proposer (numtype, numresort) VALUES (3, 39) ON CONFLICT DO NOTHING;
INSERT INTO chambre (idchambre, numtype, numchambre, etat) VALUES (nextval('chambre_idchambre_seq'), 3, 12, 'Disponible');
INSERT INTO proposer (numtype, numresort) VALUES (3, 39) ON CONFLICT DO NOTHING;
INSERT INTO chambre (idchambre, numtype, numchambre, etat) VALUES (nextval('chambre_idchambre_seq'), 3, 13, 'Disponible');
INSERT INTO proposer (numtype, numresort) VALUES (3, 39) ON CONFLICT DO NOTHING;
INSERT INTO chambre (idchambre, numtype, numchambre, etat) VALUES (nextval('chambre_idchambre_seq'), 3, 14, 'Maintenance');
INSERT INTO proposer (numtype, numresort) VALUES (3, 39) ON CONFLICT DO NOTHING;
INSERT INTO chambre (idchambre, numtype, numchambre, etat) VALUES (nextval('chambre_idchambre_seq'), 2, 1, 'Maintenance');
INSERT INTO proposer (numtype, numresort) VALUES (2, 39) ON CONFLICT DO NOTHING;
INSERT INTO chambre (idchambre, numtype, numchambre, etat) VALUES (nextval('chambre_idchambre_seq'), 2, 2, 'Maintenance');
INSERT INTO proposer (numtype, numresort) VALUES (2, 39) ON CONFLICT DO NOTHING;
INSERT INTO chambre (idchambre, numtype, numchambre, etat) VALUES (nextval('chambre_idchambre_seq'), 2, 3, 'Occupée');
INSERT INTO proposer (numtype, numresort) VALUES (2, 39) ON CONFLICT DO NOTHING;
INSERT INTO chambre (idchambre, numtype, numchambre, etat) VALUES (nextval('chambre_idchambre_seq'), 2, 4, 'Disponible');
INSERT INTO proposer (numtype, numresort) VALUES (2, 39) ON CONFLICT DO NOTHING;
INSERT INTO chambre (idchambre, numtype, numchambre, etat) VALUES (nextval('chambre_idchambre_seq'), 2, 5, 'Disponible');
INSERT INTO proposer (numtype, numresort) VALUES (2, 39) ON CONFLICT DO NOTHING;
INSERT INTO chambre (idchambre, numtype, numchambre, etat) VALUES (nextval('chambre_idchambre_seq'), 2, 6, 'Maintenance');
INSERT INTO proposer (numtype, numresort) VALUES (2, 39) ON CONFLICT DO NOTHING;
INSERT INTO chambre (idchambre, numtype, numchambre, etat) VALUES (nextval('chambre_idchambre_seq'), 2, 7, 'Occupée');
INSERT INTO proposer (numtype, numresort) VALUES (2, 39) ON CONFLICT DO NOTHING;
INSERT INTO chambre (idchambre, numtype, numchambre, etat) VALUES (nextval('chambre_idchambre_seq'), 2, 8, 'Disponible');
INSERT INTO proposer (numtype, numresort) VALUES (2, 39) ON CONFLICT DO NOTHING;
INSERT INTO chambre (idchambre, numtype, numchambre, etat) VALUES (nextval('chambre_idchambre_seq'), 2, 9, 'Occupée');
INSERT INTO proposer (numtype, numresort) VALUES (2, 39) ON CONFLICT DO NOTHING;
INSERT INTO chambre (idchambre, numtype, numchambre, etat) VALUES (nextval('chambre_idchambre_seq'), 2, 10, 'Maintenance');
INSERT INTO proposer (numtype, numresort) VALUES (2, 39) ON CONFLICT DO NOTHING;
INSERT INTO chambre (idchambre, numtype, numchambre, etat) VALUES (nextval('chambre_idchambre_seq'), 2, 11, 'Disponible');
INSERT INTO proposer (numtype, numresort) VALUES (2, 39) ON CONFLICT DO NOTHING;
INSERT INTO chambre (idchambre, numtype, numchambre, etat) VALUES (nextval('chambre_idchambre_seq'), 2, 12, 'Occupée');
INSERT INTO proposer (numtype, numresort) VALUES (2, 39) ON CONFLICT DO NOTHING;
INSERT INTO chambre (idchambre, numtype, numchambre, etat) VALUES (nextval('chambre_idchambre_seq'), 2, 1, 'Maintenance');
INSERT INTO proposer (numtype, numresort) VALUES (2, 40) ON CONFLICT DO NOTHING;
INSERT INTO chambre (idchambre, numtype, numchambre, etat) VALUES (nextval('chambre_idchambre_seq'), 2, 2, 'Disponible');
INSERT INTO proposer (numtype, numresort) VALUES (2, 40) ON CONFLICT DO NOTHING;
INSERT INTO chambre (idchambre, numtype, numchambre, etat) VALUES (nextval('chambre_idchambre_seq'), 2, 3, 'Disponible');
INSERT INTO proposer (numtype, numresort) VALUES (2, 40) ON CONFLICT DO NOTHING;
INSERT INTO chambre (idchambre, numtype, numchambre, etat) VALUES (nextval('chambre_idchambre_seq'), 2, 4, 'Occupée');
INSERT INTO proposer (numtype, numresort) VALUES (2, 40) ON CONFLICT DO NOTHING;
INSERT INTO chambre (idchambre, numtype, numchambre, etat) VALUES (nextval('chambre_idchambre_seq'), 2, 5, 'Occupée');
INSERT INTO proposer (numtype, numresort) VALUES (2, 40) ON CONFLICT DO NOTHING;
INSERT INTO chambre (idchambre, numtype, numchambre, etat) VALUES (nextval('chambre_idchambre_seq'), 2, 6, 'Occupée');
INSERT INTO proposer (numtype, numresort) VALUES (2, 40) ON CONFLICT DO NOTHING;
INSERT INTO chambre (idchambre, numtype, numchambre, etat) VALUES (nextval('chambre_idchambre_seq'), 2, 7, 'Disponible');
INSERT INTO proposer (numtype, numresort) VALUES (2, 40) ON CONFLICT DO NOTHING;
INSERT INTO chambre (idchambre, numtype, numchambre, etat) VALUES (nextval('chambre_idchambre_seq'), 4, 1, 'Disponible');
INSERT INTO proposer (numtype, numresort) VALUES (4, 40) ON CONFLICT DO NOTHING;
INSERT INTO chambre (idchambre, numtype, numchambre, etat) VALUES (nextval('chambre_idchambre_seq'), 4, 2, 'Maintenance');
INSERT INTO proposer (numtype, numresort) VALUES (4, 40) ON CONFLICT DO NOTHING;
INSERT INTO chambre (idchambre, numtype, numchambre, etat) VALUES (nextval('chambre_idchambre_seq'), 4, 3, 'Maintenance');
INSERT INTO proposer (numtype, numresort) VALUES (4, 40) ON CONFLICT DO NOTHING;
INSERT INTO chambre (idchambre, numtype, numchambre, etat) VALUES (nextval('chambre_idchambre_seq'), 4, 4, 'Disponible');
INSERT INTO proposer (numtype, numresort) VALUES (4, 40) ON CONFLICT DO NOTHING;
INSERT INTO chambre (idchambre, numtype, numchambre, etat) VALUES (nextval('chambre_idchambre_seq'), 4, 5, 'Disponible');
INSERT INTO proposer (numtype, numresort) VALUES (4, 40) ON CONFLICT DO NOTHING;
INSERT INTO chambre (idchambre, numtype, numchambre, etat) VALUES (nextval('chambre_idchambre_seq'), 4, 6, 'Maintenance');
INSERT INTO proposer (numtype, numresort) VALUES (4, 40) ON CONFLICT DO NOTHING;
INSERT INTO chambre (idchambre, numtype, numchambre, etat) VALUES (nextval('chambre_idchambre_seq'), 4, 7, 'Maintenance');
INSERT INTO proposer (numtype, numresort) VALUES (4, 40) ON CONFLICT DO NOTHING;
INSERT INTO chambre (idchambre, numtype, numchambre, etat) VALUES (nextval('chambre_idchambre_seq'), 4, 8, 'Disponible');
INSERT INTO proposer (numtype, numresort) VALUES (4, 40) ON CONFLICT DO NOTHING;
INSERT INTO chambre (idchambre, numtype, numchambre, etat) VALUES (nextval('chambre_idchambre_seq'), 4, 9, 'Maintenance');
INSERT INTO proposer (numtype, numresort) VALUES (4, 40) ON CONFLICT DO NOTHING;
INSERT INTO chambre (idchambre, numtype, numchambre, etat) VALUES (nextval('chambre_idchambre_seq'), 4, 10, 'Maintenance');
INSERT INTO proposer (numtype, numresort) VALUES (4, 40) ON CONFLICT DO NOTHING;
INSERT INTO chambre (idchambre, numtype, numchambre, etat) VALUES (nextval('chambre_idchambre_seq'), 4, 11, 'Disponible');
INSERT INTO proposer (numtype, numresort) VALUES (4, 40) ON CONFLICT DO NOTHING;
INSERT INTO chambre (idchambre, numtype, numchambre, etat) VALUES (nextval('chambre_idchambre_seq'), 4, 12, 'Occupée');
INSERT INTO proposer (numtype, numresort) VALUES (4, 40) ON CONFLICT DO NOTHING;
INSERT INTO chambre (idchambre, numtype, numchambre, etat) VALUES (nextval('chambre_idchambre_seq'), 4, 13, 'Occupée');
INSERT INTO proposer (numtype, numresort) VALUES (4, 40) ON CONFLICT DO NOTHING;
INSERT INTO chambre (idchambre, numtype, numchambre, etat) VALUES (nextval('chambre_idchambre_seq'), 4, 14, 'Maintenance');
INSERT INTO proposer (numtype, numresort) VALUES (4, 40) ON CONFLICT DO NOTHING;
INSERT INTO chambre (idchambre, numtype, numchambre, etat) VALUES (nextval('chambre_idchambre_seq'), 4, 15, 'Disponible');
INSERT INTO proposer (numtype, numresort) VALUES (4, 40) ON CONFLICT DO NOTHING;
INSERT INTO chambre (idchambre, numtype, numchambre, etat) VALUES (nextval('chambre_idchambre_seq'), 4, 16, 'Maintenance');
INSERT INTO proposer (numtype, numresort) VALUES (4, 40) ON CONFLICT DO NOTHING;
INSERT INTO chambre (idchambre, numtype, numchambre, etat) VALUES (nextval('chambre_idchambre_seq'), 4, 17, 'Maintenance');
INSERT INTO proposer (numtype, numresort) VALUES (4, 40) ON CONFLICT DO NOTHING;
INSERT INTO chambre (idchambre, numtype, numchambre, etat) VALUES (nextval('chambre_idchambre_seq'), 4, 1, 'Disponible');
INSERT INTO proposer (numtype, numresort) VALUES (4, 41) ON CONFLICT DO NOTHING;
INSERT INTO chambre (idchambre, numtype, numchambre, etat) VALUES (nextval('chambre_idchambre_seq'), 4, 2, 'Disponible');
INSERT INTO proposer (numtype, numresort) VALUES (4, 41) ON CONFLICT DO NOTHING;
INSERT INTO chambre (idchambre, numtype, numchambre, etat) VALUES (nextval('chambre_idchambre_seq'), 4, 3, 'Disponible');
INSERT INTO proposer (numtype, numresort) VALUES (4, 41) ON CONFLICT DO NOTHING;
INSERT INTO chambre (idchambre, numtype, numchambre, etat) VALUES (nextval('chambre_idchambre_seq'), 4, 4, 'Disponible');
INSERT INTO proposer (numtype, numresort) VALUES (4, 41) ON CONFLICT DO NOTHING;
INSERT INTO chambre (idchambre, numtype, numchambre, etat) VALUES (nextval('chambre_idchambre_seq'), 4, 5, 'Maintenance');
INSERT INTO proposer (numtype, numresort) VALUES (4, 41) ON CONFLICT DO NOTHING;
INSERT INTO chambre (idchambre, numtype, numchambre, etat) VALUES (nextval('chambre_idchambre_seq'), 4, 6, 'Maintenance');
INSERT INTO proposer (numtype, numresort) VALUES (4, 41) ON CONFLICT DO NOTHING;
INSERT INTO chambre (idchambre, numtype, numchambre, etat) VALUES (nextval('chambre_idchambre_seq'), 4, 7, 'Occupée');
INSERT INTO proposer (numtype, numresort) VALUES (4, 41) ON CONFLICT DO NOTHING;
INSERT INTO chambre (idchambre, numtype, numchambre, etat) VALUES (nextval('chambre_idchambre_seq'), 4, 8, 'Occupée');
INSERT INTO proposer (numtype, numresort) VALUES (4, 41) ON CONFLICT DO NOTHING;
INSERT INTO chambre (idchambre, numtype, numchambre, etat) VALUES (nextval('chambre_idchambre_seq'), 4, 9, 'Occupée');
INSERT INTO proposer (numtype, numresort) VALUES (4, 41) ON CONFLICT DO NOTHING;
INSERT INTO chambre (idchambre, numtype, numchambre, etat) VALUES (nextval('chambre_idchambre_seq'), 4, 10, 'Occupée');
INSERT INTO proposer (numtype, numresort) VALUES (4, 41) ON CONFLICT DO NOTHING;
INSERT INTO chambre (idchambre, numtype, numchambre, etat) VALUES (nextval('chambre_idchambre_seq'), 4, 11, 'Disponible');
INSERT INTO proposer (numtype, numresort) VALUES (4, 41) ON CONFLICT DO NOTHING;
INSERT INTO chambre (idchambre, numtype, numchambre, etat) VALUES (nextval('chambre_idchambre_seq'), 5, 1, 'Occupée');
INSERT INTO proposer (numtype, numresort) VALUES (5, 41) ON CONFLICT DO NOTHING;
INSERT INTO chambre (idchambre, numtype, numchambre, etat) VALUES (nextval('chambre_idchambre_seq'), 5, 2, 'Maintenance');
INSERT INTO proposer (numtype, numresort) VALUES (5, 41) ON CONFLICT DO NOTHING;
INSERT INTO chambre (idchambre, numtype, numchambre, etat) VALUES (nextval('chambre_idchambre_seq'), 5, 3, 'Disponible');
INSERT INTO proposer (numtype, numresort) VALUES (5, 41) ON CONFLICT DO NOTHING;
INSERT INTO chambre (idchambre, numtype, numchambre, etat) VALUES (nextval('chambre_idchambre_seq'), 5, 4, 'Disponible');
INSERT INTO proposer (numtype, numresort) VALUES (5, 41) ON CONFLICT DO NOTHING;
INSERT INTO chambre (idchambre, numtype, numchambre, etat) VALUES (nextval('chambre_idchambre_seq'), 5, 5, 'Maintenance');
INSERT INTO proposer (numtype, numresort) VALUES (5, 41) ON CONFLICT DO NOTHING;
INSERT INTO chambre (idchambre, numtype, numchambre, etat) VALUES (nextval('chambre_idchambre_seq'), 5, 6, 'Maintenance');
INSERT INTO proposer (numtype, numresort) VALUES (5, 41) ON CONFLICT DO NOTHING;
INSERT INTO chambre (idchambre, numtype, numchambre, etat) VALUES (nextval('chambre_idchambre_seq'), 5, 7, 'Maintenance');
INSERT INTO proposer (numtype, numresort) VALUES (5, 41) ON CONFLICT DO NOTHING;
INSERT INTO chambre (idchambre, numtype, numchambre, etat) VALUES (nextval('chambre_idchambre_seq'), 5, 8, 'Maintenance');
INSERT INTO proposer (numtype, numresort) VALUES (5, 41) ON CONFLICT DO NOTHING;
INSERT INTO chambre (idchambre, numtype, numchambre, etat) VALUES (nextval('chambre_idchambre_seq'), 5, 9, 'Maintenance');
INSERT INTO proposer (numtype, numresort) VALUES (5, 41) ON CONFLICT DO NOTHING;
INSERT INTO chambre (idchambre, numtype, numchambre, etat) VALUES (nextval('chambre_idchambre_seq'), 5, 10, 'Occupée');
INSERT INTO proposer (numtype, numresort) VALUES (5, 41) ON CONFLICT DO NOTHING;
INSERT INTO chambre (idchambre, numtype, numchambre, etat) VALUES (nextval('chambre_idchambre_seq'), 5, 11, 'Maintenance');
INSERT INTO proposer (numtype, numresort) VALUES (5, 41) ON CONFLICT DO NOTHING;
INSERT INTO chambre (idchambre, numtype, numchambre, etat) VALUES (nextval('chambre_idchambre_seq'), 5, 12, 'Disponible');
INSERT INTO proposer (numtype, numresort) VALUES (5, 41) ON CONFLICT DO NOTHING;
INSERT INTO chambre (idchambre, numtype, numchambre, etat) VALUES (nextval('chambre_idchambre_seq'), 3, 1, 'Occupée');
INSERT INTO proposer (numtype, numresort) VALUES (3, 42) ON CONFLICT DO NOTHING;
INSERT INTO chambre (idchambre, numtype, numchambre, etat) VALUES (nextval('chambre_idchambre_seq'), 3, 2, 'Maintenance');
INSERT INTO proposer (numtype, numresort) VALUES (3, 42) ON CONFLICT DO NOTHING;
INSERT INTO chambre (idchambre, numtype, numchambre, etat) VALUES (nextval('chambre_idchambre_seq'), 3, 3, 'Disponible');
INSERT INTO proposer (numtype, numresort) VALUES (3, 42) ON CONFLICT DO NOTHING;
INSERT INTO chambre (idchambre, numtype, numchambre, etat) VALUES (nextval('chambre_idchambre_seq'), 3, 4, 'Disponible');
INSERT INTO proposer (numtype, numresort) VALUES (3, 42) ON CONFLICT DO NOTHING;
INSERT INTO chambre (idchambre, numtype, numchambre, etat) VALUES (nextval('chambre_idchambre_seq'), 3, 5, 'Occupée');
INSERT INTO proposer (numtype, numresort) VALUES (3, 42) ON CONFLICT DO NOTHING;
INSERT INTO chambre (idchambre, numtype, numchambre, etat) VALUES (nextval('chambre_idchambre_seq'), 3, 6, 'Occupée');
INSERT INTO proposer (numtype, numresort) VALUES (3, 42) ON CONFLICT DO NOTHING;
INSERT INTO chambre (idchambre, numtype, numchambre, etat) VALUES (nextval('chambre_idchambre_seq'), 3, 7, 'Disponible');
INSERT INTO proposer (numtype, numresort) VALUES (3, 42) ON CONFLICT DO NOTHING;
INSERT INTO chambre (idchambre, numtype, numchambre, etat) VALUES (nextval('chambre_idchambre_seq'), 3, 8, 'Disponible');
INSERT INTO proposer (numtype, numresort) VALUES (3, 42) ON CONFLICT DO NOTHING;
INSERT INTO chambre (idchambre, numtype, numchambre, etat) VALUES (nextval('chambre_idchambre_seq'), 3, 9, 'Occupée');
INSERT INTO proposer (numtype, numresort) VALUES (3, 42) ON CONFLICT DO NOTHING;
INSERT INTO chambre (idchambre, numtype, numchambre, etat) VALUES (nextval('chambre_idchambre_seq'), 3, 10, 'Maintenance');
INSERT INTO proposer (numtype, numresort) VALUES (3, 42) ON CONFLICT DO NOTHING;
INSERT INTO chambre (idchambre, numtype, numchambre, etat) VALUES (nextval('chambre_idchambre_seq'), 3, 11, 'Maintenance');
INSERT INTO proposer (numtype, numresort) VALUES (3, 42) ON CONFLICT DO NOTHING;
INSERT INTO chambre (idchambre, numtype, numchambre, etat) VALUES (nextval('chambre_idchambre_seq'), 3, 12, 'Disponible');
INSERT INTO proposer (numtype, numresort) VALUES (3, 42) ON CONFLICT DO NOTHING;
INSERT INTO chambre (idchambre, numtype, numchambre, etat) VALUES (nextval('chambre_idchambre_seq'), 3, 13, 'Maintenance');
INSERT INTO proposer (numtype, numresort) VALUES (3, 42) ON CONFLICT DO NOTHING;
INSERT INTO chambre (idchambre, numtype, numchambre, etat) VALUES (nextval('chambre_idchambre_seq'), 3, 14, 'Disponible');
INSERT INTO proposer (numtype, numresort) VALUES (3, 42) ON CONFLICT DO NOTHING;
INSERT INTO chambre (idchambre, numtype, numchambre, etat) VALUES (nextval('chambre_idchambre_seq'), 3, 15, 'Occupée');
INSERT INTO proposer (numtype, numresort) VALUES (3, 42) ON CONFLICT DO NOTHING;
INSERT INTO chambre (idchambre, numtype, numchambre, etat) VALUES (nextval('chambre_idchambre_seq'), 3, 16, 'Occupée');
INSERT INTO proposer (numtype, numresort) VALUES (3, 42) ON CONFLICT DO NOTHING;
INSERT INTO chambre (idchambre, numtype, numchambre, etat) VALUES (nextval('chambre_idchambre_seq'), 3, 17, 'Disponible');
INSERT INTO proposer (numtype, numresort) VALUES (3, 42) ON CONFLICT DO NOTHING;
INSERT INTO chambre (idchambre, numtype, numchambre, etat) VALUES (nextval('chambre_idchambre_seq'), 2, 1, 'Maintenance');
INSERT INTO proposer (numtype, numresort) VALUES (2, 42) ON CONFLICT DO NOTHING;
INSERT INTO chambre (idchambre, numtype, numchambre, etat) VALUES (nextval('chambre_idchambre_seq'), 2, 2, 'Occupée');
INSERT INTO proposer (numtype, numresort) VALUES (2, 42) ON CONFLICT DO NOTHING;
INSERT INTO chambre (idchambre, numtype, numchambre, etat) VALUES (nextval('chambre_idchambre_seq'), 2, 3, 'Occupée');
INSERT INTO proposer (numtype, numresort) VALUES (2, 42) ON CONFLICT DO NOTHING;
INSERT INTO chambre (idchambre, numtype, numchambre, etat) VALUES (nextval('chambre_idchambre_seq'), 2, 4, 'Maintenance');
INSERT INTO proposer (numtype, numresort) VALUES (2, 42) ON CONFLICT DO NOTHING;
INSERT INTO chambre (idchambre, numtype, numchambre, etat) VALUES (nextval('chambre_idchambre_seq'), 2, 5, 'Maintenance');
INSERT INTO proposer (numtype, numresort) VALUES (2, 42) ON CONFLICT DO NOTHING;
INSERT INTO chambre (idchambre, numtype, numchambre, etat) VALUES (nextval('chambre_idchambre_seq'), 2, 6, 'Disponible');
INSERT INTO proposer (numtype, numresort) VALUES (2, 42) ON CONFLICT DO NOTHING;
INSERT INTO chambre (idchambre, numtype, numchambre, etat) VALUES (nextval('chambre_idchambre_seq'), 2, 7, 'Occupée');
INSERT INTO proposer (numtype, numresort) VALUES (2, 42) ON CONFLICT DO NOTHING;
INSERT INTO chambre (idchambre, numtype, numchambre, etat) VALUES (nextval('chambre_idchambre_seq'), 2, 8, 'Disponible');
INSERT INTO proposer (numtype, numresort) VALUES (2, 42) ON CONFLICT DO NOTHING;
INSERT INTO chambre (idchambre, numtype, numchambre, etat) VALUES (nextval('chambre_idchambre_seq'), 2, 9, 'Disponible');
INSERT INTO proposer (numtype, numresort) VALUES (2, 42) ON CONFLICT DO NOTHING;
INSERT INTO chambre (idchambre, numtype, numchambre, etat) VALUES (nextval('chambre_idchambre_seq'), 2, 10, 'Maintenance');
INSERT INTO proposer (numtype, numresort) VALUES (2, 42) ON CONFLICT DO NOTHING;
INSERT INTO chambre (idchambre, numtype, numchambre, etat) VALUES (nextval('chambre_idchambre_seq'), 2, 11, 'Disponible');
INSERT INTO proposer (numtype, numresort) VALUES (2, 42) ON CONFLICT DO NOTHING;
INSERT INTO chambre (idchambre, numtype, numchambre, etat) VALUES (nextval('chambre_idchambre_seq'), 2, 12, 'Disponible');
INSERT INTO proposer (numtype, numresort) VALUES (2, 42) ON CONFLICT DO NOTHING;
INSERT INTO chambre (idchambre, numtype, numchambre, etat) VALUES (nextval('chambre_idchambre_seq'), 2, 13, 'Occupée');
INSERT INTO proposer (numtype, numresort) VALUES (2, 42) ON CONFLICT DO NOTHING;
INSERT INTO chambre (idchambre, numtype, numchambre, etat) VALUES (nextval('chambre_idchambre_seq'), 2, 14, 'Disponible');
INSERT INTO proposer (numtype, numresort) VALUES (2, 42) ON CONFLICT DO NOTHING;
INSERT INTO chambre (idchambre, numtype, numchambre, etat) VALUES (nextval('chambre_idchambre_seq'), 2, 15, 'Disponible');
INSERT INTO proposer (numtype, numresort) VALUES (2, 42) ON CONFLICT DO NOTHING;
INSERT INTO chambre (idchambre, numtype, numchambre, etat) VALUES (nextval('chambre_idchambre_seq'), 2, 16, 'Disponible');
INSERT INTO proposer (numtype, numresort) VALUES (2, 42) ON CONFLICT DO NOTHING;
INSERT INTO chambre (idchambre, numtype, numchambre, etat) VALUES (nextval('chambre_idchambre_seq'), 2, 17, 'Occupée');
INSERT INTO proposer (numtype, numresort) VALUES (2, 42) ON CONFLICT DO NOTHING;
INSERT INTO chambre (idchambre, numtype, numchambre, etat) VALUES (nextval('chambre_idchambre_seq'), 5, 1, 'Maintenance');
INSERT INTO proposer (numtype, numresort) VALUES (5, 42) ON CONFLICT DO NOTHING;
INSERT INTO chambre (idchambre, numtype, numchambre, etat) VALUES (nextval('chambre_idchambre_seq'), 5, 2, 'Maintenance');
INSERT INTO proposer (numtype, numresort) VALUES (5, 42) ON CONFLICT DO NOTHING;
INSERT INTO chambre (idchambre, numtype, numchambre, etat) VALUES (nextval('chambre_idchambre_seq'), 5, 3, 'Maintenance');
INSERT INTO proposer (numtype, numresort) VALUES (5, 42) ON CONFLICT DO NOTHING;
INSERT INTO chambre (idchambre, numtype, numchambre, etat) VALUES (nextval('chambre_idchambre_seq'), 5, 4, 'Occupée');
INSERT INTO proposer (numtype, numresort) VALUES (5, 42) ON CONFLICT DO NOTHING;
INSERT INTO chambre (idchambre, numtype, numchambre, etat) VALUES (nextval('chambre_idchambre_seq'), 5, 5, 'Occupée');
INSERT INTO proposer (numtype, numresort) VALUES (5, 42) ON CONFLICT DO NOTHING;
INSERT INTO chambre (idchambre, numtype, numchambre, etat) VALUES (nextval('chambre_idchambre_seq'), 5, 6, 'Maintenance');
INSERT INTO proposer (numtype, numresort) VALUES (5, 42) ON CONFLICT DO NOTHING;
INSERT INTO chambre (idchambre, numtype, numchambre, etat) VALUES (nextval('chambre_idchambre_seq'), 5, 7, 'Occupée');
INSERT INTO proposer (numtype, numresort) VALUES (5, 42) ON CONFLICT DO NOTHING;
INSERT INTO chambre (idchambre, numtype, numchambre, etat) VALUES (nextval('chambre_idchambre_seq'), 5, 8, 'Disponible');
INSERT INTO proposer (numtype, numresort) VALUES (5, 42) ON CONFLICT DO NOTHING;
INSERT INTO chambre (idchambre, numtype, numchambre, etat) VALUES (nextval('chambre_idchambre_seq'), 5, 9, 'Maintenance');
INSERT INTO proposer (numtype, numresort) VALUES (5, 42) ON CONFLICT DO NOTHING;
INSERT INTO chambre (idchambre, numtype, numchambre, etat) VALUES (nextval('chambre_idchambre_seq'), 5, 10, 'Maintenance');
INSERT INTO proposer (numtype, numresort) VALUES (5, 42) ON CONFLICT DO NOTHING;
INSERT INTO chambre (idchambre, numtype, numchambre, etat) VALUES (nextval('chambre_idchambre_seq'), 5, 11, 'Maintenance');
INSERT INTO proposer (numtype, numresort) VALUES (5, 42) ON CONFLICT DO NOTHING;
INSERT INTO chambre (idchambre, numtype, numchambre, etat) VALUES (nextval('chambre_idchambre_seq'), 5, 12, 'Maintenance');
INSERT INTO proposer (numtype, numresort) VALUES (5, 42) ON CONFLICT DO NOTHING;
INSERT INTO chambre (idchambre, numtype, numchambre, etat) VALUES (nextval('chambre_idchambre_seq'), 5, 13, 'Disponible');
INSERT INTO proposer (numtype, numresort) VALUES (5, 42) ON CONFLICT DO NOTHING;
INSERT INTO chambre (idchambre, numtype, numchambre, etat) VALUES (nextval('chambre_idchambre_seq'), 5, 14, 'Occupée');
INSERT INTO proposer (numtype, numresort) VALUES (5, 42) ON CONFLICT DO NOTHING;
INSERT INTO chambre (idchambre, numtype, numchambre, etat) VALUES (nextval('chambre_idchambre_seq'), 1, 1, 'Occupée');
INSERT INTO proposer (numtype, numresort) VALUES (1, 42) ON CONFLICT DO NOTHING;
INSERT INTO chambre (idchambre, numtype, numchambre, etat) VALUES (nextval('chambre_idchambre_seq'), 1, 2, 'Disponible');
INSERT INTO proposer (numtype, numresort) VALUES (1, 42) ON CONFLICT DO NOTHING;
INSERT INTO chambre (idchambre, numtype, numchambre, etat) VALUES (nextval('chambre_idchambre_seq'), 1, 3, 'Maintenance');
INSERT INTO proposer (numtype, numresort) VALUES (1, 42) ON CONFLICT DO NOTHING;
INSERT INTO chambre (idchambre, numtype, numchambre, etat) VALUES (nextval('chambre_idchambre_seq'), 1, 4, 'Disponible');
INSERT INTO proposer (numtype, numresort) VALUES (1, 42) ON CONFLICT DO NOTHING;
INSERT INTO chambre (idchambre, numtype, numchambre, etat) VALUES (nextval('chambre_idchambre_seq'), 1, 5, 'Disponible');
INSERT INTO proposer (numtype, numresort) VALUES (1, 42) ON CONFLICT DO NOTHING;
INSERT INTO chambre (idchambre, numtype, numchambre, etat) VALUES (nextval('chambre_idchambre_seq'), 1, 6, 'Maintenance');
INSERT INTO proposer (numtype, numresort) VALUES (1, 42) ON CONFLICT DO NOTHING;
INSERT INTO chambre (idchambre, numtype, numchambre, etat) VALUES (nextval('chambre_idchambre_seq'), 1, 7, 'Occupée');
INSERT INTO proposer (numtype, numresort) VALUES (1, 42) ON CONFLICT DO NOTHING;
INSERT INTO chambre (idchambre, numtype, numchambre, etat) VALUES (nextval('chambre_idchambre_seq'), 5, 1, 'Maintenance');
INSERT INTO proposer (numtype, numresort) VALUES (5, 43) ON CONFLICT DO NOTHING;
INSERT INTO chambre (idchambre, numtype, numchambre, etat) VALUES (nextval('chambre_idchambre_seq'), 5, 2, 'Disponible');
INSERT INTO proposer (numtype, numresort) VALUES (5, 43) ON CONFLICT DO NOTHING;
INSERT INTO chambre (idchambre, numtype, numchambre, etat) VALUES (nextval('chambre_idchambre_seq'), 5, 3, 'Disponible');
INSERT INTO proposer (numtype, numresort) VALUES (5, 43) ON CONFLICT DO NOTHING;
INSERT INTO chambre (idchambre, numtype, numchambre, etat) VALUES (nextval('chambre_idchambre_seq'), 5, 4, 'Disponible');
INSERT INTO proposer (numtype, numresort) VALUES (5, 43) ON CONFLICT DO NOTHING;
INSERT INTO chambre (idchambre, numtype, numchambre, etat) VALUES (nextval('chambre_idchambre_seq'), 5, 5, 'Disponible');
INSERT INTO proposer (numtype, numresort) VALUES (5, 43) ON CONFLICT DO NOTHING;
INSERT INTO chambre (idchambre, numtype, numchambre, etat) VALUES (nextval('chambre_idchambre_seq'), 5, 6, 'Occupée');
INSERT INTO proposer (numtype, numresort) VALUES (5, 43) ON CONFLICT DO NOTHING;
INSERT INTO chambre (idchambre, numtype, numchambre, etat) VALUES (nextval('chambre_idchambre_seq'), 5, 7, 'Disponible');
INSERT INTO proposer (numtype, numresort) VALUES (5, 43) ON CONFLICT DO NOTHING;
INSERT INTO chambre (idchambre, numtype, numchambre, etat) VALUES (nextval('chambre_idchambre_seq'), 5, 8, 'Occupée');
INSERT INTO proposer (numtype, numresort) VALUES (5, 43) ON CONFLICT DO NOTHING;
INSERT INTO chambre (idchambre, numtype, numchambre, etat) VALUES (nextval('chambre_idchambre_seq'), 5, 9, 'Maintenance');
INSERT INTO proposer (numtype, numresort) VALUES (5, 43) ON CONFLICT DO NOTHING;
INSERT INTO chambre (idchambre, numtype, numchambre, etat) VALUES (nextval('chambre_idchambre_seq'), 5, 10, 'Maintenance');
INSERT INTO proposer (numtype, numresort) VALUES (5, 43) ON CONFLICT DO NOTHING;
INSERT INTO chambre (idchambre, numtype, numchambre, etat) VALUES (nextval('chambre_idchambre_seq'), 5, 11, 'Disponible');
INSERT INTO proposer (numtype, numresort) VALUES (5, 43) ON CONFLICT DO NOTHING;
INSERT INTO chambre (idchambre, numtype, numchambre, etat) VALUES (nextval('chambre_idchambre_seq'), 5, 12, 'Occupée');
INSERT INTO proposer (numtype, numresort) VALUES (5, 43) ON CONFLICT DO NOTHING;
INSERT INTO chambre (idchambre, numtype, numchambre, etat) VALUES (nextval('chambre_idchambre_seq'), 5, 13, 'Maintenance');
INSERT INTO proposer (numtype, numresort) VALUES (5, 43) ON CONFLICT DO NOTHING;
INSERT INTO chambre (idchambre, numtype, numchambre, etat) VALUES (nextval('chambre_idchambre_seq'), 5, 14, 'Maintenance');
INSERT INTO proposer (numtype, numresort) VALUES (5, 43) ON CONFLICT DO NOTHING;
INSERT INTO chambre (idchambre, numtype, numchambre, etat) VALUES (nextval('chambre_idchambre_seq'), 5, 15, 'Maintenance');
INSERT INTO proposer (numtype, numresort) VALUES (5, 43) ON CONFLICT DO NOTHING;
INSERT INTO chambre (idchambre, numtype, numchambre, etat) VALUES (nextval('chambre_idchambre_seq'), 5, 16, 'Maintenance');
INSERT INTO proposer (numtype, numresort) VALUES (5, 43) ON CONFLICT DO NOTHING;
INSERT INTO chambre (idchambre, numtype, numchambre, etat) VALUES (nextval('chambre_idchambre_seq'), 5, 17, 'Disponible');
INSERT INTO proposer (numtype, numresort) VALUES (5, 43) ON CONFLICT DO NOTHING;
INSERT INTO chambre (idchambre, numtype, numchambre, etat) VALUES (nextval('chambre_idchambre_seq'), 5, 18, 'Disponible');
INSERT INTO proposer (numtype, numresort) VALUES (5, 43) ON CONFLICT DO NOTHING;
INSERT INTO chambre (idchambre, numtype, numchambre, etat) VALUES (nextval('chambre_idchambre_seq'), 1, 1, 'Maintenance');
INSERT INTO proposer (numtype, numresort) VALUES (1, 43) ON CONFLICT DO NOTHING;
INSERT INTO chambre (idchambre, numtype, numchambre, etat) VALUES (nextval('chambre_idchambre_seq'), 1, 2, 'Disponible');
INSERT INTO proposer (numtype, numresort) VALUES (1, 43) ON CONFLICT DO NOTHING;
INSERT INTO chambre (idchambre, numtype, numchambre, etat) VALUES (nextval('chambre_idchambre_seq'), 1, 3, 'Maintenance');
INSERT INTO proposer (numtype, numresort) VALUES (1, 43) ON CONFLICT DO NOTHING;
INSERT INTO chambre (idchambre, numtype, numchambre, etat) VALUES (nextval('chambre_idchambre_seq'), 1, 4, 'Disponible');
INSERT INTO proposer (numtype, numresort) VALUES (1, 43) ON CONFLICT DO NOTHING;
INSERT INTO chambre (idchambre, numtype, numchambre, etat) VALUES (nextval('chambre_idchambre_seq'), 1, 5, 'Disponible');
INSERT INTO proposer (numtype, numresort) VALUES (1, 43) ON CONFLICT DO NOTHING;
INSERT INTO chambre (idchambre, numtype, numchambre, etat) VALUES (nextval('chambre_idchambre_seq'), 2, 1, 'Occupée');
INSERT INTO proposer (numtype, numresort) VALUES (2, 43) ON CONFLICT DO NOTHING;
INSERT INTO chambre (idchambre, numtype, numchambre, etat) VALUES (nextval('chambre_idchambre_seq'), 2, 2, 'Maintenance');
INSERT INTO proposer (numtype, numresort) VALUES (2, 43) ON CONFLICT DO NOTHING;
INSERT INTO chambre (idchambre, numtype, numchambre, etat) VALUES (nextval('chambre_idchambre_seq'), 2, 3, 'Maintenance');
INSERT INTO proposer (numtype, numresort) VALUES (2, 43) ON CONFLICT DO NOTHING;
INSERT INTO chambre (idchambre, numtype, numchambre, etat) VALUES (nextval('chambre_idchambre_seq'), 2, 4, 'Maintenance');
INSERT INTO proposer (numtype, numresort) VALUES (2, 43) ON CONFLICT DO NOTHING;
INSERT INTO chambre (idchambre, numtype, numchambre, etat) VALUES (nextval('chambre_idchambre_seq'), 2, 5, 'Occupée');
INSERT INTO proposer (numtype, numresort) VALUES (2, 43) ON CONFLICT DO NOTHING;
INSERT INTO chambre (idchambre, numtype, numchambre, etat) VALUES (nextval('chambre_idchambre_seq'), 2, 6, 'Disponible');
INSERT INTO proposer (numtype, numresort) VALUES (2, 43) ON CONFLICT DO NOTHING;
INSERT INTO chambre (idchambre, numtype, numchambre, etat) VALUES (nextval('chambre_idchambre_seq'), 2, 7, 'Occupée');
INSERT INTO proposer (numtype, numresort) VALUES (2, 43) ON CONFLICT DO NOTHING;
INSERT INTO chambre (idchambre, numtype, numchambre, etat) VALUES (nextval('chambre_idchambre_seq'), 2, 8, 'Disponible');
INSERT INTO proposer (numtype, numresort) VALUES (2, 43) ON CONFLICT DO NOTHING;
INSERT INTO chambre (idchambre, numtype, numchambre, etat) VALUES (nextval('chambre_idchambre_seq'), 2, 9, 'Maintenance');
INSERT INTO proposer (numtype, numresort) VALUES (2, 43) ON CONFLICT DO NOTHING;
INSERT INTO chambre (idchambre, numtype, numchambre, etat) VALUES (nextval('chambre_idchambre_seq'), 2, 10, 'Occupée');
INSERT INTO proposer (numtype, numresort) VALUES (2, 43) ON CONFLICT DO NOTHING;
INSERT INTO chambre (idchambre, numtype, numchambre, etat) VALUES (nextval('chambre_idchambre_seq'), 2, 11, 'Maintenance');
INSERT INTO proposer (numtype, numresort) VALUES (2, 43) ON CONFLICT DO NOTHING;
INSERT INTO chambre (idchambre, numtype, numchambre, etat) VALUES (nextval('chambre_idchambre_seq'), 2, 12, 'Disponible');
INSERT INTO proposer (numtype, numresort) VALUES (2, 43) ON CONFLICT DO NOTHING;
INSERT INTO chambre (idchambre, numtype, numchambre, etat) VALUES (nextval('chambre_idchambre_seq'), 2, 13, 'Disponible');
INSERT INTO proposer (numtype, numresort) VALUES (2, 43) ON CONFLICT DO NOTHING;
INSERT INTO chambre (idchambre, numtype, numchambre, etat) VALUES (nextval('chambre_idchambre_seq'), 2, 14, 'Occupée');
INSERT INTO proposer (numtype, numresort) VALUES (2, 43) ON CONFLICT DO NOTHING;
INSERT INTO chambre (idchambre, numtype, numchambre, etat) VALUES (nextval('chambre_idchambre_seq'), 2, 15, 'Occupée');
INSERT INTO proposer (numtype, numresort) VALUES (2, 43) ON CONFLICT DO NOTHING;
INSERT INTO chambre (idchambre, numtype, numchambre, etat) VALUES (nextval('chambre_idchambre_seq'), 2, 16, 'Occupée');
INSERT INTO proposer (numtype, numresort) VALUES (2, 43) ON CONFLICT DO NOTHING;
INSERT INTO chambre (idchambre, numtype, numchambre, etat) VALUES (nextval('chambre_idchambre_seq'), 2, 17, 'Maintenance');
INSERT INTO proposer (numtype, numresort) VALUES (2, 43) ON CONFLICT DO NOTHING;
INSERT INTO chambre (idchambre, numtype, numchambre, etat) VALUES (nextval('chambre_idchambre_seq'), 2, 18, 'Disponible');
INSERT INTO proposer (numtype, numresort) VALUES (2, 43) ON CONFLICT DO NOTHING;
INSERT INTO chambre (idchambre, numtype, numchambre, etat) VALUES (nextval('chambre_idchambre_seq'), 2, 19, 'Occupée');
INSERT INTO proposer (numtype, numresort) VALUES (2, 43) ON CONFLICT DO NOTHING;
INSERT INTO chambre (idchambre, numtype, numchambre, etat) VALUES (nextval('chambre_idchambre_seq'), 2, 20, 'Maintenance');
INSERT INTO proposer (numtype, numresort) VALUES (2, 43) ON CONFLICT DO NOTHING;
INSERT INTO chambre (idchambre, numtype, numchambre, etat) VALUES (nextval('chambre_idchambre_seq'), 1, 1, 'Occupée');
INSERT INTO proposer (numtype, numresort) VALUES (1, 44) ON CONFLICT DO NOTHING;
INSERT INTO chambre (idchambre, numtype, numchambre, etat) VALUES (nextval('chambre_idchambre_seq'), 1, 2, 'Maintenance');
INSERT INTO proposer (numtype, numresort) VALUES (1, 44) ON CONFLICT DO NOTHING;
INSERT INTO chambre (idchambre, numtype, numchambre, etat) VALUES (nextval('chambre_idchambre_seq'), 1, 3, 'Disponible');
INSERT INTO proposer (numtype, numresort) VALUES (1, 44) ON CONFLICT DO NOTHING;
INSERT INTO chambre (idchambre, numtype, numchambre, etat) VALUES (nextval('chambre_idchambre_seq'), 1, 4, 'Occupée');
INSERT INTO proposer (numtype, numresort) VALUES (1, 44) ON CONFLICT DO NOTHING;
INSERT INTO chambre (idchambre, numtype, numchambre, etat) VALUES (nextval('chambre_idchambre_seq'), 1, 5, 'Disponible');
INSERT INTO proposer (numtype, numresort) VALUES (1, 44) ON CONFLICT DO NOTHING;
INSERT INTO chambre (idchambre, numtype, numchambre, etat) VALUES (nextval('chambre_idchambre_seq'), 1, 6, 'Occupée');
INSERT INTO proposer (numtype, numresort) VALUES (1, 44) ON CONFLICT DO NOTHING;
INSERT INTO chambre (idchambre, numtype, numchambre, etat) VALUES (nextval('chambre_idchambre_seq'), 4, 1, 'Maintenance');
INSERT INTO proposer (numtype, numresort) VALUES (4, 44) ON CONFLICT DO NOTHING;
INSERT INTO chambre (idchambre, numtype, numchambre, etat) VALUES (nextval('chambre_idchambre_seq'), 4, 2, 'Maintenance');
INSERT INTO proposer (numtype, numresort) VALUES (4, 44) ON CONFLICT DO NOTHING;
INSERT INTO chambre (idchambre, numtype, numchambre, etat) VALUES (nextval('chambre_idchambre_seq'), 4, 3, 'Maintenance');
INSERT INTO proposer (numtype, numresort) VALUES (4, 44) ON CONFLICT DO NOTHING;
INSERT INTO chambre (idchambre, numtype, numchambre, etat) VALUES (nextval('chambre_idchambre_seq'), 4, 4, 'Disponible');
INSERT INTO proposer (numtype, numresort) VALUES (4, 44) ON CONFLICT DO NOTHING;
INSERT INTO chambre (idchambre, numtype, numchambre, etat) VALUES (nextval('chambre_idchambre_seq'), 4, 5, 'Disponible');
INSERT INTO proposer (numtype, numresort) VALUES (4, 44) ON CONFLICT DO NOTHING;
INSERT INTO chambre (idchambre, numtype, numchambre, etat) VALUES (nextval('chambre_idchambre_seq'), 4, 6, 'Maintenance');
INSERT INTO proposer (numtype, numresort) VALUES (4, 44) ON CONFLICT DO NOTHING;
INSERT INTO chambre (idchambre, numtype, numchambre, etat) VALUES (nextval('chambre_idchambre_seq'), 4, 7, 'Maintenance');
INSERT INTO proposer (numtype, numresort) VALUES (4, 44) ON CONFLICT DO NOTHING;
INSERT INTO chambre (idchambre, numtype, numchambre, etat) VALUES (nextval('chambre_idchambre_seq'), 4, 8, 'Disponible');
INSERT INTO proposer (numtype, numresort) VALUES (4, 44) ON CONFLICT DO NOTHING;
INSERT INTO chambre (idchambre, numtype, numchambre, etat) VALUES (nextval('chambre_idchambre_seq'), 2, 1, 'Disponible');
INSERT INTO proposer (numtype, numresort) VALUES (2, 44) ON CONFLICT DO NOTHING;
INSERT INTO chambre (idchambre, numtype, numchambre, etat) VALUES (nextval('chambre_idchambre_seq'), 2, 2, 'Disponible');
INSERT INTO proposer (numtype, numresort) VALUES (2, 44) ON CONFLICT DO NOTHING;
INSERT INTO chambre (idchambre, numtype, numchambre, etat) VALUES (nextval('chambre_idchambre_seq'), 2, 3, 'Disponible');
INSERT INTO proposer (numtype, numresort) VALUES (2, 44) ON CONFLICT DO NOTHING;
INSERT INTO chambre (idchambre, numtype, numchambre, etat) VALUES (nextval('chambre_idchambre_seq'), 2, 4, 'Occupée');
INSERT INTO proposer (numtype, numresort) VALUES (2, 44) ON CONFLICT DO NOTHING;
INSERT INTO chambre (idchambre, numtype, numchambre, etat) VALUES (nextval('chambre_idchambre_seq'), 2, 5, 'Occupée');
INSERT INTO proposer (numtype, numresort) VALUES (2, 44) ON CONFLICT DO NOTHING;
INSERT INTO chambre (idchambre, numtype, numchambre, etat) VALUES (nextval('chambre_idchambre_seq'), 2, 6, 'Occupée');
INSERT INTO proposer (numtype, numresort) VALUES (2, 44) ON CONFLICT DO NOTHING;
INSERT INTO chambre (idchambre, numtype, numchambre, etat) VALUES (nextval('chambre_idchambre_seq'), 3, 1, 'Disponible');
INSERT INTO proposer (numtype, numresort) VALUES (3, 44) ON CONFLICT DO NOTHING;
INSERT INTO chambre (idchambre, numtype, numchambre, etat) VALUES (nextval('chambre_idchambre_seq'), 3, 2, 'Disponible');
INSERT INTO proposer (numtype, numresort) VALUES (3, 44) ON CONFLICT DO NOTHING;
INSERT INTO chambre (idchambre, numtype, numchambre, etat) VALUES (nextval('chambre_idchambre_seq'), 3, 3, 'Maintenance');
INSERT INTO proposer (numtype, numresort) VALUES (3, 44) ON CONFLICT DO NOTHING;
INSERT INTO chambre (idchambre, numtype, numchambre, etat) VALUES (nextval('chambre_idchambre_seq'), 3, 4, 'Maintenance');
INSERT INTO proposer (numtype, numresort) VALUES (3, 44) ON CONFLICT DO NOTHING;
INSERT INTO chambre (idchambre, numtype, numchambre, etat) VALUES (nextval('chambre_idchambre_seq'), 3, 5, 'Maintenance');
INSERT INTO proposer (numtype, numresort) VALUES (3, 44) ON CONFLICT DO NOTHING;
INSERT INTO chambre (idchambre, numtype, numchambre, etat) VALUES (nextval('chambre_idchambre_seq'), 3, 6, 'Maintenance');
INSERT INTO proposer (numtype, numresort) VALUES (3, 44) ON CONFLICT DO NOTHING;
INSERT INTO chambre (idchambre, numtype, numchambre, etat) VALUES (nextval('chambre_idchambre_seq'), 3, 7, 'Occupée');
INSERT INTO proposer (numtype, numresort) VALUES (3, 44) ON CONFLICT DO NOTHING;
INSERT INTO chambre (idchambre, numtype, numchambre, etat) VALUES (nextval('chambre_idchambre_seq'), 3, 8, 'Disponible');
INSERT INTO proposer (numtype, numresort) VALUES (3, 44) ON CONFLICT DO NOTHING;
INSERT INTO chambre (idchambre, numtype, numchambre, etat) VALUES (nextval('chambre_idchambre_seq'), 3, 9, 'Occupée');
INSERT INTO proposer (numtype, numresort) VALUES (3, 44) ON CONFLICT DO NOTHING;
INSERT INTO chambre (idchambre, numtype, numchambre, etat) VALUES (nextval('chambre_idchambre_seq'), 4, 1, 'Disponible');
INSERT INTO proposer (numtype, numresort) VALUES (4, 45) ON CONFLICT DO NOTHING;
INSERT INTO chambre (idchambre, numtype, numchambre, etat) VALUES (nextval('chambre_idchambre_seq'), 4, 2, 'Maintenance');
INSERT INTO proposer (numtype, numresort) VALUES (4, 45) ON CONFLICT DO NOTHING;
INSERT INTO chambre (idchambre, numtype, numchambre, etat) VALUES (nextval('chambre_idchambre_seq'), 4, 3, 'Occupée');
INSERT INTO proposer (numtype, numresort) VALUES (4, 45) ON CONFLICT DO NOTHING;
INSERT INTO chambre (idchambre, numtype, numchambre, etat) VALUES (nextval('chambre_idchambre_seq'), 4, 4, 'Disponible');
INSERT INTO proposer (numtype, numresort) VALUES (4, 45) ON CONFLICT DO NOTHING;
INSERT INTO chambre (idchambre, numtype, numchambre, etat) VALUES (nextval('chambre_idchambre_seq'), 4, 5, 'Maintenance');
INSERT INTO proposer (numtype, numresort) VALUES (4, 45) ON CONFLICT DO NOTHING;
INSERT INTO chambre (idchambre, numtype, numchambre, etat) VALUES (nextval('chambre_idchambre_seq'), 4, 6, 'Maintenance');
INSERT INTO proposer (numtype, numresort) VALUES (4, 45) ON CONFLICT DO NOTHING;
INSERT INTO chambre (idchambre, numtype, numchambre, etat) VALUES (nextval('chambre_idchambre_seq'), 4, 7, 'Disponible');
INSERT INTO proposer (numtype, numresort) VALUES (4, 45) ON CONFLICT DO NOTHING;
INSERT INTO chambre (idchambre, numtype, numchambre, etat) VALUES (nextval('chambre_idchambre_seq'), 4, 8, 'Disponible');
INSERT INTO proposer (numtype, numresort) VALUES (4, 45) ON CONFLICT DO NOTHING;
INSERT INTO chambre (idchambre, numtype, numchambre, etat) VALUES (nextval('chambre_idchambre_seq'), 4, 9, 'Disponible');
INSERT INTO proposer (numtype, numresort) VALUES (4, 45) ON CONFLICT DO NOTHING;
INSERT INTO chambre (idchambre, numtype, numchambre, etat) VALUES (nextval('chambre_idchambre_seq'), 4, 10, 'Maintenance');
INSERT INTO proposer (numtype, numresort) VALUES (4, 45) ON CONFLICT DO NOTHING;
INSERT INTO chambre (idchambre, numtype, numchambre, etat) VALUES (nextval('chambre_idchambre_seq'), 4, 11, 'Disponible');
INSERT INTO proposer (numtype, numresort) VALUES (4, 45) ON CONFLICT DO NOTHING;
INSERT INTO chambre (idchambre, numtype, numchambre, etat) VALUES (nextval('chambre_idchambre_seq'), 4, 12, 'Occupée');
INSERT INTO proposer (numtype, numresort) VALUES (4, 45) ON CONFLICT DO NOTHING;
INSERT INTO chambre (idchambre, numtype, numchambre, etat) VALUES (nextval('chambre_idchambre_seq'), 4, 13, 'Disponible');
INSERT INTO proposer (numtype, numresort) VALUES (4, 45) ON CONFLICT DO NOTHING;
INSERT INTO chambre (idchambre, numtype, numchambre, etat) VALUES (nextval('chambre_idchambre_seq'), 3, 1, 'Occupée');
INSERT INTO proposer (numtype, numresort) VALUES (3, 45) ON CONFLICT DO NOTHING;
INSERT INTO chambre (idchambre, numtype, numchambre, etat) VALUES (nextval('chambre_idchambre_seq'), 3, 2, 'Occupée');
INSERT INTO proposer (numtype, numresort) VALUES (3, 45) ON CONFLICT DO NOTHING;
INSERT INTO chambre (idchambre, numtype, numchambre, etat) VALUES (nextval('chambre_idchambre_seq'), 3, 3, 'Occupée');
INSERT INTO proposer (numtype, numresort) VALUES (3, 45) ON CONFLICT DO NOTHING;
INSERT INTO chambre (idchambre, numtype, numchambre, etat) VALUES (nextval('chambre_idchambre_seq'), 3, 4, 'Disponible');
INSERT INTO proposer (numtype, numresort) VALUES (3, 45) ON CONFLICT DO NOTHING;
INSERT INTO chambre (idchambre, numtype, numchambre, etat) VALUES (nextval('chambre_idchambre_seq'), 3, 5, 'Maintenance');
INSERT INTO proposer (numtype, numresort) VALUES (3, 45) ON CONFLICT DO NOTHING;
INSERT INTO chambre (idchambre, numtype, numchambre, etat) VALUES (nextval('chambre_idchambre_seq'), 3, 6, 'Occupée');
INSERT INTO proposer (numtype, numresort) VALUES (3, 45) ON CONFLICT DO NOTHING;
INSERT INTO chambre (idchambre, numtype, numchambre, etat) VALUES (nextval('chambre_idchambre_seq'), 3, 7, 'Disponible');
INSERT INTO proposer (numtype, numresort) VALUES (3, 45) ON CONFLICT DO NOTHING;
INSERT INTO chambre (idchambre, numtype, numchambre, etat) VALUES (nextval('chambre_idchambre_seq'), 3, 8, 'Occupée');
INSERT INTO proposer (numtype, numresort) VALUES (3, 45) ON CONFLICT DO NOTHING;
INSERT INTO chambre (idchambre, numtype, numchambre, etat) VALUES (nextval('chambre_idchambre_seq'), 3, 9, 'Disponible');
INSERT INTO proposer (numtype, numresort) VALUES (3, 45) ON CONFLICT DO NOTHING;
INSERT INTO chambre (idchambre, numtype, numchambre, etat) VALUES (nextval('chambre_idchambre_seq'), 3, 10, 'Occupée');
INSERT INTO proposer (numtype, numresort) VALUES (3, 45) ON CONFLICT DO NOTHING;
INSERT INTO chambre (idchambre, numtype, numchambre, etat) VALUES (nextval('chambre_idchambre_seq'), 3, 11, 'Maintenance');
INSERT INTO proposer (numtype, numresort) VALUES (3, 45) ON CONFLICT DO NOTHING;
INSERT INTO chambre (idchambre, numtype, numchambre, etat) VALUES (nextval('chambre_idchambre_seq'), 3, 12, 'Occupée');
INSERT INTO proposer (numtype, numresort) VALUES (3, 45) ON CONFLICT DO NOTHING;
INSERT INTO chambre (idchambre, numtype, numchambre, etat) VALUES (nextval('chambre_idchambre_seq'), 3, 13, 'Maintenance');
INSERT INTO proposer (numtype, numresort) VALUES (3, 45) ON CONFLICT DO NOTHING;
INSERT INTO chambre (idchambre, numtype, numchambre, etat) VALUES (nextval('chambre_idchambre_seq'), 3, 14, 'Maintenance');
INSERT INTO proposer (numtype, numresort) VALUES (3, 45) ON CONFLICT DO NOTHING;
INSERT INTO chambre (idchambre, numtype, numchambre, etat) VALUES (nextval('chambre_idchambre_seq'), 3, 15, 'Disponible');
INSERT INTO proposer (numtype, numresort) VALUES (3, 45) ON CONFLICT DO NOTHING;
INSERT INTO chambre (idchambre, numtype, numchambre, etat) VALUES (nextval('chambre_idchambre_seq'), 3, 16, 'Occupée');
INSERT INTO proposer (numtype, numresort) VALUES (3, 45) ON CONFLICT DO NOTHING;
INSERT INTO chambre (idchambre, numtype, numchambre, etat) VALUES (nextval('chambre_idchambre_seq'), 3, 17, 'Occupée');
INSERT INTO proposer (numtype, numresort) VALUES (3, 45) ON CONFLICT DO NOTHING;
INSERT INTO chambre (idchambre, numtype, numchambre, etat) VALUES (nextval('chambre_idchambre_seq'), 3, 18, 'Maintenance');
INSERT INTO proposer (numtype, numresort) VALUES (3, 45) ON CONFLICT DO NOTHING;
INSERT INTO chambre (idchambre, numtype, numchambre, etat) VALUES (nextval('chambre_idchambre_seq'), 3, 19, 'Occupée');
INSERT INTO proposer (numtype, numresort) VALUES (3, 45) ON CONFLICT DO NOTHING;
INSERT INTO chambre (idchambre, numtype, numchambre, etat) VALUES (nextval('chambre_idchambre_seq'), 5, 1, 'Disponible');
INSERT INTO proposer (numtype, numresort) VALUES (5, 46) ON CONFLICT DO NOTHING;
INSERT INTO chambre (idchambre, numtype, numchambre, etat) VALUES (nextval('chambre_idchambre_seq'), 5, 2, 'Occupée');
INSERT INTO proposer (numtype, numresort) VALUES (5, 46) ON CONFLICT DO NOTHING;
INSERT INTO chambre (idchambre, numtype, numchambre, etat) VALUES (nextval('chambre_idchambre_seq'), 5, 3, 'Disponible');
INSERT INTO proposer (numtype, numresort) VALUES (5, 46) ON CONFLICT DO NOTHING;
INSERT INTO chambre (idchambre, numtype, numchambre, etat) VALUES (nextval('chambre_idchambre_seq'), 5, 4, 'Disponible');
INSERT INTO proposer (numtype, numresort) VALUES (5, 46) ON CONFLICT DO NOTHING;
INSERT INTO chambre (idchambre, numtype, numchambre, etat) VALUES (nextval('chambre_idchambre_seq'), 5, 5, 'Maintenance');
INSERT INTO proposer (numtype, numresort) VALUES (5, 46) ON CONFLICT DO NOTHING;
INSERT INTO chambre (idchambre, numtype, numchambre, etat) VALUES (nextval('chambre_idchambre_seq'), 5, 6, 'Occupée');
INSERT INTO proposer (numtype, numresort) VALUES (5, 46) ON CONFLICT DO NOTHING;
INSERT INTO chambre (idchambre, numtype, numchambre, etat) VALUES (nextval('chambre_idchambre_seq'), 5, 7, 'Maintenance');
INSERT INTO proposer (numtype, numresort) VALUES (5, 46) ON CONFLICT DO NOTHING;
INSERT INTO chambre (idchambre, numtype, numchambre, etat) VALUES (nextval('chambre_idchambre_seq'), 5, 8, 'Maintenance');
INSERT INTO proposer (numtype, numresort) VALUES (5, 46) ON CONFLICT DO NOTHING;
INSERT INTO chambre (idchambre, numtype, numchambre, etat) VALUES (nextval('chambre_idchambre_seq'), 5, 9, 'Disponible');
INSERT INTO proposer (numtype, numresort) VALUES (5, 46) ON CONFLICT DO NOTHING;
INSERT INTO chambre (idchambre, numtype, numchambre, etat) VALUES (nextval('chambre_idchambre_seq'), 2, 1, 'Disponible');
INSERT INTO proposer (numtype, numresort) VALUES (2, 46) ON CONFLICT DO NOTHING;
INSERT INTO chambre (idchambre, numtype, numchambre, etat) VALUES (nextval('chambre_idchambre_seq'), 2, 2, 'Maintenance');
INSERT INTO proposer (numtype, numresort) VALUES (2, 46) ON CONFLICT DO NOTHING;
INSERT INTO chambre (idchambre, numtype, numchambre, etat) VALUES (nextval('chambre_idchambre_seq'), 2, 3, 'Occupée');
INSERT INTO proposer (numtype, numresort) VALUES (2, 46) ON CONFLICT DO NOTHING;
INSERT INTO chambre (idchambre, numtype, numchambre, etat) VALUES (nextval('chambre_idchambre_seq'), 2, 4, 'Maintenance');
INSERT INTO proposer (numtype, numresort) VALUES (2, 46) ON CONFLICT DO NOTHING;
INSERT INTO chambre (idchambre, numtype, numchambre, etat) VALUES (nextval('chambre_idchambre_seq'), 2, 5, 'Maintenance');
INSERT INTO proposer (numtype, numresort) VALUES (2, 46) ON CONFLICT DO NOTHING;
INSERT INTO chambre (idchambre, numtype, numchambre, etat) VALUES (nextval('chambre_idchambre_seq'), 2, 6, 'Occupée');
INSERT INTO proposer (numtype, numresort) VALUES (2, 46) ON CONFLICT DO NOTHING;
INSERT INTO chambre (idchambre, numtype, numchambre, etat) VALUES (nextval('chambre_idchambre_seq'), 2, 7, 'Disponible');
INSERT INTO proposer (numtype, numresort) VALUES (2, 46) ON CONFLICT DO NOTHING;
INSERT INTO chambre (idchambre, numtype, numchambre, etat) VALUES (nextval('chambre_idchambre_seq'), 2, 8, 'Disponible');
INSERT INTO proposer (numtype, numresort) VALUES (2, 46) ON CONFLICT DO NOTHING;
INSERT INTO chambre (idchambre, numtype, numchambre, etat) VALUES (nextval('chambre_idchambre_seq'), 2, 9, 'Maintenance');
INSERT INTO proposer (numtype, numresort) VALUES (2, 46) ON CONFLICT DO NOTHING;
INSERT INTO chambre (idchambre, numtype, numchambre, etat) VALUES (nextval('chambre_idchambre_seq'), 2, 10, 'Disponible');
INSERT INTO proposer (numtype, numresort) VALUES (2, 46) ON CONFLICT DO NOTHING;
INSERT INTO chambre (idchambre, numtype, numchambre, etat) VALUES (nextval('chambre_idchambre_seq'), 2, 11, 'Occupée');
INSERT INTO proposer (numtype, numresort) VALUES (2, 46) ON CONFLICT DO NOTHING;
INSERT INTO chambre (idchambre, numtype, numchambre, etat) VALUES (nextval('chambre_idchambre_seq'), 2, 12, 'Occupée');
INSERT INTO proposer (numtype, numresort) VALUES (2, 46) ON CONFLICT DO NOTHING;
INSERT INTO chambre (idchambre, numtype, numchambre, etat) VALUES (nextval('chambre_idchambre_seq'), 2, 13, 'Disponible');
INSERT INTO proposer (numtype, numresort) VALUES (2, 46) ON CONFLICT DO NOTHING;
INSERT INTO chambre (idchambre, numtype, numchambre, etat) VALUES (nextval('chambre_idchambre_seq'), 2, 14, 'Disponible');
INSERT INTO proposer (numtype, numresort) VALUES (2, 46) ON CONFLICT DO NOTHING;
INSERT INTO chambre (idchambre, numtype, numchambre, etat) VALUES (nextval('chambre_idchambre_seq'), 2, 15, 'Maintenance');
INSERT INTO proposer (numtype, numresort) VALUES (2, 46) ON CONFLICT DO NOTHING;
INSERT INTO chambre (idchambre, numtype, numchambre, etat) VALUES (nextval('chambre_idchambre_seq'), 1, 1, 'Maintenance');
INSERT INTO proposer (numtype, numresort) VALUES (1, 47) ON CONFLICT DO NOTHING;
INSERT INTO chambre (idchambre, numtype, numchambre, etat) VALUES (nextval('chambre_idchambre_seq'), 1, 2, 'Occupée');
INSERT INTO proposer (numtype, numresort) VALUES (1, 47) ON CONFLICT DO NOTHING;
INSERT INTO chambre (idchambre, numtype, numchambre, etat) VALUES (nextval('chambre_idchambre_seq'), 1, 3, 'Occupée');
INSERT INTO proposer (numtype, numresort) VALUES (1, 47) ON CONFLICT DO NOTHING;
INSERT INTO chambre (idchambre, numtype, numchambre, etat) VALUES (nextval('chambre_idchambre_seq'), 1, 4, 'Maintenance');
INSERT INTO proposer (numtype, numresort) VALUES (1, 47) ON CONFLICT DO NOTHING;
INSERT INTO chambre (idchambre, numtype, numchambre, etat) VALUES (nextval('chambre_idchambre_seq'), 1, 5, 'Disponible');
INSERT INTO proposer (numtype, numresort) VALUES (1, 47) ON CONFLICT DO NOTHING;
INSERT INTO chambre (idchambre, numtype, numchambre, etat) VALUES (nextval('chambre_idchambre_seq'), 1, 6, 'Maintenance');
INSERT INTO proposer (numtype, numresort) VALUES (1, 47) ON CONFLICT DO NOTHING;
INSERT INTO chambre (idchambre, numtype, numchambre, etat) VALUES (nextval('chambre_idchambre_seq'), 1, 7, 'Disponible');
INSERT INTO proposer (numtype, numresort) VALUES (1, 47) ON CONFLICT DO NOTHING;
INSERT INTO chambre (idchambre, numtype, numchambre, etat) VALUES (nextval('chambre_idchambre_seq'), 1, 8, 'Maintenance');
INSERT INTO proposer (numtype, numresort) VALUES (1, 47) ON CONFLICT DO NOTHING;
INSERT INTO chambre (idchambre, numtype, numchambre, etat) VALUES (nextval('chambre_idchambre_seq'), 1, 9, 'Disponible');
INSERT INTO proposer (numtype, numresort) VALUES (1, 47) ON CONFLICT DO NOTHING;
INSERT INTO chambre (idchambre, numtype, numchambre, etat) VALUES (nextval('chambre_idchambre_seq'), 1, 10, 'Maintenance');
INSERT INTO proposer (numtype, numresort) VALUES (1, 47) ON CONFLICT DO NOTHING;
INSERT INTO chambre (idchambre, numtype, numchambre, etat) VALUES (nextval('chambre_idchambre_seq'), 1, 11, 'Occupée');
INSERT INTO proposer (numtype, numresort) VALUES (1, 47) ON CONFLICT DO NOTHING;
INSERT INTO chambre (idchambre, numtype, numchambre, etat) VALUES (nextval('chambre_idchambre_seq'), 1, 12, 'Disponible');
INSERT INTO proposer (numtype, numresort) VALUES (1, 47) ON CONFLICT DO NOTHING;
INSERT INTO chambre (idchambre, numtype, numchambre, etat) VALUES (nextval('chambre_idchambre_seq'), 1, 13, 'Maintenance');
INSERT INTO proposer (numtype, numresort) VALUES (1, 47) ON CONFLICT DO NOTHING;
INSERT INTO chambre (idchambre, numtype, numchambre, etat) VALUES (nextval('chambre_idchambre_seq'), 1, 14, 'Maintenance');
INSERT INTO proposer (numtype, numresort) VALUES (1, 47) ON CONFLICT DO NOTHING;
INSERT INTO chambre (idchambre, numtype, numchambre, etat) VALUES (nextval('chambre_idchambre_seq'), 1, 15, 'Disponible');
INSERT INTO proposer (numtype, numresort) VALUES (1, 47) ON CONFLICT DO NOTHING;
INSERT INTO chambre (idchambre, numtype, numchambre, etat) VALUES (nextval('chambre_idchambre_seq'), 1, 16, 'Occupée');
INSERT INTO proposer (numtype, numresort) VALUES (1, 47) ON CONFLICT DO NOTHING;
INSERT INTO chambre (idchambre, numtype, numchambre, etat) VALUES (nextval('chambre_idchambre_seq'), 1, 17, 'Maintenance');
INSERT INTO proposer (numtype, numresort) VALUES (1, 47) ON CONFLICT DO NOTHING;
INSERT INTO chambre (idchambre, numtype, numchambre, etat) VALUES (nextval('chambre_idchambre_seq'), 1, 18, 'Disponible');
INSERT INTO proposer (numtype, numresort) VALUES (1, 47) ON CONFLICT DO NOTHING;
INSERT INTO chambre (idchambre, numtype, numchambre, etat) VALUES (nextval('chambre_idchambre_seq'), 5, 1, 'Occupée');
INSERT INTO proposer (numtype, numresort) VALUES (5, 47) ON CONFLICT DO NOTHING;
INSERT INTO chambre (idchambre, numtype, numchambre, etat) VALUES (nextval('chambre_idchambre_seq'), 5, 2, 'Occupée');
INSERT INTO proposer (numtype, numresort) VALUES (5, 47) ON CONFLICT DO NOTHING;
INSERT INTO chambre (idchambre, numtype, numchambre, etat) VALUES (nextval('chambre_idchambre_seq'), 5, 3, 'Occupée');
INSERT INTO proposer (numtype, numresort) VALUES (5, 47) ON CONFLICT DO NOTHING;
INSERT INTO chambre (idchambre, numtype, numchambre, etat) VALUES (nextval('chambre_idchambre_seq'), 5, 4, 'Occupée');
INSERT INTO proposer (numtype, numresort) VALUES (5, 47) ON CONFLICT DO NOTHING;
INSERT INTO chambre (idchambre, numtype, numchambre, etat) VALUES (nextval('chambre_idchambre_seq'), 5, 5, 'Maintenance');
INSERT INTO proposer (numtype, numresort) VALUES (5, 47) ON CONFLICT DO NOTHING;
INSERT INTO chambre (idchambre, numtype, numchambre, etat) VALUES (nextval('chambre_idchambre_seq'), 5, 6, 'Maintenance');
INSERT INTO proposer (numtype, numresort) VALUES (5, 47) ON CONFLICT DO NOTHING;
INSERT INTO chambre (idchambre, numtype, numchambre, etat) VALUES (nextval('chambre_idchambre_seq'), 5, 7, 'Occupée');
INSERT INTO proposer (numtype, numresort) VALUES (5, 47) ON CONFLICT DO NOTHING;
INSERT INTO chambre (idchambre, numtype, numchambre, etat) VALUES (nextval('chambre_idchambre_seq'), 5, 8, 'Occupée');
INSERT INTO proposer (numtype, numresort) VALUES (5, 47) ON CONFLICT DO NOTHING;
INSERT INTO chambre (idchambre, numtype, numchambre, etat) VALUES (nextval('chambre_idchambre_seq'), 5, 9, 'Occupée');
INSERT INTO proposer (numtype, numresort) VALUES (5, 47) ON CONFLICT DO NOTHING;
INSERT INTO chambre (idchambre, numtype, numchambre, etat) VALUES (nextval('chambre_idchambre_seq'), 5, 10, 'Occupée');
INSERT INTO proposer (numtype, numresort) VALUES (5, 47) ON CONFLICT DO NOTHING;
INSERT INTO chambre (idchambre, numtype, numchambre, etat) VALUES (nextval('chambre_idchambre_seq'), 5, 11, 'Disponible');
INSERT INTO proposer (numtype, numresort) VALUES (5, 47) ON CONFLICT DO NOTHING;
INSERT INTO chambre (idchambre, numtype, numchambre, etat) VALUES (nextval('chambre_idchambre_seq'), 5, 12, 'Disponible');
INSERT INTO proposer (numtype, numresort) VALUES (5, 47) ON CONFLICT DO NOTHING;
INSERT INTO chambre (idchambre, numtype, numchambre, etat) VALUES (nextval('chambre_idchambre_seq'), 4, 1, 'Disponible');
INSERT INTO proposer (numtype, numresort) VALUES (4, 47) ON CONFLICT DO NOTHING;
INSERT INTO chambre (idchambre, numtype, numchambre, etat) VALUES (nextval('chambre_idchambre_seq'), 4, 2, 'Maintenance');
INSERT INTO proposer (numtype, numresort) VALUES (4, 47) ON CONFLICT DO NOTHING;
INSERT INTO chambre (idchambre, numtype, numchambre, etat) VALUES (nextval('chambre_idchambre_seq'), 4, 3, 'Disponible');
INSERT INTO proposer (numtype, numresort) VALUES (4, 47) ON CONFLICT DO NOTHING;
INSERT INTO chambre (idchambre, numtype, numchambre, etat) VALUES (nextval('chambre_idchambre_seq'), 4, 4, 'Disponible');
INSERT INTO proposer (numtype, numresort) VALUES (4, 47) ON CONFLICT DO NOTHING;
INSERT INTO chambre (idchambre, numtype, numchambre, etat) VALUES (nextval('chambre_idchambre_seq'), 4, 5, 'Disponible');
INSERT INTO proposer (numtype, numresort) VALUES (4, 47) ON CONFLICT DO NOTHING;
INSERT INTO chambre (idchambre, numtype, numchambre, etat) VALUES (nextval('chambre_idchambre_seq'), 4, 6, 'Disponible');
INSERT INTO proposer (numtype, numresort) VALUES (4, 47) ON CONFLICT DO NOTHING;
INSERT INTO chambre (idchambre, numtype, numchambre, etat) VALUES (nextval('chambre_idchambre_seq'), 4, 7, 'Occupée');
INSERT INTO proposer (numtype, numresort) VALUES (4, 47) ON CONFLICT DO NOTHING;
INSERT INTO chambre (idchambre, numtype, numchambre, etat) VALUES (nextval('chambre_idchambre_seq'), 4, 8, 'Occupée');
INSERT INTO proposer (numtype, numresort) VALUES (4, 47) ON CONFLICT DO NOTHING;
INSERT INTO chambre (idchambre, numtype, numchambre, etat) VALUES (nextval('chambre_idchambre_seq'), 4, 9, 'Occupée');
INSERT INTO proposer (numtype, numresort) VALUES (4, 47) ON CONFLICT DO NOTHING;
INSERT INTO chambre (idchambre, numtype, numchambre, etat) VALUES (nextval('chambre_idchambre_seq'), 4, 10, 'Occupée');
INSERT INTO proposer (numtype, numresort) VALUES (4, 47) ON CONFLICT DO NOTHING;
INSERT INTO chambre (idchambre, numtype, numchambre, etat) VALUES (nextval('chambre_idchambre_seq'), 4, 11, 'Disponible');
INSERT INTO proposer (numtype, numresort) VALUES (4, 47) ON CONFLICT DO NOTHING;
INSERT INTO chambre (idchambre, numtype, numchambre, etat) VALUES (nextval('chambre_idchambre_seq'), 3, 1, 'Occupée');
INSERT INTO proposer (numtype, numresort) VALUES (3, 48) ON CONFLICT DO NOTHING;
INSERT INTO chambre (idchambre, numtype, numchambre, etat) VALUES (nextval('chambre_idchambre_seq'), 3, 2, 'Disponible');
INSERT INTO proposer (numtype, numresort) VALUES (3, 48) ON CONFLICT DO NOTHING;
INSERT INTO chambre (idchambre, numtype, numchambre, etat) VALUES (nextval('chambre_idchambre_seq'), 3, 3, 'Disponible');
INSERT INTO proposer (numtype, numresort) VALUES (3, 48) ON CONFLICT DO NOTHING;
INSERT INTO chambre (idchambre, numtype, numchambre, etat) VALUES (nextval('chambre_idchambre_seq'), 3, 4, 'Disponible');
INSERT INTO proposer (numtype, numresort) VALUES (3, 48) ON CONFLICT DO NOTHING;
INSERT INTO chambre (idchambre, numtype, numchambre, etat) VALUES (nextval('chambre_idchambre_seq'), 3, 5, 'Maintenance');
INSERT INTO proposer (numtype, numresort) VALUES (3, 48) ON CONFLICT DO NOTHING;
INSERT INTO chambre (idchambre, numtype, numchambre, etat) VALUES (nextval('chambre_idchambre_seq'), 3, 6, 'Occupée');
INSERT INTO proposer (numtype, numresort) VALUES (3, 48) ON CONFLICT DO NOTHING;
INSERT INTO chambre (idchambre, numtype, numchambre, etat) VALUES (nextval('chambre_idchambre_seq'), 3, 7, 'Maintenance');
INSERT INTO proposer (numtype, numresort) VALUES (3, 48) ON CONFLICT DO NOTHING;
INSERT INTO chambre (idchambre, numtype, numchambre, etat) VALUES (nextval('chambre_idchambre_seq'), 3, 8, 'Maintenance');
INSERT INTO proposer (numtype, numresort) VALUES (3, 48) ON CONFLICT DO NOTHING;
INSERT INTO chambre (idchambre, numtype, numchambre, etat) VALUES (nextval('chambre_idchambre_seq'), 3, 9, 'Maintenance');
INSERT INTO proposer (numtype, numresort) VALUES (3, 48) ON CONFLICT DO NOTHING;
INSERT INTO chambre (idchambre, numtype, numchambre, etat) VALUES (nextval('chambre_idchambre_seq'), 3, 10, 'Disponible');
INSERT INTO proposer (numtype, numresort) VALUES (3, 48) ON CONFLICT DO NOTHING;
INSERT INTO chambre (idchambre, numtype, numchambre, etat) VALUES (nextval('chambre_idchambre_seq'), 3, 11, 'Disponible');
INSERT INTO proposer (numtype, numresort) VALUES (3, 48) ON CONFLICT DO NOTHING;
INSERT INTO chambre (idchambre, numtype, numchambre, etat) VALUES (nextval('chambre_idchambre_seq'), 3, 12, 'Occupée');
INSERT INTO proposer (numtype, numresort) VALUES (3, 48) ON CONFLICT DO NOTHING;
INSERT INTO chambre (idchambre, numtype, numchambre, etat) VALUES (nextval('chambre_idchambre_seq'), 3, 13, 'Disponible');
INSERT INTO proposer (numtype, numresort) VALUES (3, 48) ON CONFLICT DO NOTHING;
INSERT INTO chambre (idchambre, numtype, numchambre, etat) VALUES (nextval('chambre_idchambre_seq'), 3, 14, 'Disponible');
INSERT INTO proposer (numtype, numresort) VALUES (3, 48) ON CONFLICT DO NOTHING;
INSERT INTO chambre (idchambre, numtype, numchambre, etat) VALUES (nextval('chambre_idchambre_seq'), 3, 15, 'Maintenance');
INSERT INTO proposer (numtype, numresort) VALUES (3, 48) ON CONFLICT DO NOTHING;
INSERT INTO chambre (idchambre, numtype, numchambre, etat) VALUES (nextval('chambre_idchambre_seq'), 3, 16, 'Disponible');
INSERT INTO proposer (numtype, numresort) VALUES (3, 48) ON CONFLICT DO NOTHING;
INSERT INTO chambre (idchambre, numtype, numchambre, etat) VALUES (nextval('chambre_idchambre_seq'), 3, 17, 'Occupée');
INSERT INTO proposer (numtype, numresort) VALUES (3, 48) ON CONFLICT DO NOTHING;
INSERT INTO chambre (idchambre, numtype, numchambre, etat) VALUES (nextval('chambre_idchambre_seq'), 3, 18, 'Occupée');
INSERT INTO proposer (numtype, numresort) VALUES (3, 48) ON CONFLICT DO NOTHING;
INSERT INTO chambre (idchambre, numtype, numchambre, etat) VALUES (nextval('chambre_idchambre_seq'), 3, 19, 'Maintenance');
INSERT INTO proposer (numtype, numresort) VALUES (3, 48) ON CONFLICT DO NOTHING;
INSERT INTO chambre (idchambre, numtype, numchambre, etat) VALUES (nextval('chambre_idchambre_seq'), 2, 1, 'Maintenance');
INSERT INTO proposer (numtype, numresort) VALUES (2, 48) ON CONFLICT DO NOTHING;
INSERT INTO chambre (idchambre, numtype, numchambre, etat) VALUES (nextval('chambre_idchambre_seq'), 2, 2, 'Occupée');
INSERT INTO proposer (numtype, numresort) VALUES (2, 48) ON CONFLICT DO NOTHING;
INSERT INTO chambre (idchambre, numtype, numchambre, etat) VALUES (nextval('chambre_idchambre_seq'), 2, 3, 'Occupée');
INSERT INTO proposer (numtype, numresort) VALUES (2, 48) ON CONFLICT DO NOTHING;
INSERT INTO chambre (idchambre, numtype, numchambre, etat) VALUES (nextval('chambre_idchambre_seq'), 2, 4, 'Disponible');
INSERT INTO proposer (numtype, numresort) VALUES (2, 48) ON CONFLICT DO NOTHING;
INSERT INTO chambre (idchambre, numtype, numchambre, etat) VALUES (nextval('chambre_idchambre_seq'), 2, 5, 'Disponible');
INSERT INTO proposer (numtype, numresort) VALUES (2, 48) ON CONFLICT DO NOTHING;
INSERT INTO chambre (idchambre, numtype, numchambre, etat) VALUES (nextval('chambre_idchambre_seq'), 2, 6, 'Occupée');
INSERT INTO proposer (numtype, numresort) VALUES (2, 48) ON CONFLICT DO NOTHING;
INSERT INTO chambre (idchambre, numtype, numchambre, etat) VALUES (nextval('chambre_idchambre_seq'), 4, 1, 'Maintenance');
INSERT INTO proposer (numtype, numresort) VALUES (4, 48) ON CONFLICT DO NOTHING;
INSERT INTO chambre (idchambre, numtype, numchambre, etat) VALUES (nextval('chambre_idchambre_seq'), 4, 2, 'Maintenance');
INSERT INTO proposer (numtype, numresort) VALUES (4, 48) ON CONFLICT DO NOTHING;
INSERT INTO chambre (idchambre, numtype, numchambre, etat) VALUES (nextval('chambre_idchambre_seq'), 4, 3, 'Maintenance');
INSERT INTO proposer (numtype, numresort) VALUES (4, 48) ON CONFLICT DO NOTHING;
INSERT INTO chambre (idchambre, numtype, numchambre, etat) VALUES (nextval('chambre_idchambre_seq'), 4, 4, 'Disponible');
INSERT INTO proposer (numtype, numresort) VALUES (4, 48) ON CONFLICT DO NOTHING;
INSERT INTO chambre (idchambre, numtype, numchambre, etat) VALUES (nextval('chambre_idchambre_seq'), 4, 5, 'Disponible');
INSERT INTO proposer (numtype, numresort) VALUES (4, 48) ON CONFLICT DO NOTHING;
INSERT INTO chambre (idchambre, numtype, numchambre, etat) VALUES (nextval('chambre_idchambre_seq'), 4, 6, 'Occupée');
INSERT INTO proposer (numtype, numresort) VALUES (4, 48) ON CONFLICT DO NOTHING;
INSERT INTO chambre (idchambre, numtype, numchambre, etat) VALUES (nextval('chambre_idchambre_seq'), 4, 7, 'Disponible');
INSERT INTO proposer (numtype, numresort) VALUES (4, 48) ON CONFLICT DO NOTHING;
INSERT INTO chambre (idchambre, numtype, numchambre, etat) VALUES (nextval('chambre_idchambre_seq'), 4, 8, 'Disponible');
INSERT INTO proposer (numtype, numresort) VALUES (4, 48) ON CONFLICT DO NOTHING;
INSERT INTO chambre (idchambre, numtype, numchambre, etat) VALUES (nextval('chambre_idchambre_seq'), 4, 9, 'Disponible');
INSERT INTO proposer (numtype, numresort) VALUES (4, 48) ON CONFLICT DO NOTHING;
INSERT INTO chambre (idchambre, numtype, numchambre, etat) VALUES (nextval('chambre_idchambre_seq'), 4, 10, 'Disponible');
INSERT INTO proposer (numtype, numresort) VALUES (4, 48) ON CONFLICT DO NOTHING;
INSERT INTO chambre (idchambre, numtype, numchambre, etat) VALUES (nextval('chambre_idchambre_seq'), 4, 11, 'Disponible');
INSERT INTO proposer (numtype, numresort) VALUES (4, 48) ON CONFLICT DO NOTHING;
INSERT INTO chambre (idchambre, numtype, numchambre, etat) VALUES (nextval('chambre_idchambre_seq'), 4, 12, 'Disponible');
INSERT INTO proposer (numtype, numresort) VALUES (4, 48) ON CONFLICT DO NOTHING;
INSERT INTO chambre (idchambre, numtype, numchambre, etat) VALUES (nextval('chambre_idchambre_seq'), 4, 13, 'Disponible');
INSERT INTO proposer (numtype, numresort) VALUES (4, 48) ON CONFLICT DO NOTHING;
INSERT INTO chambre (idchambre, numtype, numchambre, etat) VALUES (nextval('chambre_idchambre_seq'), 4, 14, 'Disponible');
INSERT INTO proposer (numtype, numresort) VALUES (4, 48) ON CONFLICT DO NOTHING;
INSERT INTO chambre (idchambre, numtype, numchambre, etat) VALUES (nextval('chambre_idchambre_seq'), 4, 15, 'Occupée');
INSERT INTO proposer (numtype, numresort) VALUES (4, 48) ON CONFLICT DO NOTHING;
INSERT INTO chambre (idchambre, numtype, numchambre, etat) VALUES (nextval('chambre_idchambre_seq'), 4, 16, 'Occupée');
INSERT INTO proposer (numtype, numresort) VALUES (4, 48) ON CONFLICT DO NOTHING;
INSERT INTO chambre (idchambre, numtype, numchambre, etat) VALUES (nextval('chambre_idchambre_seq'), 4, 17, 'Maintenance');
INSERT INTO proposer (numtype, numresort) VALUES (4, 48) ON CONFLICT DO NOTHING;
INSERT INTO chambre (idchambre, numtype, numchambre, etat) VALUES (nextval('chambre_idchambre_seq'), 4, 18, 'Maintenance');
INSERT INTO proposer (numtype, numresort) VALUES (4, 48) ON CONFLICT DO NOTHING;
INSERT INTO chambre (idchambre, numtype, numchambre, etat) VALUES (nextval('chambre_idchambre_seq'), 4, 19, 'Maintenance');
INSERT INTO proposer (numtype, numresort) VALUES (4, 48) ON CONFLICT DO NOTHING;
INSERT INTO chambre (idchambre, numtype, numchambre, etat) VALUES (nextval('chambre_idchambre_seq'), 5, 1, 'Maintenance');
INSERT INTO proposer (numtype, numresort) VALUES (5, 48) ON CONFLICT DO NOTHING;
INSERT INTO chambre (idchambre, numtype, numchambre, etat) VALUES (nextval('chambre_idchambre_seq'), 5, 2, 'Maintenance');
INSERT INTO proposer (numtype, numresort) VALUES (5, 48) ON CONFLICT DO NOTHING;
INSERT INTO chambre (idchambre, numtype, numchambre, etat) VALUES (nextval('chambre_idchambre_seq'), 5, 3, 'Occupée');
INSERT INTO proposer (numtype, numresort) VALUES (5, 48) ON CONFLICT DO NOTHING;
INSERT INTO chambre (idchambre, numtype, numchambre, etat) VALUES (nextval('chambre_idchambre_seq'), 5, 4, 'Disponible');
INSERT INTO proposer (numtype, numresort) VALUES (5, 48) ON CONFLICT DO NOTHING;
INSERT INTO chambre (idchambre, numtype, numchambre, etat) VALUES (nextval('chambre_idchambre_seq'), 5, 5, 'Disponible');
INSERT INTO proposer (numtype, numresort) VALUES (5, 48) ON CONFLICT DO NOTHING;
INSERT INTO chambre (idchambre, numtype, numchambre, etat) VALUES (nextval('chambre_idchambre_seq'), 5, 6, 'Disponible');
INSERT INTO proposer (numtype, numresort) VALUES (5, 48) ON CONFLICT DO NOTHING;
INSERT INTO chambre (idchambre, numtype, numchambre, etat) VALUES (nextval('chambre_idchambre_seq'), 5, 7, 'Disponible');
INSERT INTO proposer (numtype, numresort) VALUES (5, 48) ON CONFLICT DO NOTHING;
INSERT INTO chambre (idchambre, numtype, numchambre, etat) VALUES (nextval('chambre_idchambre_seq'), 4, 1, 'Disponible');
INSERT INTO proposer (numtype, numresort) VALUES (4, 49) ON CONFLICT DO NOTHING;
INSERT INTO chambre (idchambre, numtype, numchambre, etat) VALUES (nextval('chambre_idchambre_seq'), 4, 2, 'Occupée');
INSERT INTO proposer (numtype, numresort) VALUES (4, 49) ON CONFLICT DO NOTHING;
INSERT INTO chambre (idchambre, numtype, numchambre, etat) VALUES (nextval('chambre_idchambre_seq'), 4, 3, 'Disponible');
INSERT INTO proposer (numtype, numresort) VALUES (4, 49) ON CONFLICT DO NOTHING;
INSERT INTO chambre (idchambre, numtype, numchambre, etat) VALUES (nextval('chambre_idchambre_seq'), 4, 4, 'Disponible');
INSERT INTO proposer (numtype, numresort) VALUES (4, 49) ON CONFLICT DO NOTHING;
INSERT INTO chambre (idchambre, numtype, numchambre, etat) VALUES (nextval('chambre_idchambre_seq'), 4, 5, 'Maintenance');
INSERT INTO proposer (numtype, numresort) VALUES (4, 49) ON CONFLICT DO NOTHING;
INSERT INTO chambre (idchambre, numtype, numchambre, etat) VALUES (nextval('chambre_idchambre_seq'), 4, 6, 'Occupée');
INSERT INTO proposer (numtype, numresort) VALUES (4, 49) ON CONFLICT DO NOTHING;
INSERT INTO chambre (idchambre, numtype, numchambre, etat) VALUES (nextval('chambre_idchambre_seq'), 4, 7, 'Maintenance');
INSERT INTO proposer (numtype, numresort) VALUES (4, 49) ON CONFLICT DO NOTHING;
INSERT INTO chambre (idchambre, numtype, numchambre, etat) VALUES (nextval('chambre_idchambre_seq'), 4, 8, 'Occupée');
INSERT INTO proposer (numtype, numresort) VALUES (4, 49) ON CONFLICT DO NOTHING;
INSERT INTO chambre (idchambre, numtype, numchambre, etat) VALUES (nextval('chambre_idchambre_seq'), 2, 1, 'Disponible');
INSERT INTO proposer (numtype, numresort) VALUES (2, 49) ON CONFLICT DO NOTHING;
INSERT INTO chambre (idchambre, numtype, numchambre, etat) VALUES (nextval('chambre_idchambre_seq'), 2, 2, 'Occupée');
INSERT INTO proposer (numtype, numresort) VALUES (2, 49) ON CONFLICT DO NOTHING;
INSERT INTO chambre (idchambre, numtype, numchambre, etat) VALUES (nextval('chambre_idchambre_seq'), 2, 3, 'Maintenance');
INSERT INTO proposer (numtype, numresort) VALUES (2, 49) ON CONFLICT DO NOTHING;
INSERT INTO chambre (idchambre, numtype, numchambre, etat) VALUES (nextval('chambre_idchambre_seq'), 2, 4, 'Occupée');
INSERT INTO proposer (numtype, numresort) VALUES (2, 49) ON CONFLICT DO NOTHING;
INSERT INTO chambre (idchambre, numtype, numchambre, etat) VALUES (nextval('chambre_idchambre_seq'), 2, 5, 'Disponible');
INSERT INTO proposer (numtype, numresort) VALUES (2, 49) ON CONFLICT DO NOTHING;
INSERT INTO chambre (idchambre, numtype, numchambre, etat) VALUES (nextval('chambre_idchambre_seq'), 2, 6, 'Occupée');
INSERT INTO proposer (numtype, numresort) VALUES (2, 49) ON CONFLICT DO NOTHING;
INSERT INTO chambre (idchambre, numtype, numchambre, etat) VALUES (nextval('chambre_idchambre_seq'), 2, 7, 'Disponible');
INSERT INTO proposer (numtype, numresort) VALUES (2, 49) ON CONFLICT DO NOTHING;
INSERT INTO chambre (idchambre, numtype, numchambre, etat) VALUES (nextval('chambre_idchambre_seq'), 2, 8, 'Disponible');
INSERT INTO proposer (numtype, numresort) VALUES (2, 49) ON CONFLICT DO NOTHING;
INSERT INTO chambre (idchambre, numtype, numchambre, etat) VALUES (nextval('chambre_idchambre_seq'), 2, 9, 'Occupée');
INSERT INTO proposer (numtype, numresort) VALUES (2, 49) ON CONFLICT DO NOTHING;
INSERT INTO chambre (idchambre, numtype, numchambre, etat) VALUES (nextval('chambre_idchambre_seq'), 2, 10, 'Occupée');
INSERT INTO proposer (numtype, numresort) VALUES (2, 49) ON CONFLICT DO NOTHING;
INSERT INTO chambre (idchambre, numtype, numchambre, etat) VALUES (nextval('chambre_idchambre_seq'), 2, 11, 'Occupée');
INSERT INTO proposer (numtype, numresort) VALUES (2, 49) ON CONFLICT DO NOTHING;
INSERT INTO chambre (idchambre, numtype, numchambre, etat) VALUES (nextval('chambre_idchambre_seq'), 2, 12, 'Disponible');
INSERT INTO proposer (numtype, numresort) VALUES (2, 49) ON CONFLICT DO NOTHING;
INSERT INTO chambre (idchambre, numtype, numchambre, etat) VALUES (nextval('chambre_idchambre_seq'), 2, 13, 'Disponible');
INSERT INTO proposer (numtype, numresort) VALUES (2, 49) ON CONFLICT DO NOTHING;
INSERT INTO chambre (idchambre, numtype, numchambre, etat) VALUES (nextval('chambre_idchambre_seq'), 2, 14, 'Maintenance');
INSERT INTO proposer (numtype, numresort) VALUES (2, 49) ON CONFLICT DO NOTHING;
INSERT INTO chambre (idchambre, numtype, numchambre, etat) VALUES (nextval('chambre_idchambre_seq'), 2, 15, 'Maintenance');
INSERT INTO proposer (numtype, numresort) VALUES (2, 49) ON CONFLICT DO NOTHING;
INSERT INTO chambre (idchambre, numtype, numchambre, etat) VALUES (nextval('chambre_idchambre_seq'), 2, 16, 'Maintenance');
INSERT INTO proposer (numtype, numresort) VALUES (2, 49) ON CONFLICT DO NOTHING;
INSERT INTO chambre (idchambre, numtype, numchambre, etat) VALUES (nextval('chambre_idchambre_seq'), 2, 17, 'Disponible');
INSERT INTO proposer (numtype, numresort) VALUES (2, 49) ON CONFLICT DO NOTHING;
INSERT INTO chambre (idchambre, numtype, numchambre, etat) VALUES (nextval('chambre_idchambre_seq'), 2, 18, 'Maintenance');
INSERT INTO proposer (numtype, numresort) VALUES (2, 49) ON CONFLICT DO NOTHING;
INSERT INTO chambre (idchambre, numtype, numchambre, etat) VALUES (nextval('chambre_idchambre_seq'), 2, 19, 'Occupée');
INSERT INTO proposer (numtype, numresort) VALUES (2, 49) ON CONFLICT DO NOTHING;
INSERT INTO chambre (idchambre, numtype, numchambre, etat) VALUES (nextval('chambre_idchambre_seq'), 2, 20, 'Occupée');
INSERT INTO proposer (numtype, numresort) VALUES (2, 49) ON CONFLICT DO NOTHING;
INSERT INTO chambre (idchambre, numtype, numchambre, etat) VALUES (nextval('chambre_idchambre_seq'), 1, 1, 'Maintenance');
INSERT INTO proposer (numtype, numresort) VALUES (1, 49) ON CONFLICT DO NOTHING;
INSERT INTO chambre (idchambre, numtype, numchambre, etat) VALUES (nextval('chambre_idchambre_seq'), 1, 2, 'Occupée');
INSERT INTO proposer (numtype, numresort) VALUES (1, 49) ON CONFLICT DO NOTHING;
INSERT INTO chambre (idchambre, numtype, numchambre, etat) VALUES (nextval('chambre_idchambre_seq'), 1, 3, 'Disponible');
INSERT INTO proposer (numtype, numresort) VALUES (1, 49) ON CONFLICT DO NOTHING;
INSERT INTO chambre (idchambre, numtype, numchambre, etat) VALUES (nextval('chambre_idchambre_seq'), 1, 4, 'Disponible');
INSERT INTO proposer (numtype, numresort) VALUES (1, 49) ON CONFLICT DO NOTHING;
INSERT INTO chambre (idchambre, numtype, numchambre, etat) VALUES (nextval('chambre_idchambre_seq'), 1, 5, 'Occupée');
INSERT INTO proposer (numtype, numresort) VALUES (1, 49) ON CONFLICT DO NOTHING;
INSERT INTO chambre (idchambre, numtype, numchambre, etat) VALUES (nextval('chambre_idchambre_seq'), 1, 6, 'Occupée');
INSERT INTO proposer (numtype, numresort) VALUES (1, 49) ON CONFLICT DO NOTHING;
INSERT INTO chambre (idchambre, numtype, numchambre, etat) VALUES (nextval('chambre_idchambre_seq'), 1, 7, 'Disponible');
INSERT INTO proposer (numtype, numresort) VALUES (1, 49) ON CONFLICT DO NOTHING;
INSERT INTO chambre (idchambre, numtype, numchambre, etat) VALUES (nextval('chambre_idchambre_seq'), 1, 8, 'Occupée');
INSERT INTO proposer (numtype, numresort) VALUES (1, 49) ON CONFLICT DO NOTHING;
INSERT INTO chambre (idchambre, numtype, numchambre, etat) VALUES (nextval('chambre_idchambre_seq'), 1, 9, 'Disponible');
INSERT INTO proposer (numtype, numresort) VALUES (1, 49) ON CONFLICT DO NOTHING;
INSERT INTO chambre (idchambre, numtype, numchambre, etat) VALUES (nextval('chambre_idchambre_seq'), 1, 10, 'Maintenance');
INSERT INTO proposer (numtype, numresort) VALUES (1, 49) ON CONFLICT DO NOTHING;
INSERT INTO chambre (idchambre, numtype, numchambre, etat) VALUES (nextval('chambre_idchambre_seq'), 1, 11, 'Maintenance');
INSERT INTO proposer (numtype, numresort) VALUES (1, 49) ON CONFLICT DO NOTHING;
INSERT INTO chambre (idchambre, numtype, numchambre, etat) VALUES (nextval('chambre_idchambre_seq'), 1, 12, 'Disponible');
INSERT INTO proposer (numtype, numresort) VALUES (1, 49) ON CONFLICT DO NOTHING;
INSERT INTO chambre (idchambre, numtype, numchambre, etat) VALUES (nextval('chambre_idchambre_seq'), 1, 13, 'Maintenance');
INSERT INTO proposer (numtype, numresort) VALUES (1, 49) ON CONFLICT DO NOTHING;
INSERT INTO chambre (idchambre, numtype, numchambre, etat) VALUES (nextval('chambre_idchambre_seq'), 1, 14, 'Maintenance');
INSERT INTO proposer (numtype, numresort) VALUES (1, 49) ON CONFLICT DO NOTHING;
INSERT INTO chambre (idchambre, numtype, numchambre, etat) VALUES (nextval('chambre_idchambre_seq'), 1, 15, 'Disponible');
INSERT INTO proposer (numtype, numresort) VALUES (1, 49) ON CONFLICT DO NOTHING;
INSERT INTO chambre (idchambre, numtype, numchambre, etat) VALUES (nextval('chambre_idchambre_seq'), 1, 16, 'Occupée');
INSERT INTO proposer (numtype, numresort) VALUES (1, 49) ON CONFLICT DO NOTHING;
INSERT INTO chambre (idchambre, numtype, numchambre, etat) VALUES (nextval('chambre_idchambre_seq'), 1, 17, 'Maintenance');
INSERT INTO proposer (numtype, numresort) VALUES (1, 49) ON CONFLICT DO NOTHING;
INSERT INTO chambre (idchambre, numtype, numchambre, etat) VALUES (nextval('chambre_idchambre_seq'), 1, 18, 'Occupée');
INSERT INTO proposer (numtype, numresort) VALUES (1, 49) ON CONFLICT DO NOTHING;
INSERT INTO chambre (idchambre, numtype, numchambre, etat) VALUES (nextval('chambre_idchambre_seq'), 5, 1, 'Maintenance');
INSERT INTO proposer (numtype, numresort) VALUES (5, 49) ON CONFLICT DO NOTHING;
INSERT INTO chambre (idchambre, numtype, numchambre, etat) VALUES (nextval('chambre_idchambre_seq'), 5, 2, 'Occupée');
INSERT INTO proposer (numtype, numresort) VALUES (5, 49) ON CONFLICT DO NOTHING;
INSERT INTO chambre (idchambre, numtype, numchambre, etat) VALUES (nextval('chambre_idchambre_seq'), 5, 3, 'Occupée');
INSERT INTO proposer (numtype, numresort) VALUES (5, 49) ON CONFLICT DO NOTHING;
INSERT INTO chambre (idchambre, numtype, numchambre, etat) VALUES (nextval('chambre_idchambre_seq'), 5, 4, 'Maintenance');
INSERT INTO proposer (numtype, numresort) VALUES (5, 49) ON CONFLICT DO NOTHING;
INSERT INTO chambre (idchambre, numtype, numchambre, etat) VALUES (nextval('chambre_idchambre_seq'), 5, 5, 'Maintenance');
INSERT INTO proposer (numtype, numresort) VALUES (5, 49) ON CONFLICT DO NOTHING;
INSERT INTO chambre (idchambre, numtype, numchambre, etat) VALUES (nextval('chambre_idchambre_seq'), 5, 6, 'Occupée');
INSERT INTO proposer (numtype, numresort) VALUES (5, 49) ON CONFLICT DO NOTHING;
INSERT INTO chambre (idchambre, numtype, numchambre, etat) VALUES (nextval('chambre_idchambre_seq'), 5, 7, 'Occupée');
INSERT INTO proposer (numtype, numresort) VALUES (5, 49) ON CONFLICT DO NOTHING;
INSERT INTO chambre (idchambre, numtype, numchambre, etat) VALUES (nextval('chambre_idchambre_seq'), 5, 8, 'Occupée');
INSERT INTO proposer (numtype, numresort) VALUES (5, 49) ON CONFLICT DO NOTHING;
INSERT INTO chambre (idchambre, numtype, numchambre, etat) VALUES (nextval('chambre_idchambre_seq'), 5, 9, 'Disponible');
INSERT INTO proposer (numtype, numresort) VALUES (5, 49) ON CONFLICT DO NOTHING;
INSERT INTO chambre (idchambre, numtype, numchambre, etat) VALUES (nextval('chambre_idchambre_seq'), 5, 10, 'Disponible');
INSERT INTO proposer (numtype, numresort) VALUES (5, 49) ON CONFLICT DO NOTHING;
INSERT INTO chambre (idchambre, numtype, numchambre, etat) VALUES (nextval('chambre_idchambre_seq'), 5, 11, 'Occupée');
INSERT INTO proposer (numtype, numresort) VALUES (5, 49) ON CONFLICT DO NOTHING;
INSERT INTO chambre (idchambre, numtype, numchambre, etat) VALUES (nextval('chambre_idchambre_seq'), 5, 12, 'Maintenance');
INSERT INTO proposer (numtype, numresort) VALUES (5, 49) ON CONFLICT DO NOTHING;
INSERT INTO chambre (idchambre, numtype, numchambre, etat) VALUES (nextval('chambre_idchambre_seq'), 5, 13, 'Disponible');
INSERT INTO proposer (numtype, numresort) VALUES (5, 49) ON CONFLICT DO NOTHING;
INSERT INTO chambre (idchambre, numtype, numchambre, etat) VALUES (nextval('chambre_idchambre_seq'), 5, 14, 'Disponible');
INSERT INTO proposer (numtype, numresort) VALUES (5, 49) ON CONFLICT DO NOTHING;
INSERT INTO chambre (idchambre, numtype, numchambre, etat) VALUES (nextval('chambre_idchambre_seq'), 5, 15, 'Occupée');
INSERT INTO proposer (numtype, numresort) VALUES (5, 49) ON CONFLICT DO NOTHING;
INSERT INTO chambre (idchambre, numtype, numchambre, etat) VALUES (nextval('chambre_idchambre_seq'), 5, 16, 'Disponible');
INSERT INTO proposer (numtype, numresort) VALUES (5, 49) ON CONFLICT DO NOTHING;
INSERT INTO chambre (idchambre, numtype, numchambre, etat) VALUES (nextval('chambre_idchambre_seq'), 5, 17, 'Occupée');
INSERT INTO proposer (numtype, numresort) VALUES (5, 49) ON CONFLICT DO NOTHING;
INSERT INTO chambre (idchambre, numtype, numchambre, etat) VALUES (nextval('chambre_idchambre_seq'), 5, 18, 'Maintenance');
INSERT INTO proposer (numtype, numresort) VALUES (5, 49) ON CONFLICT DO NOTHING;
INSERT INTO chambre (idchambre, numtype, numchambre, etat) VALUES (nextval('chambre_idchambre_seq'), 5, 19, 'Occupée');
INSERT INTO proposer (numtype, numresort) VALUES (5, 49) ON CONFLICT DO NOTHING;
INSERT INTO chambre (idchambre, numtype, numchambre, etat) VALUES (nextval('chambre_idchambre_seq'), 5, 20, 'Maintenance');
INSERT INTO proposer (numtype, numresort) VALUES (5, 49) ON CONFLICT DO NOTHING;
INSERT INTO chambre (idchambre, numtype, numchambre, etat) VALUES (nextval('chambre_idchambre_seq'), 2, 1, 'Maintenance');
INSERT INTO proposer (numtype, numresort) VALUES (2, 50) ON CONFLICT DO NOTHING;
INSERT INTO chambre (idchambre, numtype, numchambre, etat) VALUES (nextval('chambre_idchambre_seq'), 2, 2, 'Disponible');
INSERT INTO proposer (numtype, numresort) VALUES (2, 50) ON CONFLICT DO NOTHING;
INSERT INTO chambre (idchambre, numtype, numchambre, etat) VALUES (nextval('chambre_idchambre_seq'), 2, 3, 'Occupée');
INSERT INTO proposer (numtype, numresort) VALUES (2, 50) ON CONFLICT DO NOTHING;
INSERT INTO chambre (idchambre, numtype, numchambre, etat) VALUES (nextval('chambre_idchambre_seq'), 2, 4, 'Maintenance');
INSERT INTO proposer (numtype, numresort) VALUES (2, 50) ON CONFLICT DO NOTHING;
INSERT INTO chambre (idchambre, numtype, numchambre, etat) VALUES (nextval('chambre_idchambre_seq'), 2, 5, 'Maintenance');
INSERT INTO proposer (numtype, numresort) VALUES (2, 50) ON CONFLICT DO NOTHING;
INSERT INTO chambre (idchambre, numtype, numchambre, etat) VALUES (nextval('chambre_idchambre_seq'), 2, 6, 'Disponible');
INSERT INTO proposer (numtype, numresort) VALUES (2, 50) ON CONFLICT DO NOTHING;
INSERT INTO chambre (idchambre, numtype, numchambre, etat) VALUES (nextval('chambre_idchambre_seq'), 2, 7, 'Disponible');
INSERT INTO proposer (numtype, numresort) VALUES (2, 50) ON CONFLICT DO NOTHING;
INSERT INTO chambre (idchambre, numtype, numchambre, etat) VALUES (nextval('chambre_idchambre_seq'), 2, 8, 'Maintenance');
INSERT INTO proposer (numtype, numresort) VALUES (2, 50) ON CONFLICT DO NOTHING;
INSERT INTO chambre (idchambre, numtype, numchambre, etat) VALUES (nextval('chambre_idchambre_seq'), 2, 9, 'Occupée');
INSERT INTO proposer (numtype, numresort) VALUES (2, 50) ON CONFLICT DO NOTHING;
INSERT INTO chambre (idchambre, numtype, numchambre, etat) VALUES (nextval('chambre_idchambre_seq'), 2, 10, 'Occupée');
INSERT INTO proposer (numtype, numresort) VALUES (2, 50) ON CONFLICT DO NOTHING;
INSERT INTO chambre (idchambre, numtype, numchambre, etat) VALUES (nextval('chambre_idchambre_seq'), 2, 11, 'Disponible');
INSERT INTO proposer (numtype, numresort) VALUES (2, 50) ON CONFLICT DO NOTHING;
INSERT INTO chambre (idchambre, numtype, numchambre, etat) VALUES (nextval('chambre_idchambre_seq'), 2, 12, 'Disponible');
INSERT INTO proposer (numtype, numresort) VALUES (2, 50) ON CONFLICT DO NOTHING;
INSERT INTO chambre (idchambre, numtype, numchambre, etat) VALUES (nextval('chambre_idchambre_seq'), 1, 1, 'Maintenance');
INSERT INTO proposer (numtype, numresort) VALUES (1, 50) ON CONFLICT DO NOTHING;
INSERT INTO chambre (idchambre, numtype, numchambre, etat) VALUES (nextval('chambre_idchambre_seq'), 1, 2, 'Occupée');
INSERT INTO proposer (numtype, numresort) VALUES (1, 50) ON CONFLICT DO NOTHING;
INSERT INTO chambre (idchambre, numtype, numchambre, etat) VALUES (nextval('chambre_idchambre_seq'), 1, 3, 'Maintenance');
INSERT INTO proposer (numtype, numresort) VALUES (1, 50) ON CONFLICT DO NOTHING;
INSERT INTO chambre (idchambre, numtype, numchambre, etat) VALUES (nextval('chambre_idchambre_seq'), 1, 4, 'Maintenance');
INSERT INTO proposer (numtype, numresort) VALUES (1, 50) ON CONFLICT DO NOTHING;
INSERT INTO chambre (idchambre, numtype, numchambre, etat) VALUES (nextval('chambre_idchambre_seq'), 1, 5, 'Occupée');
INSERT INTO proposer (numtype, numresort) VALUES (1, 50) ON CONFLICT DO NOTHING;
INSERT INTO chambre (idchambre, numtype, numchambre, etat) VALUES (nextval('chambre_idchambre_seq'), 1, 6, 'Maintenance');
INSERT INTO proposer (numtype, numresort) VALUES (1, 50) ON CONFLICT DO NOTHING;
INSERT INTO chambre (idchambre, numtype, numchambre, etat) VALUES (nextval('chambre_idchambre_seq'), 1, 7, 'Disponible');
INSERT INTO proposer (numtype, numresort) VALUES (1, 50) ON CONFLICT DO NOTHING;
INSERT INTO chambre (idchambre, numtype, numchambre, etat) VALUES (nextval('chambre_idchambre_seq'), 1, 8, 'Maintenance');
INSERT INTO proposer (numtype, numresort) VALUES (1, 50) ON CONFLICT DO NOTHING;
INSERT INTO chambre (idchambre, numtype, numchambre, etat) VALUES (nextval('chambre_idchambre_seq'), 1, 9, 'Maintenance');
INSERT INTO proposer (numtype, numresort) VALUES (1, 50) ON CONFLICT DO NOTHING;
INSERT INTO chambre (idchambre, numtype, numchambre, etat) VALUES (nextval('chambre_idchambre_seq'), 1, 10, 'Occupée');
INSERT INTO proposer (numtype, numresort) VALUES (1, 50) ON CONFLICT DO NOTHING;
INSERT INTO chambre (idchambre, numtype, numchambre, etat) VALUES (nextval('chambre_idchambre_seq'), 1, 11, 'Maintenance');
INSERT INTO proposer (numtype, numresort) VALUES (1, 50) ON CONFLICT DO NOTHING;
INSERT INTO chambre (idchambre, numtype, numchambre, etat) VALUES (nextval('chambre_idchambre_seq'), 1, 12, 'Maintenance');
INSERT INTO proposer (numtype, numresort) VALUES (1, 50) ON CONFLICT DO NOTHING;

INSERT INTO commodite (numcommodite, nomcommodite, typecommodite) VALUES (nextval('commodite_numcommodite_seq'), 'WiFi', 'Equipement');
INSERT INTO commodite (numcommodite, nomcommodite, typecommodite) VALUES (nextval('commodite_numcommodite_seq'), 'Minibar', 'Equipement');
INSERT INTO commodite (numcommodite, nomcommodite, typecommodite) VALUES (nextval('commodite_numcommodite_seq'), 'Climatisation', 'Equipement');
INSERT INTO commodite (numcommodite, nomcommodite, typecommodite) VALUES (nextval('commodite_numcommodite_seq'), 'Balcon', 'Equipement');
INSERT INTO commodite (numcommodite, nomcommodite, typecommodite) VALUES (nextval('commodite_numcommodite_seq'), 'Vue mer', 'Equipement');
INSERT INTO commodite (numcommodite, nomcommodite, typecommodite) VALUES (nextval('commodite_numcommodite_seq'), 'Seche-cheveux', 'Equipement');
INSERT INTO commodite (numcommodite, nomcommodite, typecommodite) VALUES (nextval('commodite_numcommodite_seq'), 'Coffre', 'Equipement');
INSERT INTO commodite (numcommodite, nomcommodite, typecommodite) VALUES (nextval('commodite_numcommodite_seq'), 'Sdb privee', 'Equipement');
INSERT INTO posseder4 (numcommodite, numtype) VALUES (1, 2);
INSERT INTO posseder4 (numcommodite, numtype) VALUES (2, 5);
INSERT INTO posseder4 (numcommodite, numtype) VALUES (3, 2);
INSERT INTO posseder4 (numcommodite, numtype) VALUES (4, 4);
INSERT INTO posseder4 (numcommodite, numtype) VALUES (5, 5);
INSERT INTO posseder4 (numcommodite, numtype) VALUES (6, 3);
INSERT INTO posseder4 (numcommodite, numtype) VALUES (7, 2);
INSERT INTO posseder4 (numcommodite, numtype) VALUES (8, 4);

INSERT INTO pointfort (numpointfort, nompointfort) VALUES (nextval('pointfort_numpointfort_seq'), 'Vue exceptionnelle');
INSERT INTO posseder3 (numpointfort, numtype) VALUES (1, 1);
INSERT INTO pointfort (numpointfort, nompointfort) VALUES (nextval('pointfort_numpointfort_seq'), 'Accès direct aux pistes');
INSERT INTO posseder3 (numpointfort, numtype) VALUES (2, 1);
INSERT INTO pointfort (numpointfort, nompointfort) VALUES (nextval('pointfort_numpointfort_seq'), 'Proche centre-ville');
INSERT INTO posseder3 (numpointfort, numtype) VALUES (3, 1);
INSERT INTO pointfort (numpointfort, nompointfort) VALUES (nextval('pointfort_numpointfort_seq'), 'Piscine intérieure');
INSERT INTO posseder3 (numpointfort, numtype) VALUES (4, 2);
INSERT INTO pointfort (numpointfort, nompointfort) VALUES (nextval('pointfort_numpointfort_seq'), 'Spa primé');
INSERT INTO posseder3 (numpointfort, numtype) VALUES (5, 5);

INSERT INTO illustrer (numfichierphoto, numtype) VALUES (1, 2);
INSERT INTO illustrer (numfichierphoto, numtype) VALUES (2, 1);
INSERT INTO illustrer (numfichierphoto, numtype) VALUES (3, 5);
INSERT INTO illustrer (numfichierphoto, numtype) VALUES (4, 4);
INSERT INTO illustrer (numfichierphoto, numtype) VALUES (5, 1);
INSERT INTO illustrer (numfichierphoto, numtype) VALUES (6, 3);
INSERT INTO illustrer (numfichierphoto, numtype) VALUES (7, 5);
INSERT INTO illustrer (numfichierphoto, numtype) VALUES (8, 2);
INSERT INTO illustrer (numfichierphoto, numtype) VALUES (9, 2);
INSERT INTO illustrer (numfichierphoto, numtype) VALUES (10, 3);
INSERT INTO illustrer (numfichierphoto, numtype) VALUES (11, 2);
INSERT INTO illustrer (numfichierphoto, numtype) VALUES (12, 3);
INSERT INTO illustrer (numfichierphoto, numtype) VALUES (13, 1);
INSERT INTO illustrer (numfichierphoto, numtype) VALUES (14, 1);
INSERT INTO illustrer (numfichierphoto, numtype) VALUES (15, 2);
INSERT INTO illustrer (numfichierphoto, numtype) VALUES (16, 5);
INSERT INTO illustrer (numfichierphoto, numtype) VALUES (17, 2);
INSERT INTO illustrer (numfichierphoto, numtype) VALUES (18, 1);
INSERT INTO illustrer (numfichierphoto, numtype) VALUES (19, 5);
INSERT INTO illustrer (numfichierphoto, numtype) VALUES (20, 3);
INSERT INTO illustrer (numfichierphoto, numtype) VALUES (21, 1);
INSERT INTO illustrer (numfichierphoto, numtype) VALUES (22, 3);
INSERT INTO illustrer (numfichierphoto, numtype) VALUES (23, 4);
INSERT INTO illustrer (numfichierphoto, numtype) VALUES (24, 5);
INSERT INTO illustrer (numfichierphoto, numtype) VALUES (25, 1);
INSERT INTO illustrer (numfichierphoto, numtype) VALUES (26, 3);
INSERT INTO illustrer (numfichierphoto, numtype) VALUES (27, 3);
INSERT INTO illustrer (numfichierphoto, numtype) VALUES (28, 3);
INSERT INTO illustrer (numfichierphoto, numtype) VALUES (29, 2);
INSERT INTO illustrer (numfichierphoto, numtype) VALUES (30, 2);
INSERT INTO illustrer (numfichierphoto, numtype) VALUES (31, 4);
INSERT INTO illustrer (numfichierphoto, numtype) VALUES (32, 4);
INSERT INTO illustrer (numfichierphoto, numtype) VALUES (33, 3);
INSERT INTO illustrer (numfichierphoto, numtype) VALUES (34, 2);
INSERT INTO illustrer (numfichierphoto, numtype) VALUES (35, 5);
INSERT INTO illustrer (numfichierphoto, numtype) VALUES (36, 5);
INSERT INTO illustrer (numfichierphoto, numtype) VALUES (37, 3);
INSERT INTO illustrer (numfichierphoto, numtype) VALUES (38, 2);
INSERT INTO illustrer (numfichierphoto, numtype) VALUES (39, 5);
INSERT INTO illustrer (numfichierphoto, numtype) VALUES (40, 2);
INSERT INTO illustrer (numfichierphoto, numtype) VALUES (41, 4);
INSERT INTO illustrer (numfichierphoto, numtype) VALUES (42, 3);
INSERT INTO illustrer (numfichierphoto, numtype) VALUES (43, 3);
INSERT INTO illustrer (numfichierphoto, numtype) VALUES (44, 2);
INSERT INTO illustrer (numfichierphoto, numtype) VALUES (45, 2);
INSERT INTO illustrer (numfichierphoto, numtype) VALUES (46, 1);
INSERT INTO illustrer (numfichierphoto, numtype) VALUES (47, 5);

INSERT INTO transport (numtransport, nomtransport, prixtransport) VALUES (nextval('transport_numtransport_seq'), 'Train', 0.00);
INSERT INTO transport (numtransport, nomtransport, prixtransport) VALUES (nextval('transport_numtransport_seq'), 'Avion', 120.00);
INSERT INTO transport (numtransport, nomtransport, prixtransport) VALUES (nextval('transport_numtransport_seq'), 'Navette', 40.00);
INSERT INTO transport (numtransport, nomtransport, prixtransport) VALUES (nextval('transport_numtransport_seq'), 'Voiture', 0.00);
INSERT INTO transport (numtransport, nomtransport, prixtransport) VALUES (nextval('transport_numtransport_seq'), 'Helicopter', 450.00);

INSERT INTO trancheage (numtrancheage, libelletrancheage, agemax, agemin) VALUES (nextval('trancheage_numtrancheage_seq'), '0-2', 2, 0);
INSERT INTO trancheage (numtrancheage, libelletrancheage, agemax, agemin) VALUES (nextval('trancheage_numtrancheage_seq'), '3-5', 5, 3);
INSERT INTO trancheage (numtrancheage, libelletrancheage, agemax, agemin) VALUES (nextval('trancheage_numtrancheage_seq'), '6-8', 8, 6);
INSERT INTO trancheage (numtrancheage, libelletrancheage, agemax, agemin) VALUES (nextval('trancheage_numtrancheage_seq'), '9-12', 12, 9);
INSERT INTO trancheage (numtrancheage, libelletrancheage, agemax, agemin) VALUES (nextval('trancheage_numtrancheage_seq'), '13-17', 17, 13);

INSERT INTO cibler (numactivite, numtrancheage) VALUES (1, 5);
INSERT INTO cibler (numactivite, numtrancheage) VALUES (1, 1);
INSERT INTO cibler (numactivite, numtrancheage) VALUES (2, 5);
INSERT INTO cibler (numactivite, numtrancheage) VALUES (3, 5);
INSERT INTO cibler (numactivite, numtrancheage) VALUES (3, 2);
INSERT INTO cibler (numactivite, numtrancheage) VALUES (4, 4);
INSERT INTO cibler (numactivite, numtrancheage) VALUES (5, 3);
INSERT INTO cibler (numactivite, numtrancheage) VALUES (6, 2);
INSERT INTO cibler (numactivite, numtrancheage) VALUES (7, 3);
INSERT INTO cibler (numactivite, numtrancheage) VALUES (7, 2);
INSERT INTO cibler (numactivite, numtrancheage) VALUES (8, 3);
INSERT INTO cibler (numactivite, numtrancheage) VALUES (9, 1);
INSERT INTO cibler (numactivite, numtrancheage) VALUES (9, 3);
INSERT INTO cibler (numactivite, numtrancheage) VALUES (10, 2);
INSERT INTO cibler (numactivite, numtrancheage) VALUES (11, 3);
INSERT INTO cibler (numactivite, numtrancheage) VALUES (12, 1);
INSERT INTO cibler (numactivite, numtrancheage) VALUES (12, 5);
INSERT INTO cibler (numactivite, numtrancheage) VALUES (13, 4);
INSERT INTO cibler (numactivite, numtrancheage) VALUES (14, 4);
INSERT INTO cibler (numactivite, numtrancheage) VALUES (14, 2);
INSERT INTO cibler (numactivite, numtrancheage) VALUES (15, 4);
INSERT INTO cibler (numactivite, numtrancheage) VALUES (15, 5);
INSERT INTO cibler (numactivite, numtrancheage) VALUES (16, 5);
INSERT INTO cibler (numactivite, numtrancheage) VALUES (16, 4);
INSERT INTO cibler (numactivite, numtrancheage) VALUES (17, 4);
INSERT INTO cibler (numactivite, numtrancheage) VALUES (18, 2);
INSERT INTO cibler (numactivite, numtrancheage) VALUES (19, 1);
INSERT INTO cibler (numactivite, numtrancheage) VALUES (19, 5);
INSERT INTO cibler (numactivite, numtrancheage) VALUES (20, 1);
INSERT INTO cibler (numactivite, numtrancheage) VALUES (20, 3);

INSERT INTO partager (numresort, numtypeactivite) VALUES (1, 2);
INSERT INTO partager (numresort, numtypeactivite) VALUES (1, 10);
INSERT INTO partager (numresort, numtypeactivite) VALUES (1, 6);
INSERT INTO partager (numresort, numtypeactivite) VALUES (1, 9);
INSERT INTO partager (numresort, numtypeactivite) VALUES (2, 3);
INSERT INTO partager (numresort, numtypeactivite) VALUES (2, 2);
INSERT INTO partager (numresort, numtypeactivite) VALUES (2, 9);
INSERT INTO partager (numresort, numtypeactivite) VALUES (2, 10);
INSERT INTO partager (numresort, numtypeactivite) VALUES (2, 5);
INSERT INTO partager (numresort, numtypeactivite) VALUES (3, 1);
INSERT INTO partager (numresort, numtypeactivite) VALUES (3, 7);
INSERT INTO partager (numresort, numtypeactivite) VALUES (3, 3);
INSERT INTO partager (numresort, numtypeactivite) VALUES (3, 5);
INSERT INTO partager (numresort, numtypeactivite) VALUES (3, 4);
INSERT INTO partager (numresort, numtypeactivite) VALUES (4, 1);
INSERT INTO partager (numresort, numtypeactivite) VALUES (4, 2);
INSERT INTO partager (numresort, numtypeactivite) VALUES (4, 6);
INSERT INTO partager (numresort, numtypeactivite) VALUES (5, 4);
INSERT INTO partager (numresort, numtypeactivite) VALUES (5, 7);
INSERT INTO partager (numresort, numtypeactivite) VALUES (5, 5);
INSERT INTO partager (numresort, numtypeactivite) VALUES (6, 5);
INSERT INTO partager (numresort, numtypeactivite) VALUES (6, 4);
INSERT INTO partager (numresort, numtypeactivite) VALUES (6, 2);
INSERT INTO partager (numresort, numtypeactivite) VALUES (6, 1);
INSERT INTO partager (numresort, numtypeactivite) VALUES (7, 10);
INSERT INTO partager (numresort, numtypeactivite) VALUES (7, 9);
INSERT INTO partager (numresort, numtypeactivite) VALUES (7, 8);
INSERT INTO partager (numresort, numtypeactivite) VALUES (7, 2);
INSERT INTO partager (numresort, numtypeactivite) VALUES (7, 1);
INSERT INTO partager (numresort, numtypeactivite) VALUES (8, 1);
INSERT INTO partager (numresort, numtypeactivite) VALUES (8, 7);
INSERT INTO partager (numresort, numtypeactivite) VALUES (8, 2);
INSERT INTO partager (numresort, numtypeactivite) VALUES (8, 3);
INSERT INTO partager (numresort, numtypeactivite) VALUES (9, 4);
INSERT INTO partager (numresort, numtypeactivite) VALUES (9, 2);
INSERT INTO partager (numresort, numtypeactivite) VALUES (9, 1);
INSERT INTO partager (numresort, numtypeactivite) VALUES (9, 9);
INSERT INTO partager (numresort, numtypeactivite) VALUES (9, 7);
INSERT INTO partager (numresort, numtypeactivite) VALUES (10, 2);
INSERT INTO partager (numresort, numtypeactivite) VALUES (10, 8);
INSERT INTO partager (numresort, numtypeactivite) VALUES (10, 10);
INSERT INTO partager (numresort, numtypeactivite) VALUES (10, 3);
INSERT INTO partager (numresort, numtypeactivite) VALUES (11, 8);
INSERT INTO partager (numresort, numtypeactivite) VALUES (11, 10);
INSERT INTO partager (numresort, numtypeactivite) VALUES (11, 5);
INSERT INTO partager (numresort, numtypeactivite) VALUES (11, 1);
INSERT INTO partager (numresort, numtypeactivite) VALUES (11, 6);
INSERT INTO partager (numresort, numtypeactivite) VALUES (12, 3);
INSERT INTO partager (numresort, numtypeactivite) VALUES (12, 6);
INSERT INTO partager (numresort, numtypeactivite) VALUES (12, 7);
INSERT INTO partager (numresort, numtypeactivite) VALUES (12, 10);
INSERT INTO partager (numresort, numtypeactivite) VALUES (12, 2);
INSERT INTO partager (numresort, numtypeactivite) VALUES (13, 1);
INSERT INTO partager (numresort, numtypeactivite) VALUES (13, 5);
INSERT INTO partager (numresort, numtypeactivite) VALUES (13, 8);
INSERT INTO partager (numresort, numtypeactivite) VALUES (13, 4);
INSERT INTO partager (numresort, numtypeactivite) VALUES (13, 3);
INSERT INTO partager (numresort, numtypeactivite) VALUES (14, 5);
INSERT INTO partager (numresort, numtypeactivite) VALUES (14, 1);
INSERT INTO partager (numresort, numtypeactivite) VALUES (14, 3);
INSERT INTO partager (numresort, numtypeactivite) VALUES (15, 2);
INSERT INTO partager (numresort, numtypeactivite) VALUES (15, 6);
INSERT INTO partager (numresort, numtypeactivite) VALUES (16, 10);
INSERT INTO partager (numresort, numtypeactivite) VALUES (16, 4);
INSERT INTO partager (numresort, numtypeactivite) VALUES (16, 1);
INSERT INTO partager (numresort, numtypeactivite) VALUES (16, 7);
INSERT INTO partager (numresort, numtypeactivite) VALUES (16, 9);
INSERT INTO partager (numresort, numtypeactivite) VALUES (17, 9);
INSERT INTO partager (numresort, numtypeactivite) VALUES (17, 8);
INSERT INTO partager (numresort, numtypeactivite) VALUES (17, 4);
INSERT INTO partager (numresort, numtypeactivite) VALUES (17, 10);
INSERT INTO partager (numresort, numtypeactivite) VALUES (17, 3);
INSERT INTO partager (numresort, numtypeactivite) VALUES (18, 7);
INSERT INTO partager (numresort, numtypeactivite) VALUES (18, 1);
INSERT INTO partager (numresort, numtypeactivite) VALUES (19, 2);
INSERT INTO partager (numresort, numtypeactivite) VALUES (19, 8);
INSERT INTO partager (numresort, numtypeactivite) VALUES (19, 3);
INSERT INTO partager (numresort, numtypeactivite) VALUES (20, 4);
INSERT INTO partager (numresort, numtypeactivite) VALUES (20, 10);
INSERT INTO partager (numresort, numtypeactivite) VALUES (20, 3);
INSERT INTO partager (numresort, numtypeactivite) VALUES (21, 7);
INSERT INTO partager (numresort, numtypeactivite) VALUES (21, 2);
INSERT INTO partager (numresort, numtypeactivite) VALUES (22, 4);
INSERT INTO partager (numresort, numtypeactivite) VALUES (22, 3);
INSERT INTO partager (numresort, numtypeactivite) VALUES (22, 5);
INSERT INTO partager (numresort, numtypeactivite) VALUES (22, 9);
INSERT INTO partager (numresort, numtypeactivite) VALUES (22, 6);
INSERT INTO partager (numresort, numtypeactivite) VALUES (23, 2);
INSERT INTO partager (numresort, numtypeactivite) VALUES (23, 7);
INSERT INTO partager (numresort, numtypeactivite) VALUES (24, 9);
INSERT INTO partager (numresort, numtypeactivite) VALUES (24, 6);
INSERT INTO partager (numresort, numtypeactivite) VALUES (24, 5);
INSERT INTO partager (numresort, numtypeactivite) VALUES (24, 8);
INSERT INTO partager (numresort, numtypeactivite) VALUES (24, 4);
INSERT INTO partager (numresort, numtypeactivite) VALUES (25, 10);
INSERT INTO partager (numresort, numtypeactivite) VALUES (25, 9);
INSERT INTO partager (numresort, numtypeactivite) VALUES (26, 2);
INSERT INTO partager (numresort, numtypeactivite) VALUES (26, 7);
INSERT INTO partager (numresort, numtypeactivite) VALUES (26, 3);
INSERT INTO partager (numresort, numtypeactivite) VALUES (26, 10);
INSERT INTO partager (numresort, numtypeactivite) VALUES (26, 5);
INSERT INTO partager (numresort, numtypeactivite) VALUES (27, 2);
INSERT INTO partager (numresort, numtypeactivite) VALUES (27, 10);
INSERT INTO partager (numresort, numtypeactivite) VALUES (28, 9);
INSERT INTO partager (numresort, numtypeactivite) VALUES (28, 6);
INSERT INTO partager (numresort, numtypeactivite) VALUES (28, 7);
INSERT INTO partager (numresort, numtypeactivite) VALUES (28, 3);
INSERT INTO partager (numresort, numtypeactivite) VALUES (29, 8);
INSERT INTO partager (numresort, numtypeactivite) VALUES (29, 10);
INSERT INTO partager (numresort, numtypeactivite) VALUES (29, 1);
INSERT INTO partager (numresort, numtypeactivite) VALUES (29, 2);
INSERT INTO partager (numresort, numtypeactivite) VALUES (29, 3);
INSERT INTO partager (numresort, numtypeactivite) VALUES (30, 3);
INSERT INTO partager (numresort, numtypeactivite) VALUES (30, 7);
INSERT INTO partager (numresort, numtypeactivite) VALUES (30, 1);
INSERT INTO partager (numresort, numtypeactivite) VALUES (30, 4);
INSERT INTO partager (numresort, numtypeactivite) VALUES (30, 10);
INSERT INTO partager (numresort, numtypeactivite) VALUES (31, 1);
INSERT INTO partager (numresort, numtypeactivite) VALUES (31, 8);
INSERT INTO partager (numresort, numtypeactivite) VALUES (31, 5);
INSERT INTO partager (numresort, numtypeactivite) VALUES (32, 1);
INSERT INTO partager (numresort, numtypeactivite) VALUES (32, 6);
INSERT INTO partager (numresort, numtypeactivite) VALUES (32, 5);
INSERT INTO partager (numresort, numtypeactivite) VALUES (32, 3);
INSERT INTO partager (numresort, numtypeactivite) VALUES (33, 8);
INSERT INTO partager (numresort, numtypeactivite) VALUES (33, 2);
INSERT INTO partager (numresort, numtypeactivite) VALUES (33, 4);
INSERT INTO partager (numresort, numtypeactivite) VALUES (33, 9);
INSERT INTO partager (numresort, numtypeactivite) VALUES (34, 8);
INSERT INTO partager (numresort, numtypeactivite) VALUES (34, 6);
INSERT INTO partager (numresort, numtypeactivite) VALUES (34, 5);
INSERT INTO partager (numresort, numtypeactivite) VALUES (34, 9);
INSERT INTO partager (numresort, numtypeactivite) VALUES (35, 10);
INSERT INTO partager (numresort, numtypeactivite) VALUES (35, 2);
INSERT INTO partager (numresort, numtypeactivite) VALUES (35, 4);
INSERT INTO partager (numresort, numtypeactivite) VALUES (35, 8);
INSERT INTO partager (numresort, numtypeactivite) VALUES (35, 9);
INSERT INTO partager (numresort, numtypeactivite) VALUES (36, 8);
INSERT INTO partager (numresort, numtypeactivite) VALUES (36, 9);
INSERT INTO partager (numresort, numtypeactivite) VALUES (36, 6);
INSERT INTO partager (numresort, numtypeactivite) VALUES (36, 7);
INSERT INTO partager (numresort, numtypeactivite) VALUES (36, 1);
INSERT INTO partager (numresort, numtypeactivite) VALUES (37, 2);
INSERT INTO partager (numresort, numtypeactivite) VALUES (37, 5);
INSERT INTO partager (numresort, numtypeactivite) VALUES (37, 7);
INSERT INTO partager (numresort, numtypeactivite) VALUES (38, 9);
INSERT INTO partager (numresort, numtypeactivite) VALUES (38, 1);
INSERT INTO partager (numresort, numtypeactivite) VALUES (38, 3);
INSERT INTO partager (numresort, numtypeactivite) VALUES (39, 4);
INSERT INTO partager (numresort, numtypeactivite) VALUES (39, 1);
INSERT INTO partager (numresort, numtypeactivite) VALUES (39, 10);
INSERT INTO partager (numresort, numtypeactivite) VALUES (40, 8);
INSERT INTO partager (numresort, numtypeactivite) VALUES (40, 1);
INSERT INTO partager (numresort, numtypeactivite) VALUES (41, 4);
INSERT INTO partager (numresort, numtypeactivite) VALUES (41, 5);
INSERT INTO partager (numresort, numtypeactivite) VALUES (41, 6);
INSERT INTO partager (numresort, numtypeactivite) VALUES (41, 7);
INSERT INTO partager (numresort, numtypeactivite) VALUES (42, 9);
INSERT INTO partager (numresort, numtypeactivite) VALUES (42, 7);
INSERT INTO partager (numresort, numtypeactivite) VALUES (42, 2);
INSERT INTO partager (numresort, numtypeactivite) VALUES (42, 6);
INSERT INTO partager (numresort, numtypeactivite) VALUES (42, 1);
INSERT INTO partager (numresort, numtypeactivite) VALUES (43, 6);
INSERT INTO partager (numresort, numtypeactivite) VALUES (43, 8);
INSERT INTO partager (numresort, numtypeactivite) VALUES (43, 9);
INSERT INTO partager (numresort, numtypeactivite) VALUES (44, 8);
INSERT INTO partager (numresort, numtypeactivite) VALUES (44, 9);
INSERT INTO partager (numresort, numtypeactivite) VALUES (44, 6);
INSERT INTO partager (numresort, numtypeactivite) VALUES (45, 3);
INSERT INTO partager (numresort, numtypeactivite) VALUES (45, 5);
INSERT INTO partager (numresort, numtypeactivite) VALUES (45, 2);
INSERT INTO partager (numresort, numtypeactivite) VALUES (45, 10);
INSERT INTO partager (numresort, numtypeactivite) VALUES (46, 7);
INSERT INTO partager (numresort, numtypeactivite) VALUES (46, 1);
INSERT INTO partager (numresort, numtypeactivite) VALUES (47, 10);
INSERT INTO partager (numresort, numtypeactivite) VALUES (47, 4);
INSERT INTO partager (numresort, numtypeactivite) VALUES (47, 9);
INSERT INTO partager (numresort, numtypeactivite) VALUES (48, 4);
INSERT INTO partager (numresort, numtypeactivite) VALUES (48, 5);
INSERT INTO partager (numresort, numtypeactivite) VALUES (48, 7);
INSERT INTO partager (numresort, numtypeactivite) VALUES (49, 1);
INSERT INTO partager (numresort, numtypeactivite) VALUES (49, 8);
INSERT INTO partager (numresort, numtypeactivite) VALUES (50, 3);
INSERT INTO partager (numresort, numtypeactivite) VALUES (50, 1);
INSERT INTO partager (numresort, numtypeactivite) VALUES (50, 4);

INSERT INTO panier (numpanier, numclient, datecreation, prixpanier) VALUES (nextval('panier_numpanier_seq'), 33, '2025-05-30', 4064.41);
INSERT INTO reservation (numreservation, numclient, numtransport, numpanier, statut, nbpersonnes, prixtotal, datedebut, datefin) VALUES (nextval('reservation_numreservation_seq'), 33, 3, 1, 'Annulée', 4, 4266.01, '2024-07-17', '2024-07-26');
INSERT INTO choisir (numreservation, numtype) VALUES (1, 4);
INSERT INTO lier (idchambre, numreservation) VALUES (619, 1);
INSERT INTO participant (numparticipant, numreservation, nomparticipant, prenomparticipant, genreparticipant, datenaissanceparticipant) VALUES (nextval('participant_numparticipant_seq'), 1, 'Thomas', 'Nicolas', 'M', '2012-12-11');
INSERT INTO participant (numparticipant, numreservation, nomparticipant, prenomparticipant, genreparticipant, datenaissanceparticipant) VALUES (nextval('participant_numparticipant_seq'), 1, 'Moreau', 'Laura', 'F', '1994-11-07');
INSERT INTO participant (numparticipant, numreservation, nomparticipant, prenomparticipant, genreparticipant, datenaissanceparticipant) VALUES (nextval('participant_numparticipant_seq'), 1, 'Bernard', 'Chloé', 'F', '2002-05-27');
INSERT INTO enregistrer (numactivite, numreservation) VALUES (12, 1);
INSERT INTO enregistrer (numactivite, numreservation) VALUES (10, 1);
INSERT INTO panier (numpanier, numclient, datecreation, prixpanier) VALUES (nextval('panier_numpanier_seq'), 34, '2025-09-05', 3613.25);
INSERT INTO reservation (numreservation, numclient, numtransport, numpanier, statut, nbpersonnes, prixtotal, datedebut, datefin) VALUES (nextval('reservation_numreservation_seq'), 34, 1, 2, 'Confirmée', 1, 4257.59, '2024-09-03', '2024-09-09');
INSERT INTO choisir (numreservation, numtype) VALUES (2, 5);
INSERT INTO lier (idchambre, numreservation) VALUES (828, 2);
INSERT INTO participant (numparticipant, numreservation, nomparticipant, prenomparticipant, genreparticipant, datenaissanceparticipant) VALUES (nextval('participant_numparticipant_seq'), 2, 'Petit', 'Thomas', 'M', '2012-04-23');
INSERT INTO participant (numparticipant, numreservation, nomparticipant, prenomparticipant, genreparticipant, datenaissanceparticipant) VALUES (nextval('participant_numparticipant_seq'), 2, 'Leroy', 'Emma', 'F', '2008-02-24');
INSERT INTO participant (numparticipant, numreservation, nomparticipant, prenomparticipant, genreparticipant, datenaissanceparticipant) VALUES (nextval('participant_numparticipant_seq'), 2, 'Martin', 'Nicolas', 'M', '2005-05-24');
INSERT INTO enregistrer (numactivite, numreservation) VALUES (8, 2);
INSERT INTO enregistrer (numactivite, numreservation) VALUES (18, 2);
INSERT INTO panier (numpanier, numclient, datecreation, prixpanier) VALUES (nextval('panier_numpanier_seq'), 82, '2024-09-01', 4551.33);
INSERT INTO reservation (numreservation, numclient, numtransport, numpanier, statut, nbpersonnes, prixtotal, datedebut, datefin) VALUES (nextval('reservation_numreservation_seq'), 82, 2, 3, 'Confirmée', 6, 5252.53, '2025-01-04', '2025-01-15');
INSERT INTO choisir (numreservation, numtype) VALUES (3, 2);
INSERT INTO lier (idchambre, numreservation) VALUES (602, 3);
INSERT INTO participant (numparticipant, numreservation, nomparticipant, prenomparticipant, genreparticipant, datenaissanceparticipant) VALUES (nextval('participant_numparticipant_seq'), 3, 'Petit', 'Chloé', 'F', '2015-01-29');
INSERT INTO panier (numpanier, numclient, datecreation, prixpanier) VALUES (nextval('panier_numpanier_seq'), 88, '2023-11-19', 3341.29);
INSERT INTO reservation (numreservation, numclient, numtransport, numpanier, statut, nbpersonnes, prixtotal, datedebut, datefin) VALUES (nextval('reservation_numreservation_seq'), 88, 5, 4, 'Annulée', 4, 3971.76, '2024-12-28', '2025-01-03');
INSERT INTO choisir (numreservation, numtype) VALUES (4, 3);
INSERT INTO lier (idchambre, numreservation) VALUES (762, 4);
INSERT INTO participant (numparticipant, numreservation, nomparticipant, prenomparticipant, genreparticipant, datenaissanceparticipant) VALUES (nextval('participant_numparticipant_seq'), 4, 'Roux', 'Emma', 'M', '2011-02-09');
INSERT INTO participant (numparticipant, numreservation, nomparticipant, prenomparticipant, genreparticipant, datenaissanceparticipant) VALUES (nextval('participant_numparticipant_seq'), 4, 'Bernard', 'Marie', 'F', '1998-09-23');
INSERT INTO enregistrer (numactivite, numreservation) VALUES (4, 4);
INSERT INTO enregistrer (numactivite, numreservation) VALUES (14, 4);
INSERT INTO panier (numpanier, numclient, datecreation, prixpanier) VALUES (nextval('panier_numpanier_seq'), 68, '2023-09-04', 2182.91);
INSERT INTO reservation (numreservation, numclient, numtransport, numpanier, statut, nbpersonnes, prixtotal, datedebut, datefin) VALUES (nextval('reservation_numreservation_seq'), 68, 2, 5, 'Terminée', 5, 2897.19, '2023-10-09', '2023-10-15');
INSERT INTO choisir (numreservation, numtype) VALUES (5, 4);
INSERT INTO lier (idchambre, numreservation) VALUES (294, 5);
INSERT INTO participant (numparticipant, numreservation, nomparticipant, prenomparticipant, genreparticipant, datenaissanceparticipant) VALUES (nextval('participant_numparticipant_seq'), 5, 'Bernard', 'Claire', 'F', '2004-12-02');
INSERT INTO participant (numparticipant, numreservation, nomparticipant, prenomparticipant, genreparticipant, datenaissanceparticipant) VALUES (nextval('participant_numparticipant_seq'), 5, 'Simon', 'Claire', 'M', '1990-03-19');
INSERT INTO enregistrer (numactivite, numreservation) VALUES (10, 5);
INSERT INTO avis (numavis, numclient, numresort, noteavis, commentaire, datepublication) VALUES (nextval('avis_numavis_seq'), 68, 10, 4.43, 'Très bon séjour à Flaine.', '2023-12-28');
INSERT INTO panier (numpanier, numclient, datecreation, prixpanier) VALUES (nextval('panier_numpanier_seq'), 98, '2022-11-21', 2549.97);
INSERT INTO reservation (numreservation, numclient, numtransport, numpanier, statut, nbpersonnes, prixtotal, datedebut, datefin) VALUES (nextval('reservation_numreservation_seq'), 98, 4, 6, 'Terminée', 6, 2893.5, '2023-06-30', '2023-07-05');
INSERT INTO choisir (numreservation, numtype) VALUES (6, 4);
INSERT INTO lier (idchambre, numreservation) VALUES (978, 6);
INSERT INTO participant (numparticipant, numreservation, nomparticipant, prenomparticipant, genreparticipant, datenaissanceparticipant) VALUES (nextval('participant_numparticipant_seq'), 6, 'Martin', 'Jean', 'M', '2006-09-26');
INSERT INTO participant (numparticipant, numreservation, nomparticipant, prenomparticipant, genreparticipant, datenaissanceparticipant) VALUES (nextval('participant_numparticipant_seq'), 6, 'Simon', 'Jean', 'M', '1990-10-21');
INSERT INTO enregistrer (numactivite, numreservation) VALUES (2, 6);
INSERT INTO enregistrer (numactivite, numreservation) VALUES (8, 6);
INSERT INTO avis (numavis, numclient, numresort, noteavis, commentaire, datepublication) VALUES (nextval('avis_numavis_seq'), 98, 49, 4.69, 'Très bon séjour à Phangan.', '2023-08-14');
INSERT INTO panier (numpanier, numclient, datecreation, prixpanier) VALUES (nextval('panier_numpanier_seq'), 17, '2022-07-30', 2041.04);
INSERT INTO reservation (numreservation, numclient, numtransport, numpanier, statut, nbpersonnes, prixtotal, datedebut, datefin) VALUES (nextval('reservation_numreservation_seq'), 17, NULL, 7, 'En attente', 3, 2799.81, '2024-09-18', '2024-09-23');
INSERT INTO choisir (numreservation, numtype) VALUES (7, 4);
INSERT INTO lier (idchambre, numreservation) VALUES (1491, 7);
INSERT INTO participant (numparticipant, numreservation, nomparticipant, prenomparticipant, genreparticipant, datenaissanceparticipant) VALUES (nextval('participant_numparticipant_seq'), 7, 'Leroux', 'Thomas', 'M', '2005-05-17');
INSERT INTO participant (numparticipant, numreservation, nomparticipant, prenomparticipant, genreparticipant, datenaissanceparticipant) VALUES (nextval('participant_numparticipant_seq'), 7, 'Michel', 'Chloé', 'M', '1997-05-25');
INSERT INTO participant (numparticipant, numreservation, nomparticipant, prenomparticipant, genreparticipant, datenaissanceparticipant) VALUES (nextval('participant_numparticipant_seq'), 7, 'Dubois', 'Nicolas', 'M', '2000-01-24');
INSERT INTO enregistrer (numactivite, numreservation) VALUES (6, 7);
INSERT INTO enregistrer (numactivite, numreservation) VALUES (8, 7);
INSERT INTO panier (numpanier, numclient, datecreation, prixpanier) VALUES (nextval('panier_numpanier_seq'), 94, '2022-02-14', 3030.53);
INSERT INTO reservation (numreservation, numclient, numtransport, numpanier, statut, nbpersonnes, prixtotal, datedebut, datefin) VALUES (nextval('reservation_numreservation_seq'), 94, 5, 8, 'En attente', 4, 3731.77, '2023-09-10', '2023-09-18');
INSERT INTO choisir (numreservation, numtype) VALUES (8, 3);
INSERT INTO lier (idchambre, numreservation) VALUES (1580, 8);
INSERT INTO participant (numparticipant, numreservation, nomparticipant, prenomparticipant, genreparticipant, datenaissanceparticipant) VALUES (nextval('participant_numparticipant_seq'), 8, 'Martin', 'Marie', 'M', '1990-11-20');
INSERT INTO participant (numparticipant, numreservation, nomparticipant, prenomparticipant, genreparticipant, datenaissanceparticipant) VALUES (nextval('participant_numparticipant_seq'), 8, 'Thomas', 'Marie', 'F', '2009-12-06');
INSERT INTO participant (numparticipant, numreservation, nomparticipant, prenomparticipant, genreparticipant, datenaissanceparticipant) VALUES (nextval('participant_numparticipant_seq'), 8, 'Thomas', 'Nicolas', 'F', '2011-04-13');
INSERT INTO enregistrer (numactivite, numreservation) VALUES (6, 8);
INSERT INTO enregistrer (numactivite, numreservation) VALUES (8, 8);
INSERT INTO panier (numpanier, numclient, datecreation, prixpanier) VALUES (nextval('panier_numpanier_seq'), 89, '2025-11-05', 3225.49);
INSERT INTO reservation (numreservation, numclient, numtransport, numpanier, statut, nbpersonnes, prixtotal, datedebut, datefin) VALUES (nextval('reservation_numreservation_seq'), 89, NULL, 9, 'Annulée', 5, 3710.0, '2025-05-11', '2025-05-24');
INSERT INTO choisir (numreservation, numtype) VALUES (9, 2);
INSERT INTO lier (idchambre, numreservation) VALUES (858, 9);
INSERT INTO participant (numparticipant, numreservation, nomparticipant, prenomparticipant, genreparticipant, datenaissanceparticipant) VALUES (nextval('participant_numparticipant_seq'), 9, 'Moreau', 'Sophie', 'M', '1994-10-08');
INSERT INTO enregistrer (numactivite, numreservation) VALUES (8, 9);
INSERT INTO panier (numpanier, numclient, datecreation, prixpanier) VALUES (nextval('panier_numpanier_seq'), 78, '2023-02-14', 3934.2);
INSERT INTO reservation (numreservation, numclient, numtransport, numpanier, statut, nbpersonnes, prixtotal, datedebut, datefin) VALUES (nextval('reservation_numreservation_seq'), 78, 5, 10, 'Terminée', 3, 4062.5, '2024-02-18', '2024-02-26');
INSERT INTO choisir (numreservation, numtype) VALUES (10, 5);
INSERT INTO lier (idchambre, numreservation) VALUES (1017, 10);
INSERT INTO participant (numparticipant, numreservation, nomparticipant, prenomparticipant, genreparticipant, datenaissanceparticipant) VALUES (nextval('participant_numparticipant_seq'), 10, 'Simon', 'Chloé', 'M', '1990-02-14');
INSERT INTO panier (numpanier, numclient, datecreation, prixpanier) VALUES (nextval('panier_numpanier_seq'), 15, '2025-03-21', 3411.31);
INSERT INTO reservation (numreservation, numclient, numtransport, numpanier, statut, nbpersonnes, prixtotal, datedebut, datefin) VALUES (nextval('reservation_numreservation_seq'), 15, NULL, 11, 'En attente', 3, 3926.78, '2023-07-04', '2023-07-15');
INSERT INTO choisir (numreservation, numtype) VALUES (11, 4);
INSERT INTO lier (idchambre, numreservation) VALUES (607, 11);
INSERT INTO participant (numparticipant, numreservation, nomparticipant, prenomparticipant, genreparticipant, datenaissanceparticipant) VALUES (nextval('participant_numparticipant_seq'), 11, 'Martin', 'Antoine', 'M', '1997-11-02');
INSERT INTO participant (numparticipant, numreservation, nomparticipant, prenomparticipant, genreparticipant, datenaissanceparticipant) VALUES (nextval('participant_numparticipant_seq'), 11, 'Moreau', 'Marie', 'F', '2004-01-11');
INSERT INTO enregistrer (numactivite, numreservation) VALUES (4, 11);
INSERT INTO panier (numpanier, numclient, datecreation, prixpanier) VALUES (nextval('panier_numpanier_seq'), 13, '2022-04-04', 246.43);
INSERT INTO reservation (numreservation, numclient, numtransport, numpanier, statut, nbpersonnes, prixtotal, datedebut, datefin) VALUES (nextval('reservation_numreservation_seq'), 13, 2, 12, 'Terminée', 5, 461.08, '2023-12-16', '2023-12-24');
INSERT INTO choisir (numreservation, numtype) VALUES (12, 1);
INSERT INTO lier (idchambre, numreservation) VALUES (764, 12);
INSERT INTO participant (numparticipant, numreservation, nomparticipant, prenomparticipant, genreparticipant, datenaissanceparticipant) VALUES (nextval('participant_numparticipant_seq'), 12, 'Thomas', 'Claire', 'F', '2007-12-15');
INSERT INTO participant (numparticipant, numreservation, nomparticipant, prenomparticipant, genreparticipant, datenaissanceparticipant) VALUES (nextval('participant_numparticipant_seq'), 12, 'Leroy', 'Antoine', 'F', '2011-06-15');
INSERT INTO enregistrer (numactivite, numreservation) VALUES (6, 12);
INSERT INTO avis (numavis, numclient, numresort, noteavis, commentaire, datepublication) VALUES (nextval('avis_numavis_seq'), 13, 9, 4.24, 'Très bon séjour à Valmorel.', '2024-01-01');
INSERT INTO panier (numpanier, numclient, datecreation, prixpanier) VALUES (nextval('panier_numpanier_seq'), 21, '2022-08-01', 2196.93);
INSERT INTO reservation (numreservation, numclient, numtransport, numpanier, statut, nbpersonnes, prixtotal, datedebut, datefin) VALUES (nextval('reservation_numreservation_seq'), 21, 5, 13, 'Terminée', 2, 2685.99, '2025-09-15', '2025-09-27');
INSERT INTO choisir (numreservation, numtype) VALUES (13, 3);
INSERT INTO lier (idchambre, numreservation) VALUES (1253, 13);
INSERT INTO participant (numparticipant, numreservation, nomparticipant, prenomparticipant, genreparticipant, datenaissanceparticipant) VALUES (nextval('participant_numparticipant_seq'), 13, 'Garnier', 'Pierre', 'F', '1995-01-25');
INSERT INTO enregistrer (numactivite, numreservation) VALUES (16, 13);
INSERT INTO avis (numavis, numclient, numresort, noteavis, commentaire, datepublication) VALUES (nextval('avis_numavis_seq'), 21, 38, 3.15, 'Très bon séjour à Djerba.', '2025-11-07');
INSERT INTO panier (numpanier, numclient, datecreation, prixpanier) VALUES (nextval('panier_numpanier_seq'), 2, '2025-12-13', 4367.99);
INSERT INTO reservation (numreservation, numclient, numtransport, numpanier, statut, nbpersonnes, prixtotal, datedebut, datefin) VALUES (nextval('reservation_numreservation_seq'), 2, 2, 14, 'En attente', 4, 4897.36, '2024-04-03', '2024-04-16');
INSERT INTO choisir (numreservation, numtype) VALUES (14, 2);
INSERT INTO lier (idchambre, numreservation) VALUES (987, 14);
INSERT INTO participant (numparticipant, numreservation, nomparticipant, prenomparticipant, genreparticipant, datenaissanceparticipant) VALUES (nextval('participant_numparticipant_seq'), 14, 'Petit', 'Nicolas', 'M', '1990-07-10');
INSERT INTO participant (numparticipant, numreservation, nomparticipant, prenomparticipant, genreparticipant, datenaissanceparticipant) VALUES (nextval('participant_numparticipant_seq'), 14, 'Garnier', 'Claire', 'F', '1997-06-02');
INSERT INTO panier (numpanier, numclient, datecreation, prixpanier) VALUES (nextval('panier_numpanier_seq'), 97, '2024-10-03', 1739.04);
INSERT INTO reservation (numreservation, numclient, numtransport, numpanier, statut, nbpersonnes, prixtotal, datedebut, datefin) VALUES (nextval('reservation_numreservation_seq'), 97, 4, 15, 'Confirmée', 5, 2253.69, '2024-07-23', '2024-07-26');
INSERT INTO choisir (numreservation, numtype) VALUES (15, 4);
INSERT INTO lier (idchambre, numreservation) VALUES (1674, 15);
INSERT INTO participant (numparticipant, numreservation, nomparticipant, prenomparticipant, genreparticipant, datenaissanceparticipant) VALUES (nextval('participant_numparticipant_seq'), 15, 'Roux', 'Luc', 'F', '2015-09-15');
INSERT INTO enregistrer (numactivite, numreservation) VALUES (4, 15);
INSERT INTO panier (numpanier, numclient, datecreation, prixpanier) VALUES (nextval('panier_numpanier_seq'), 64, '2024-07-04', 1717.1);
INSERT INTO reservation (numreservation, numclient, numtransport, numpanier, statut, nbpersonnes, prixtotal, datedebut, datefin) VALUES (nextval('reservation_numreservation_seq'), 64, 3, 16, 'Terminée', 1, 2162.8, '2023-02-06', '2023-02-10');
INSERT INTO choisir (numreservation, numtype) VALUES (16, 1);
INSERT INTO lier (idchambre, numreservation) VALUES (1692, 16);
INSERT INTO participant (numparticipant, numreservation, nomparticipant, prenomparticipant, genreparticipant, datenaissanceparticipant) VALUES (nextval('participant_numparticipant_seq'), 16, 'Richard', 'Emma', 'F', '2005-04-16');
INSERT INTO enregistrer (numactivite, numreservation) VALUES (2, 16);
INSERT INTO panier (numpanier, numclient, datecreation, prixpanier) VALUES (nextval('panier_numpanier_seq'), 59, '2023-11-11', 2888.72);
INSERT INTO reservation (numreservation, numclient, numtransport, numpanier, statut, nbpersonnes, prixtotal, datedebut, datefin) VALUES (nextval('reservation_numreservation_seq'), 59, 5, 17, 'Annulée', 6, 3250.75, '2025-08-26', '2025-09-09');
INSERT INTO choisir (numreservation, numtype) VALUES (17, 1);
INSERT INTO lier (idchambre, numreservation) VALUES (1556, 17);
INSERT INTO participant (numparticipant, numreservation, nomparticipant, prenomparticipant, genreparticipant, datenaissanceparticipant) VALUES (nextval('participant_numparticipant_seq'), 17, 'Dubois', 'Julie', 'F', '2005-12-06');
INSERT INTO participant (numparticipant, numreservation, nomparticipant, prenomparticipant, genreparticipant, datenaissanceparticipant) VALUES (nextval('participant_numparticipant_seq'), 17, 'Michel', 'Emma', 'M', '1992-01-21');
INSERT INTO participant (numparticipant, numreservation, nomparticipant, prenomparticipant, genreparticipant, datenaissanceparticipant) VALUES (nextval('participant_numparticipant_seq'), 17, 'Garnier', 'Claire', 'M', '2008-05-10');
INSERT INTO panier (numpanier, numclient, datecreation, prixpanier) VALUES (nextval('panier_numpanier_seq'), 33, '2025-06-05', 1140.42);
INSERT INTO reservation (numreservation, numclient, numtransport, numpanier, statut, nbpersonnes, prixtotal, datedebut, datefin) VALUES (nextval('reservation_numreservation_seq'), 33, 3, 18, 'Confirmée', 6, 1410.77, '2025-03-15', '2025-03-21');
INSERT INTO choisir (numreservation, numtype) VALUES (18, 4);
INSERT INTO lier (idchambre, numreservation) VALUES (96, 18);
INSERT INTO participant (numparticipant, numreservation, nomparticipant, prenomparticipant, genreparticipant, datenaissanceparticipant) VALUES (nextval('participant_numparticipant_seq'), 18, 'Roux', 'Sophie', 'F', '2016-06-08');
INSERT INTO participant (numparticipant, numreservation, nomparticipant, prenomparticipant, genreparticipant, datenaissanceparticipant) VALUES (nextval('participant_numparticipant_seq'), 18, 'Garnier', 'Pierre', 'M', '2013-10-16');
INSERT INTO participant (numparticipant, numreservation, nomparticipant, prenomparticipant, genreparticipant, datenaissanceparticipant) VALUES (nextval('participant_numparticipant_seq'), 18, 'Leroux', 'Marie', 'F', '2012-10-20');
INSERT INTO panier (numpanier, numclient, datecreation, prixpanier) VALUES (nextval('panier_numpanier_seq'), 89, '2025-03-30', 1033.52);
INSERT INTO reservation (numreservation, numclient, numtransport, numpanier, statut, nbpersonnes, prixtotal, datedebut, datefin) VALUES (nextval('reservation_numreservation_seq'), 89, 5, 19, 'Annulée', 5, 1738.63, '2023-08-01', '2023-08-10');
INSERT INTO choisir (numreservation, numtype) VALUES (19, 4);
INSERT INTO lier (idchambre, numreservation) VALUES (1248, 19);
INSERT INTO participant (numparticipant, numreservation, nomparticipant, prenomparticipant, genreparticipant, datenaissanceparticipant) VALUES (nextval('participant_numparticipant_seq'), 19, 'Leroy', 'Julie', 'F', '2005-05-19');
INSERT INTO participant (numparticipant, numreservation, nomparticipant, prenomparticipant, genreparticipant, datenaissanceparticipant) VALUES (nextval('participant_numparticipant_seq'), 19, 'Roux', 'Emma', 'M', '1996-03-13');
INSERT INTO participant (numparticipant, numreservation, nomparticipant, prenomparticipant, genreparticipant, datenaissanceparticipant) VALUES (nextval('participant_numparticipant_seq'), 19, 'Moreau', 'Camille', 'F', '2014-10-31');
INSERT INTO enregistrer (numactivite, numreservation) VALUES (8, 19);
INSERT INTO enregistrer (numactivite, numreservation) VALUES (20, 19);
INSERT INTO panier (numpanier, numclient, datecreation, prixpanier) VALUES (nextval('panier_numpanier_seq'), 27, '2025-07-02', 3629.05);
INSERT INTO reservation (numreservation, numclient, numtransport, numpanier, statut, nbpersonnes, prixtotal, datedebut, datefin) VALUES (nextval('reservation_numreservation_seq'), 27, 1, 20, 'Confirmée', 5, 4063.04, '2024-12-08', '2024-12-21');
INSERT INTO choisir (numreservation, numtype) VALUES (20, 3);
INSERT INTO lier (idchambre, numreservation) VALUES (1455, 20);
INSERT INTO participant (numparticipant, numreservation, nomparticipant, prenomparticipant, genreparticipant, datenaissanceparticipant) VALUES (nextval('participant_numparticipant_seq'), 20, 'Garnier', 'Laura', 'F', '2013-12-13');
INSERT INTO enregistrer (numactivite, numreservation) VALUES (14, 20);
INSERT INTO panier (numpanier, numclient, datecreation, prixpanier) VALUES (nextval('panier_numpanier_seq'), 2, '2024-12-06', 711.06);
INSERT INTO reservation (numreservation, numclient, numtransport, numpanier, statut, nbpersonnes, prixtotal, datedebut, datefin) VALUES (nextval('reservation_numreservation_seq'), 2, 5, 21, 'En attente', 2, 924.64, '2023-10-25', '2023-10-28');
INSERT INTO choisir (numreservation, numtype) VALUES (21, 2);
INSERT INTO lier (idchambre, numreservation) VALUES (587, 21);
INSERT INTO participant (numparticipant, numreservation, nomparticipant, prenomparticipant, genreparticipant, datenaissanceparticipant) VALUES (nextval('participant_numparticipant_seq'), 21, 'Petit', 'Paul', 'M', '2003-03-29');
INSERT INTO participant (numparticipant, numreservation, nomparticipant, prenomparticipant, genreparticipant, datenaissanceparticipant) VALUES (nextval('participant_numparticipant_seq'), 21, 'Martin', 'Marc', 'F', '2010-04-21');
INSERT INTO participant (numparticipant, numreservation, nomparticipant, prenomparticipant, genreparticipant, datenaissanceparticipant) VALUES (nextval('participant_numparticipant_seq'), 21, 'Durand', 'Sophie', 'F', '2000-08-28');
INSERT INTO enregistrer (numactivite, numreservation) VALUES (10, 21);
INSERT INTO enregistrer (numactivite, numreservation) VALUES (2, 21);
INSERT INTO panier (numpanier, numclient, datecreation, prixpanier) VALUES (nextval('panier_numpanier_seq'), 49, '2024-03-04', 2199.52);
INSERT INTO reservation (numreservation, numclient, numtransport, numpanier, statut, nbpersonnes, prixtotal, datedebut, datefin) VALUES (nextval('reservation_numreservation_seq'), 49, NULL, 22, 'En attente', 6, 2400.59, '2024-10-02', '2024-10-13');
INSERT INTO choisir (numreservation, numtype) VALUES (22, 5);
INSERT INTO lier (idchambre, numreservation) VALUES (1780, 22);
INSERT INTO participant (numparticipant, numreservation, nomparticipant, prenomparticipant, genreparticipant, datenaissanceparticipant) VALUES (nextval('participant_numparticipant_seq'), 22, 'Michel', 'Julie', 'M', '1998-09-06');
INSERT INTO participant (numparticipant, numreservation, nomparticipant, prenomparticipant, genreparticipant, datenaissanceparticipant) VALUES (nextval('participant_numparticipant_seq'), 22, 'Roux', 'Emma', 'M', '1993-05-05');
INSERT INTO panier (numpanier, numclient, datecreation, prixpanier) VALUES (nextval('panier_numpanier_seq'), 23, '2024-11-18', 772.9);
INSERT INTO reservation (numreservation, numclient, numtransport, numpanier, statut, nbpersonnes, prixtotal, datedebut, datefin) VALUES (nextval('reservation_numreservation_seq'), 23, 4, 23, 'Annulée', 2, 901.64, '2025-05-27', '2025-06-03');
INSERT INTO choisir (numreservation, numtype) VALUES (23, 3);
INSERT INTO lier (idchambre, numreservation) VALUES (12, 23);
INSERT INTO participant (numparticipant, numreservation, nomparticipant, prenomparticipant, genreparticipant, datenaissanceparticipant) VALUES (nextval('participant_numparticipant_seq'), 23, 'Petit', 'Antoine', 'M', '1996-11-23');
INSERT INTO participant (numparticipant, numreservation, nomparticipant, prenomparticipant, genreparticipant, datenaissanceparticipant) VALUES (nextval('participant_numparticipant_seq'), 23, 'Martin', 'Thomas', 'F', '2012-01-03');
INSERT INTO enregistrer (numactivite, numreservation) VALUES (18, 23);
INSERT INTO enregistrer (numactivite, numreservation) VALUES (12, 23);
INSERT INTO panier (numpanier, numclient, datecreation, prixpanier) VALUES (nextval('panier_numpanier_seq'), 10, '2025-12-20', 1725.72);
INSERT INTO reservation (numreservation, numclient, numtransport, numpanier, statut, nbpersonnes, prixtotal, datedebut, datefin) VALUES (nextval('reservation_numreservation_seq'), 10, NULL, 24, 'Confirmée', 4, 2160.18, '2024-01-12', '2024-01-23');
INSERT INTO choisir (numreservation, numtype) VALUES (24, 4);
INSERT INTO lier (idchambre, numreservation) VALUES (189, 24);
INSERT INTO participant (numparticipant, numreservation, nomparticipant, prenomparticipant, genreparticipant, datenaissanceparticipant) VALUES (nextval('participant_numparticipant_seq'), 24, 'Richard', 'Julie', 'F', '2004-11-07');
INSERT INTO participant (numparticipant, numreservation, nomparticipant, prenomparticipant, genreparticipant, datenaissanceparticipant) VALUES (nextval('participant_numparticipant_seq'), 24, 'Moreau', 'Laura', 'M', '2017-09-25');
INSERT INTO enregistrer (numactivite, numreservation) VALUES (16, 24);
INSERT INTO enregistrer (numactivite, numreservation) VALUES (18, 24);
INSERT INTO panier (numpanier, numclient, datecreation, prixpanier) VALUES (nextval('panier_numpanier_seq'), 97, '2025-08-22', 242.26);
INSERT INTO reservation (numreservation, numclient, numtransport, numpanier, statut, nbpersonnes, prixtotal, datedebut, datefin) VALUES (nextval('reservation_numreservation_seq'), 97, 1, 25, 'Confirmée', 1, 788.3, '2024-12-09', '2024-12-19');
INSERT INTO choisir (numreservation, numtype) VALUES (25, 3);
INSERT INTO lier (idchambre, numreservation) VALUES (782, 25);
INSERT INTO participant (numparticipant, numreservation, nomparticipant, prenomparticipant, genreparticipant, datenaissanceparticipant) VALUES (nextval('participant_numparticipant_seq'), 25, 'Leroy', 'Nicolas', 'F', '1991-02-09');
INSERT INTO enregistrer (numactivite, numreservation) VALUES (12, 25);
INSERT INTO enregistrer (numactivite, numreservation) VALUES (18, 25);
INSERT INTO panier (numpanier, numclient, datecreation, prixpanier) VALUES (nextval('panier_numpanier_seq'), 66, '2024-07-01', 2536.66);
INSERT INTO reservation (numreservation, numclient, numtransport, numpanier, statut, nbpersonnes, prixtotal, datedebut, datefin) VALUES (nextval('reservation_numreservation_seq'), 66, 4, 26, 'En attente', 1, 2670.58, '2024-01-30', '2024-02-07');
INSERT INTO choisir (numreservation, numtype) VALUES (26, 5);
INSERT INTO lier (idchambre, numreservation) VALUES (1093, 26);
INSERT INTO participant (numparticipant, numreservation, nomparticipant, prenomparticipant, genreparticipant, datenaissanceparticipant) VALUES (nextval('participant_numparticipant_seq'), 26, 'Richard', 'Luc', 'M', '2009-01-11');
INSERT INTO panier (numpanier, numclient, datecreation, prixpanier) VALUES (nextval('panier_numpanier_seq'), 27, '2025-01-06', 4177.99);
INSERT INTO reservation (numreservation, numclient, numtransport, numpanier, statut, nbpersonnes, prixtotal, datedebut, datefin) VALUES (nextval('reservation_numreservation_seq'), 27, NULL, 27, 'Confirmée', 1, 4545.37, '2025-06-10', '2025-06-23');
INSERT INTO choisir (numreservation, numtype) VALUES (27, 3);
INSERT INTO lier (idchambre, numreservation) VALUES (78, 27);
INSERT INTO participant (numparticipant, numreservation, nomparticipant, prenomparticipant, genreparticipant, datenaissanceparticipant) VALUES (nextval('participant_numparticipant_seq'), 27, 'Martin', 'Luc', 'M', '2001-04-20');
INSERT INTO enregistrer (numactivite, numreservation) VALUES (4, 27);
INSERT INTO enregistrer (numactivite, numreservation) VALUES (8, 27);
INSERT INTO panier (numpanier, numclient, datecreation, prixpanier) VALUES (nextval('panier_numpanier_seq'), 34, '2024-04-14', 2062.56);
INSERT INTO reservation (numreservation, numclient, numtransport, numpanier, statut, nbpersonnes, prixtotal, datedebut, datefin) VALUES (nextval('reservation_numreservation_seq'), 34, 2, 28, 'En attente', 4, 2601.2, '2025-04-08', '2025-04-17');
INSERT INTO choisir (numreservation, numtype) VALUES (28, 5);
INSERT INTO lier (idchambre, numreservation) VALUES (13, 28);
INSERT INTO participant (numparticipant, numreservation, nomparticipant, prenomparticipant, genreparticipant, datenaissanceparticipant) VALUES (nextval('participant_numparticipant_seq'), 28, 'Martin', 'Luc', 'M', '2006-01-17');
INSERT INTO participant (numparticipant, numreservation, nomparticipant, prenomparticipant, genreparticipant, datenaissanceparticipant) VALUES (nextval('participant_numparticipant_seq'), 28, 'Moreau', 'Sophie', 'F', '2017-03-17');
INSERT INTO participant (numparticipant, numreservation, nomparticipant, prenomparticipant, genreparticipant, datenaissanceparticipant) VALUES (nextval('participant_numparticipant_seq'), 28, 'Moreau', 'Luc', 'F', '2007-02-10');
INSERT INTO enregistrer (numactivite, numreservation) VALUES (2, 28);
INSERT INTO panier (numpanier, numclient, datecreation, prixpanier) VALUES (nextval('panier_numpanier_seq'), 61, '2022-11-17', 2760.65);
INSERT INTO reservation (numreservation, numclient, numtransport, numpanier, statut, nbpersonnes, prixtotal, datedebut, datefin) VALUES (nextval('reservation_numreservation_seq'), 61, 2, 29, 'Confirmée', 3, 3302.48, '2025-03-11', '2025-03-22');
INSERT INTO choisir (numreservation, numtype) VALUES (29, 3);
INSERT INTO lier (idchambre, numreservation) VALUES (23, 29);
INSERT INTO participant (numparticipant, numreservation, nomparticipant, prenomparticipant, genreparticipant, datenaissanceparticipant) VALUES (nextval('participant_numparticipant_seq'), 29, 'Thomas', 'Pierre', 'M', '1990-03-24');
INSERT INTO participant (numparticipant, numreservation, nomparticipant, prenomparticipant, genreparticipant, datenaissanceparticipant) VALUES (nextval('participant_numparticipant_seq'), 29, 'Bernard', 'Nicolas', 'F', '1999-06-04');
INSERT INTO participant (numparticipant, numreservation, nomparticipant, prenomparticipant, genreparticipant, datenaissanceparticipant) VALUES (nextval('participant_numparticipant_seq'), 29, 'Richard', 'Laura', 'F', '2018-12-22');
INSERT INTO enregistrer (numactivite, numreservation) VALUES (6, 29);
INSERT INTO enregistrer (numactivite, numreservation) VALUES (20, 29);
INSERT INTO panier (numpanier, numclient, datecreation, prixpanier) VALUES (nextval('panier_numpanier_seq'), 24, '2023-03-29', 3161.05);
INSERT INTO reservation (numreservation, numclient, numtransport, numpanier, statut, nbpersonnes, prixtotal, datedebut, datefin) VALUES (nextval('reservation_numreservation_seq'), 24, 1, 30, 'En attente', 5, 3530.06, '2024-02-02', '2024-02-06');
INSERT INTO choisir (numreservation, numtype) VALUES (30, 5);
INSERT INTO lier (idchambre, numreservation) VALUES (150, 30);
INSERT INTO participant (numparticipant, numreservation, nomparticipant, prenomparticipant, genreparticipant, datenaissanceparticipant) VALUES (nextval('participant_numparticipant_seq'), 30, 'Leroy', 'Luc', 'M', '1998-11-09');
INSERT INTO participant (numparticipant, numreservation, nomparticipant, prenomparticipant, genreparticipant, datenaissanceparticipant) VALUES (nextval('participant_numparticipant_seq'), 30, 'Simon', 'Chloé', 'F', '1995-10-02');
INSERT INTO enregistrer (numactivite, numreservation) VALUES (8, 30);
INSERT INTO enregistrer (numactivite, numreservation) VALUES (4, 30);
INSERT INTO panier (numpanier, numclient, datecreation, prixpanier) VALUES (nextval('panier_numpanier_seq'), 37, '2025-06-22', 535.08);
INSERT INTO reservation (numreservation, numclient, numtransport, numpanier, statut, nbpersonnes, prixtotal, datedebut, datefin) VALUES (nextval('reservation_numreservation_seq'), 37, 3, 31, 'Annulée', 5, 1062.62, '2024-10-12', '2024-10-22');
INSERT INTO choisir (numreservation, numtype) VALUES (31, 5);
INSERT INTO lier (idchambre, numreservation) VALUES (313, 31);
INSERT INTO participant (numparticipant, numreservation, nomparticipant, prenomparticipant, genreparticipant, datenaissanceparticipant) VALUES (nextval('participant_numparticipant_seq'), 31, 'Simon', 'Laura', 'F', '1997-07-25');
INSERT INTO participant (numparticipant, numreservation, nomparticipant, prenomparticipant, genreparticipant, datenaissanceparticipant) VALUES (nextval('participant_numparticipant_seq'), 31, 'Simon', 'Jean', 'M', '1999-12-09');
INSERT INTO participant (numparticipant, numreservation, nomparticipant, prenomparticipant, genreparticipant, datenaissanceparticipant) VALUES (nextval('participant_numparticipant_seq'), 31, 'Leroy', 'Camille', 'F', '1996-01-10');
INSERT INTO enregistrer (numactivite, numreservation) VALUES (12, 31);
INSERT INTO enregistrer (numactivite, numreservation) VALUES (16, 31);
INSERT INTO panier (numpanier, numclient, datecreation, prixpanier) VALUES (nextval('panier_numpanier_seq'), 60, '2024-07-01', 1921.96);
INSERT INTO reservation (numreservation, numclient, numtransport, numpanier, statut, nbpersonnes, prixtotal, datedebut, datefin) VALUES (nextval('reservation_numreservation_seq'), 60, NULL, 32, 'Confirmée', 6, 2407.26, '2025-09-24', '2025-10-05');
INSERT INTO choisir (numreservation, numtype) VALUES (32, 3);
INSERT INTO lier (idchambre, numreservation) VALUES (1759, 32);
INSERT INTO participant (numparticipant, numreservation, nomparticipant, prenomparticipant, genreparticipant, datenaissanceparticipant) VALUES (nextval('participant_numparticipant_seq'), 32, 'Leroy', 'Marc', 'M', '1993-05-20');
INSERT INTO panier (numpanier, numclient, datecreation, prixpanier) VALUES (nextval('panier_numpanier_seq'), 65, '2025-07-17', 349.73);
INSERT INTO reservation (numreservation, numclient, numtransport, numpanier, statut, nbpersonnes, prixtotal, datedebut, datefin) VALUES (nextval('reservation_numreservation_seq'), 65, 1, 33, 'En attente', 5, 558.22, '2025-04-09', '2025-04-21');
INSERT INTO choisir (numreservation, numtype) VALUES (33, 5);
INSERT INTO lier (idchambre, numreservation) VALUES (967, 33);
INSERT INTO participant (numparticipant, numreservation, nomparticipant, prenomparticipant, genreparticipant, datenaissanceparticipant) VALUES (nextval('participant_numparticipant_seq'), 33, 'Michel', 'Pierre', 'F', '2000-01-07');
INSERT INTO participant (numparticipant, numreservation, nomparticipant, prenomparticipant, genreparticipant, datenaissanceparticipant) VALUES (nextval('participant_numparticipant_seq'), 33, 'Petit', 'Emma', 'F', '2012-06-24');
INSERT INTO participant (numparticipant, numreservation, nomparticipant, prenomparticipant, genreparticipant, datenaissanceparticipant) VALUES (nextval('participant_numparticipant_seq'), 33, 'Lefebvre', 'Luc', 'F', '2012-07-11');
INSERT INTO panier (numpanier, numclient, datecreation, prixpanier) VALUES (nextval('panier_numpanier_seq'), 85, '2023-05-05', 4270.31);
INSERT INTO reservation (numreservation, numclient, numtransport, numpanier, statut, nbpersonnes, prixtotal, datedebut, datefin) VALUES (nextval('reservation_numreservation_seq'), 85, 1, 34, 'Terminée', 2, 4413.63, '2023-12-06', '2023-12-17');
INSERT INTO choisir (numreservation, numtype) VALUES (34, 5);
INSERT INTO lier (idchambre, numreservation) VALUES (1351, 34);
INSERT INTO participant (numparticipant, numreservation, nomparticipant, prenomparticipant, genreparticipant, datenaissanceparticipant) VALUES (nextval('participant_numparticipant_seq'), 34, 'Michel', 'Chloé', 'M', '1999-10-26');
INSERT INTO enregistrer (numactivite, numreservation) VALUES (8, 34);
INSERT INTO avis (numavis, numclient, numresort, noteavis, commentaire, datepublication) VALUES (nextval('avis_numavis_seq'), 85, 40, 3.42, 'Très bon séjour à Madeira.', '2023-12-23');
INSERT INTO panier (numpanier, numclient, datecreation, prixpanier) VALUES (nextval('panier_numpanier_seq'), 86, '2023-02-28', 2685.85);
INSERT INTO reservation (numreservation, numclient, numtransport, numpanier, statut, nbpersonnes, prixtotal, datedebut, datefin) VALUES (nextval('reservation_numreservation_seq'), 86, 3, 35, 'En attente', 1, 3470.32, '2025-03-05', '2025-03-15');
INSERT INTO choisir (numreservation, numtype) VALUES (35, 3);
INSERT INTO lier (idchambre, numreservation) VALUES (212, 35);
INSERT INTO participant (numparticipant, numreservation, nomparticipant, prenomparticipant, genreparticipant, datenaissanceparticipant) VALUES (nextval('participant_numparticipant_seq'), 35, 'Leroy', 'Paul', 'M', '2006-11-24');
INSERT INTO participant (numparticipant, numreservation, nomparticipant, prenomparticipant, genreparticipant, datenaissanceparticipant) VALUES (nextval('participant_numparticipant_seq'), 35, 'Michel', 'Nicolas', 'M', '2013-03-06');
INSERT INTO participant (numparticipant, numreservation, nomparticipant, prenomparticipant, genreparticipant, datenaissanceparticipant) VALUES (nextval('participant_numparticipant_seq'), 35, 'Lefebvre', 'Paul', 'M', '2013-03-01');
INSERT INTO enregistrer (numactivite, numreservation) VALUES (12, 35);
INSERT INTO panier (numpanier, numclient, datecreation, prixpanier) VALUES (nextval('panier_numpanier_seq'), 45, '2024-09-24', 4004.76);
INSERT INTO reservation (numreservation, numclient, numtransport, numpanier, statut, nbpersonnes, prixtotal, datedebut, datefin) VALUES (nextval('reservation_numreservation_seq'), 45, 1, 36, 'Terminée', 2, 4188.75, '2023-01-14', '2023-01-25');
INSERT INTO choisir (numreservation, numtype) VALUES (36, 5);
INSERT INTO lier (idchambre, numreservation) VALUES (1318, 36);
INSERT INTO participant (numparticipant, numreservation, nomparticipant, prenomparticipant, genreparticipant, datenaissanceparticipant) VALUES (nextval('participant_numparticipant_seq'), 36, 'Petit', 'Marc', 'M', '1997-01-22');
INSERT INTO participant (numparticipant, numreservation, nomparticipant, prenomparticipant, genreparticipant, datenaissanceparticipant) VALUES (nextval('participant_numparticipant_seq'), 36, 'Thomas', 'Laura', 'M', '2008-08-07');
INSERT INTO enregistrer (numactivite, numreservation) VALUES (4, 36);
INSERT INTO panier (numpanier, numclient, datecreation, prixpanier) VALUES (nextval('panier_numpanier_seq'), 62, '2024-09-08', 1211.38);
INSERT INTO reservation (numreservation, numclient, numtransport, numpanier, statut, nbpersonnes, prixtotal, datedebut, datefin) VALUES (nextval('reservation_numreservation_seq'), 62, 1, 37, 'En attente', 2, 1670.17, '2025-04-21', '2025-04-24');
INSERT INTO choisir (numreservation, numtype) VALUES (37, 2);
INSERT INTO lier (idchambre, numreservation) VALUES (276, 37);
INSERT INTO participant (numparticipant, numreservation, nomparticipant, prenomparticipant, genreparticipant, datenaissanceparticipant) VALUES (nextval('participant_numparticipant_seq'), 37, 'Petit', 'Marie', 'M', '1997-06-18');
INSERT INTO participant (numparticipant, numreservation, nomparticipant, prenomparticipant, genreparticipant, datenaissanceparticipant) VALUES (nextval('participant_numparticipant_seq'), 37, 'Robert', 'Paul', 'F', '2016-11-19');
INSERT INTO participant (numparticipant, numreservation, nomparticipant, prenomparticipant, genreparticipant, datenaissanceparticipant) VALUES (nextval('participant_numparticipant_seq'), 37, 'Moreau', 'Jean', 'M', '1999-09-19');
INSERT INTO enregistrer (numactivite, numreservation) VALUES (20, 37);
INSERT INTO panier (numpanier, numclient, datecreation, prixpanier) VALUES (nextval('panier_numpanier_seq'), 61, '2024-09-13', 1018.72);
INSERT INTO reservation (numreservation, numclient, numtransport, numpanier, statut, nbpersonnes, prixtotal, datedebut, datefin) VALUES (nextval('reservation_numreservation_seq'), 61, 1, 38, 'Annulée', 2, 1598.07, '2023-10-20', '2023-11-01');
INSERT INTO choisir (numreservation, numtype) VALUES (38, 3);
INSERT INTO lier (idchambre, numreservation) VALUES (929, 38);
INSERT INTO participant (numparticipant, numreservation, nomparticipant, prenomparticipant, genreparticipant, datenaissanceparticipant) VALUES (nextval('participant_numparticipant_seq'), 38, 'Durand', 'Luc', 'F', '2007-04-17');
INSERT INTO participant (numparticipant, numreservation, nomparticipant, prenomparticipant, genreparticipant, datenaissanceparticipant) VALUES (nextval('participant_numparticipant_seq'), 38, 'Thomas', 'Pierre', 'M', '1999-01-29');
INSERT INTO participant (numparticipant, numreservation, nomparticipant, prenomparticipant, genreparticipant, datenaissanceparticipant) VALUES (nextval('participant_numparticipant_seq'), 38, 'Petit', 'Camille', 'M', '1997-12-16');
INSERT INTO enregistrer (numactivite, numreservation) VALUES (20, 38);
INSERT INTO panier (numpanier, numclient, datecreation, prixpanier) VALUES (nextval('panier_numpanier_seq'), 77, '2022-03-21', 4413.21);
INSERT INTO reservation (numreservation, numclient, numtransport, numpanier, statut, nbpersonnes, prixtotal, datedebut, datefin) VALUES (nextval('reservation_numreservation_seq'), 77, NULL, 39, 'Terminée', 6, 4517.47, '2025-10-27', '2025-10-31');
INSERT INTO choisir (numreservation, numtype) VALUES (39, 5);
INSERT INTO lier (idchambre, numreservation) VALUES (1105, 39);
INSERT INTO participant (numparticipant, numreservation, nomparticipant, prenomparticipant, genreparticipant, datenaissanceparticipant) VALUES (nextval('participant_numparticipant_seq'), 39, 'Leroux', 'Camille', 'F', '1991-12-13');
INSERT INTO enregistrer (numactivite, numreservation) VALUES (18, 39);
INSERT INTO enregistrer (numactivite, numreservation) VALUES (14, 39);
INSERT INTO avis (numavis, numclient, numresort, noteavis, commentaire, datepublication) VALUES (nextval('avis_numavis_seq'), 77, 35, 4.51, 'Très bon séjour à Belek.', '2025-12-19');
INSERT INTO panier (numpanier, numclient, datecreation, prixpanier) VALUES (nextval('panier_numpanier_seq'), 45, '2025-04-21', 4062.18);
INSERT INTO reservation (numreservation, numclient, numtransport, numpanier, statut, nbpersonnes, prixtotal, datedebut, datefin) VALUES (nextval('reservation_numreservation_seq'), 45, 1, 40, 'Annulée', 4, 4674.87, '2023-07-20', '2023-07-29');
INSERT INTO choisir (numreservation, numtype) VALUES (40, 1);
INSERT INTO lier (idchambre, numreservation) VALUES (581, 40);
INSERT INTO participant (numparticipant, numreservation, nomparticipant, prenomparticipant, genreparticipant, datenaissanceparticipant) VALUES (nextval('participant_numparticipant_seq'), 40, 'Leroy', 'Camille', 'M', '1990-03-31');
INSERT INTO participant (numparticipant, numreservation, nomparticipant, prenomparticipant, genreparticipant, datenaissanceparticipant) VALUES (nextval('participant_numparticipant_seq'), 40, 'Thomas', 'Jean', 'M', '2006-10-28');
INSERT INTO participant (numparticipant, numreservation, nomparticipant, prenomparticipant, genreparticipant, datenaissanceparticipant) VALUES (nextval('participant_numparticipant_seq'), 40, 'Simon', 'Marc', 'F', '2006-04-02');
INSERT INTO panier (numpanier, numclient, datecreation, prixpanier) VALUES (nextval('panier_numpanier_seq'), 20, '2024-05-22', 3327.56);
INSERT INTO reservation (numreservation, numclient, numtransport, numpanier, statut, nbpersonnes, prixtotal, datedebut, datefin) VALUES (nextval('reservation_numreservation_seq'), 20, 3, 41, 'Annulée', 5, 3548.01, '2024-06-19', '2024-06-30');
INSERT INTO choisir (numreservation, numtype) VALUES (41, 4);
INSERT INTO lier (idchambre, numreservation) VALUES (1547, 41);
INSERT INTO participant (numparticipant, numreservation, nomparticipant, prenomparticipant, genreparticipant, datenaissanceparticipant) VALUES (nextval('participant_numparticipant_seq'), 41, 'Garnier', 'Camille', 'M', '2006-08-10');
INSERT INTO enregistrer (numactivite, numreservation) VALUES (18, 41);
INSERT INTO enregistrer (numactivite, numreservation) VALUES (16, 41);
INSERT INTO panier (numpanier, numclient, datecreation, prixpanier) VALUES (nextval('panier_numpanier_seq'), 33, '2023-09-21', 2972.73);
INSERT INTO reservation (numreservation, numclient, numtransport, numpanier, statut, nbpersonnes, prixtotal, datedebut, datefin) VALUES (nextval('reservation_numreservation_seq'), 33, 1, 42, 'En attente', 6, 3156.55, '2025-03-26', '2025-04-09');
INSERT INTO choisir (numreservation, numtype) VALUES (42, 2);
INSERT INTO lier (idchambre, numreservation) VALUES (206, 42);
INSERT INTO participant (numparticipant, numreservation, nomparticipant, prenomparticipant, genreparticipant, datenaissanceparticipant) VALUES (nextval('participant_numparticipant_seq'), 42, 'Simon', 'Nicolas', 'M', '1997-03-18');
INSERT INTO enregistrer (numactivite, numreservation) VALUES (2, 42);
INSERT INTO panier (numpanier, numclient, datecreation, prixpanier) VALUES (nextval('panier_numpanier_seq'), 12, '2022-10-25', 2464.01);
INSERT INTO reservation (numreservation, numclient, numtransport, numpanier, statut, nbpersonnes, prixtotal, datedebut, datefin) VALUES (nextval('reservation_numreservation_seq'), 12, NULL, 43, 'Annulée', 2, 2760.68, '2025-06-10', '2025-06-14');
INSERT INTO choisir (numreservation, numtype) VALUES (43, 5);
INSERT INTO lier (idchambre, numreservation) VALUES (78, 43);
INSERT INTO participant (numparticipant, numreservation, nomparticipant, prenomparticipant, genreparticipant, datenaissanceparticipant) VALUES (nextval('participant_numparticipant_seq'), 43, 'Lefebvre', 'Nicolas', 'F', '2016-10-19');
INSERT INTO participant (numparticipant, numreservation, nomparticipant, prenomparticipant, genreparticipant, datenaissanceparticipant) VALUES (nextval('participant_numparticipant_seq'), 43, 'Robert', 'Marie', 'F', '2009-09-10');
INSERT INTO participant (numparticipant, numreservation, nomparticipant, prenomparticipant, genreparticipant, datenaissanceparticipant) VALUES (nextval('participant_numparticipant_seq'), 43, 'Richard', 'Jean', 'F', '1998-09-26');
INSERT INTO panier (numpanier, numclient, datecreation, prixpanier) VALUES (nextval('panier_numpanier_seq'), 77, '2024-11-11', 2675.91);
INSERT INTO reservation (numreservation, numclient, numtransport, numpanier, statut, nbpersonnes, prixtotal, datedebut, datefin) VALUES (nextval('reservation_numreservation_seq'), 77, NULL, 44, 'Annulée', 2, 3199.93, '2023-12-14', '2023-12-27');
INSERT INTO choisir (numreservation, numtype) VALUES (44, 2);
INSERT INTO lier (idchambre, numreservation) VALUES (178, 44);
INSERT INTO participant (numparticipant, numreservation, nomparticipant, prenomparticipant, genreparticipant, datenaissanceparticipant) VALUES (nextval('participant_numparticipant_seq'), 44, 'Michel', 'Nicolas', 'F', '2008-03-09');
INSERT INTO participant (numparticipant, numreservation, nomparticipant, prenomparticipant, genreparticipant, datenaissanceparticipant) VALUES (nextval('participant_numparticipant_seq'), 44, 'Dubois', 'Marc', 'M', '1994-01-17');
INSERT INTO enregistrer (numactivite, numreservation) VALUES (10, 44);
INSERT INTO enregistrer (numactivite, numreservation) VALUES (18, 44);
INSERT INTO panier (numpanier, numclient, datecreation, prixpanier) VALUES (nextval('panier_numpanier_seq'), 75, '2023-12-14', 1867.88);
INSERT INTO reservation (numreservation, numclient, numtransport, numpanier, statut, nbpersonnes, prixtotal, datedebut, datefin) VALUES (nextval('reservation_numreservation_seq'), 75, 1, 45, 'Terminée', 4, 2327.81, '2024-04-08', '2024-04-20');
INSERT INTO choisir (numreservation, numtype) VALUES (45, 3);
INSERT INTO lier (idchambre, numreservation) VALUES (359, 45);
INSERT INTO participant (numparticipant, numreservation, nomparticipant, prenomparticipant, genreparticipant, datenaissanceparticipant) VALUES (nextval('participant_numparticipant_seq'), 45, 'Bernard', 'Sophie', 'F', '2005-04-02');
INSERT INTO participant (numparticipant, numreservation, nomparticipant, prenomparticipant, genreparticipant, datenaissanceparticipant) VALUES (nextval('participant_numparticipant_seq'), 45, 'Leroy', 'Sophie', 'F', '2009-11-11');
INSERT INTO enregistrer (numactivite, numreservation) VALUES (20, 45);
INSERT INTO panier (numpanier, numclient, datecreation, prixpanier) VALUES (nextval('panier_numpanier_seq'), 32, '2023-11-27', 4813.95);
INSERT INTO reservation (numreservation, numclient, numtransport, numpanier, statut, nbpersonnes, prixtotal, datedebut, datefin) VALUES (nextval('reservation_numreservation_seq'), 32, NULL, 46, 'Terminée', 1, 5020.21, '2025-08-01', '2025-08-13');
INSERT INTO choisir (numreservation, numtype) VALUES (46, 4);
INSERT INTO lier (idchambre, numreservation) VALUES (1298, 46);
INSERT INTO participant (numparticipant, numreservation, nomparticipant, prenomparticipant, genreparticipant, datenaissanceparticipant) VALUES (nextval('participant_numparticipant_seq'), 46, 'Simon', 'Julie', 'F', '2005-11-03');
INSERT INTO enregistrer (numactivite, numreservation) VALUES (18, 46);
INSERT INTO enregistrer (numactivite, numreservation) VALUES (2, 46);
INSERT INTO panier (numpanier, numclient, datecreation, prixpanier) VALUES (nextval('panier_numpanier_seq'), 34, '2023-05-24', 1578.99);
INSERT INTO reservation (numreservation, numclient, numtransport, numpanier, statut, nbpersonnes, prixtotal, datedebut, datefin) VALUES (nextval('reservation_numreservation_seq'), 34, 4, 47, 'Confirmée', 4, 1830.09, '2024-12-01', '2024-12-05');
INSERT INTO choisir (numreservation, numtype) VALUES (47, 2);
INSERT INTO lier (idchambre, numreservation) VALUES (1832, 47);
INSERT INTO participant (numparticipant, numreservation, nomparticipant, prenomparticipant, genreparticipant, datenaissanceparticipant) VALUES (nextval('participant_numparticipant_seq'), 47, 'Robert', 'Paul', 'M', '2012-05-20');
INSERT INTO participant (numparticipant, numreservation, nomparticipant, prenomparticipant, genreparticipant, datenaissanceparticipant) VALUES (nextval('participant_numparticipant_seq'), 47, 'Durand', 'Marc', 'M', '2001-11-27');
INSERT INTO participant (numparticipant, numreservation, nomparticipant, prenomparticipant, genreparticipant, datenaissanceparticipant) VALUES (nextval('participant_numparticipant_seq'), 47, 'Durand', 'Marc', 'M', '2001-03-15');
INSERT INTO enregistrer (numactivite, numreservation) VALUES (12, 47);
INSERT INTO enregistrer (numactivite, numreservation) VALUES (6, 47);
INSERT INTO panier (numpanier, numclient, datecreation, prixpanier) VALUES (nextval('panier_numpanier_seq'), 100, '2022-08-07', 775.42);
INSERT INTO reservation (numreservation, numclient, numtransport, numpanier, statut, nbpersonnes, prixtotal, datedebut, datefin) VALUES (nextval('reservation_numreservation_seq'), 100, NULL, 48, 'En attente', 4, 1072.38, '2025-10-05', '2025-10-17');
INSERT INTO choisir (numreservation, numtype) VALUES (48, 3);
INSERT INTO lier (idchambre, numreservation) VALUES (1009, 48);
INSERT INTO participant (numparticipant, numreservation, nomparticipant, prenomparticipant, genreparticipant, datenaissanceparticipant) VALUES (nextval('participant_numparticipant_seq'), 48, 'Garnier', 'Paul', 'M', '2012-12-05');
INSERT INTO participant (numparticipant, numreservation, nomparticipant, prenomparticipant, genreparticipant, datenaissanceparticipant) VALUES (nextval('participant_numparticipant_seq'), 48, 'Lefebvre', 'Paul', 'M', '2015-11-14');
INSERT INTO participant (numparticipant, numreservation, nomparticipant, prenomparticipant, genreparticipant, datenaissanceparticipant) VALUES (nextval('participant_numparticipant_seq'), 48, 'Martin', 'Pierre', 'F', '2011-06-16');
INSERT INTO enregistrer (numactivite, numreservation) VALUES (2, 48);
INSERT INTO enregistrer (numactivite, numreservation) VALUES (18, 48);
INSERT INTO panier (numpanier, numclient, datecreation, prixpanier) VALUES (nextval('panier_numpanier_seq'), 45, '2024-03-17', 4329.92);
INSERT INTO reservation (numreservation, numclient, numtransport, numpanier, statut, nbpersonnes, prixtotal, datedebut, datefin) VALUES (nextval('reservation_numreservation_seq'), 45, NULL, 49, 'Terminée', 3, 4881.29, '2023-12-24', '2024-01-03');
INSERT INTO choisir (numreservation, numtype) VALUES (49, 1);
INSERT INTO lier (idchambre, numreservation) VALUES (1381, 49);
INSERT INTO participant (numparticipant, numreservation, nomparticipant, prenomparticipant, genreparticipant, datenaissanceparticipant) VALUES (nextval('participant_numparticipant_seq'), 49, 'Thomas', 'Nicolas', 'F', '2006-03-22');
INSERT INTO enregistrer (numactivite, numreservation) VALUES (10, 49);
INSERT INTO enregistrer (numactivite, numreservation) VALUES (6, 49);
INSERT INTO panier (numpanier, numclient, datecreation, prixpanier) VALUES (nextval('panier_numpanier_seq'), 31, '2023-07-06', 2462.46);
INSERT INTO reservation (numreservation, numclient, numtransport, numpanier, statut, nbpersonnes, prixtotal, datedebut, datefin) VALUES (nextval('reservation_numreservation_seq'), 31, 1, 50, 'Terminée', 4, 2630.89, '2024-12-03', '2024-12-11');
INSERT INTO choisir (numreservation, numtype) VALUES (50, 3);
INSERT INTO lier (idchambre, numreservation) VALUES (748, 50);
INSERT INTO participant (numparticipant, numreservation, nomparticipant, prenomparticipant, genreparticipant, datenaissanceparticipant) VALUES (nextval('participant_numparticipant_seq'), 50, 'Roux', 'Paul', 'M', '2015-08-19');
INSERT INTO participant (numparticipant, numreservation, nomparticipant, prenomparticipant, genreparticipant, datenaissanceparticipant) VALUES (nextval('participant_numparticipant_seq'), 50, 'Durand', 'Pierre', 'M', '2002-02-09');
INSERT INTO panier (numpanier, numclient, datecreation, prixpanier) VALUES (nextval('panier_numpanier_seq'), 49, '2023-02-06', 900.05);
INSERT INTO reservation (numreservation, numclient, numtransport, numpanier, statut, nbpersonnes, prixtotal, datedebut, datefin) VALUES (nextval('reservation_numreservation_seq'), 49, NULL, 51, 'Confirmée', 4, 1299.73, '2023-11-03', '2023-11-13');
INSERT INTO choisir (numreservation, numtype) VALUES (51, 5);
INSERT INTO lier (idchambre, numreservation) VALUES (1094, 51);
INSERT INTO participant (numparticipant, numreservation, nomparticipant, prenomparticipant, genreparticipant, datenaissanceparticipant) VALUES (nextval('participant_numparticipant_seq'), 51, 'Garnier', 'Thomas', 'F', '2001-04-04');
INSERT INTO participant (numparticipant, numreservation, nomparticipant, prenomparticipant, genreparticipant, datenaissanceparticipant) VALUES (nextval('participant_numparticipant_seq'), 51, 'Lefebvre', 'Marie', 'M', '1997-04-30');
INSERT INTO participant (numparticipant, numreservation, nomparticipant, prenomparticipant, genreparticipant, datenaissanceparticipant) VALUES (nextval('participant_numparticipant_seq'), 51, 'Richard', 'Marie', 'F', '2011-05-18');
INSERT INTO enregistrer (numactivite, numreservation) VALUES (4, 51);
INSERT INTO enregistrer (numactivite, numreservation) VALUES (16, 51);
INSERT INTO panier (numpanier, numclient, datecreation, prixpanier) VALUES (nextval('panier_numpanier_seq'), 96, '2023-11-17', 1446.89);
INSERT INTO reservation (numreservation, numclient, numtransport, numpanier, statut, nbpersonnes, prixtotal, datedebut, datefin) VALUES (nextval('reservation_numreservation_seq'), 96, NULL, 52, 'Terminée', 1, 1727.76, '2024-06-11', '2024-06-19');
INSERT INTO choisir (numreservation, numtype) VALUES (52, 5);
INSERT INTO lier (idchambre, numreservation) VALUES (408, 52);
INSERT INTO participant (numparticipant, numreservation, nomparticipant, prenomparticipant, genreparticipant, datenaissanceparticipant) VALUES (nextval('participant_numparticipant_seq'), 52, 'Moreau', 'Claire', 'F', '2004-08-01');
INSERT INTO participant (numparticipant, numreservation, nomparticipant, prenomparticipant, genreparticipant, datenaissanceparticipant) VALUES (nextval('participant_numparticipant_seq'), 52, 'Roux', 'Chloé', 'M', '2007-02-04');
INSERT INTO participant (numparticipant, numreservation, nomparticipant, prenomparticipant, genreparticipant, datenaissanceparticipant) VALUES (nextval('participant_numparticipant_seq'), 52, 'Roux', 'Emma', 'M', '1997-07-08');
INSERT INTO enregistrer (numactivite, numreservation) VALUES (12, 52);
INSERT INTO enregistrer (numactivite, numreservation) VALUES (14, 52);
INSERT INTO panier (numpanier, numclient, datecreation, prixpanier) VALUES (nextval('panier_numpanier_seq'), 74, '2024-04-08', 4274.72);
INSERT INTO reservation (numreservation, numclient, numtransport, numpanier, statut, nbpersonnes, prixtotal, datedebut, datefin) VALUES (nextval('reservation_numreservation_seq'), 74, 2, 53, 'Confirmée', 3, 4528.22, '2023-06-12', '2023-06-17');
INSERT INTO choisir (numreservation, numtype) VALUES (53, 3);
INSERT INTO lier (idchambre, numreservation) VALUES (1455, 53);
INSERT INTO participant (numparticipant, numreservation, nomparticipant, prenomparticipant, genreparticipant, datenaissanceparticipant) VALUES (nextval('participant_numparticipant_seq'), 53, 'Leroy', 'Nicolas', 'F', '2006-04-17');
INSERT INTO participant (numparticipant, numreservation, nomparticipant, prenomparticipant, genreparticipant, datenaissanceparticipant) VALUES (nextval('participant_numparticipant_seq'), 53, 'Leroux', 'Antoine', 'M', '1998-04-01');
INSERT INTO panier (numpanier, numclient, datecreation, prixpanier) VALUES (nextval('panier_numpanier_seq'), 17, '2023-04-26', 3377.71);
INSERT INTO reservation (numreservation, numclient, numtransport, numpanier, statut, nbpersonnes, prixtotal, datedebut, datefin) VALUES (nextval('reservation_numreservation_seq'), 17, 1, 54, 'Terminée', 1, 3454.15, '2023-06-13', '2023-06-19');
INSERT INTO choisir (numreservation, numtype) VALUES (54, 4);
INSERT INTO lier (idchambre, numreservation) VALUES (1124, 54);
INSERT INTO participant (numparticipant, numreservation, nomparticipant, prenomparticipant, genreparticipant, datenaissanceparticipant) VALUES (nextval('participant_numparticipant_seq'), 54, 'Lefebvre', 'Jean', 'M', '1994-08-30');
INSERT INTO enregistrer (numactivite, numreservation) VALUES (20, 54);
INSERT INTO avis (numavis, numclient, numresort, noteavis, commentaire, datepublication) VALUES (nextval('avis_numavis_seq'), 17, 48, 4.14, 'Très bon séjour à Ko Samui.', '2023-08-08');
INSERT INTO panier (numpanier, numclient, datecreation, prixpanier) VALUES (nextval('panier_numpanier_seq'), 40, '2023-04-15', 1387.5);
INSERT INTO reservation (numreservation, numclient, numtransport, numpanier, statut, nbpersonnes, prixtotal, datedebut, datefin) VALUES (nextval('reservation_numreservation_seq'), 40, 1, 55, 'Confirmée', 5, 2058.31, '2025-06-26', '2025-07-09');
INSERT INTO choisir (numreservation, numtype) VALUES (55, 1);
INSERT INTO lier (idchambre, numreservation) VALUES (72, 55);
INSERT INTO participant (numparticipant, numreservation, nomparticipant, prenomparticipant, genreparticipant, datenaissanceparticipant) VALUES (nextval('participant_numparticipant_seq'), 55, 'Simon', 'Laura', 'F', '2010-12-16');
INSERT INTO participant (numparticipant, numreservation, nomparticipant, prenomparticipant, genreparticipant, datenaissanceparticipant) VALUES (nextval('participant_numparticipant_seq'), 55, 'Roux', 'Paul', 'M', '2014-03-11');
INSERT INTO participant (numparticipant, numreservation, nomparticipant, prenomparticipant, genreparticipant, datenaissanceparticipant) VALUES (nextval('participant_numparticipant_seq'), 55, 'Roux', 'Claire', 'F', '2013-06-25');
INSERT INTO enregistrer (numactivite, numreservation) VALUES (18, 55);
INSERT INTO enregistrer (numactivite, numreservation) VALUES (10, 55);
INSERT INTO panier (numpanier, numclient, datecreation, prixpanier) VALUES (nextval('panier_numpanier_seq'), 45, '2024-09-13', 2790.41);
INSERT INTO reservation (numreservation, numclient, numtransport, numpanier, statut, nbpersonnes, prixtotal, datedebut, datefin) VALUES (nextval('reservation_numreservation_seq'), 45, 2, 56, 'Terminée', 3, 2914.98, '2025-06-23', '2025-06-30');
INSERT INTO choisir (numreservation, numtype) VALUES (56, 1);
INSERT INTO lier (idchambre, numreservation) VALUES (1, 56);
INSERT INTO participant (numparticipant, numreservation, nomparticipant, prenomparticipant, genreparticipant, datenaissanceparticipant) VALUES (nextval('participant_numparticipant_seq'), 56, 'Michel', 'Pierre', 'F', '2011-01-18');
INSERT INTO participant (numparticipant, numreservation, nomparticipant, prenomparticipant, genreparticipant, datenaissanceparticipant) VALUES (nextval('participant_numparticipant_seq'), 56, 'Garnier', 'Jean', 'F', '2003-06-10');
INSERT INTO participant (numparticipant, numreservation, nomparticipant, prenomparticipant, genreparticipant, datenaissanceparticipant) VALUES (nextval('participant_numparticipant_seq'), 56, 'Leroux', 'Jean', 'F', '2016-10-12');
INSERT INTO panier (numpanier, numclient, datecreation, prixpanier) VALUES (nextval('panier_numpanier_seq'), 71, '2024-02-05', 1105.14);
INSERT INTO reservation (numreservation, numclient, numtransport, numpanier, statut, nbpersonnes, prixtotal, datedebut, datefin) VALUES (nextval('reservation_numreservation_seq'), 71, 1, 57, 'Confirmée', 6, 1694.83, '2025-06-14', '2025-06-23');
INSERT INTO choisir (numreservation, numtype) VALUES (57, 4);
INSERT INTO lier (idchambre, numreservation) VALUES (1697, 57);
INSERT INTO participant (numparticipant, numreservation, nomparticipant, prenomparticipant, genreparticipant, datenaissanceparticipant) VALUES (nextval('participant_numparticipant_seq'), 57, 'Leroy', 'Julie', 'M', '2008-12-09');
INSERT INTO participant (numparticipant, numreservation, nomparticipant, prenomparticipant, genreparticipant, datenaissanceparticipant) VALUES (nextval('participant_numparticipant_seq'), 57, 'Leroy', 'Julie', 'F', '2013-11-11');
INSERT INTO enregistrer (numactivite, numreservation) VALUES (14, 57);
INSERT INTO panier (numpanier, numclient, datecreation, prixpanier) VALUES (nextval('panier_numpanier_seq'), 25, '2022-05-21', 1075.55);
INSERT INTO reservation (numreservation, numclient, numtransport, numpanier, statut, nbpersonnes, prixtotal, datedebut, datefin) VALUES (nextval('reservation_numreservation_seq'), 25, 3, 58, 'Terminée', 3, 1635.93, '2023-08-15', '2023-08-28');
INSERT INTO choisir (numreservation, numtype) VALUES (58, 4);
INSERT INTO lier (idchambre, numreservation) VALUES (385, 58);
INSERT INTO participant (numparticipant, numreservation, nomparticipant, prenomparticipant, genreparticipant, datenaissanceparticipant) VALUES (nextval('participant_numparticipant_seq'), 58, 'Petit', 'Jean', 'M', '2013-12-30');
INSERT INTO participant (numparticipant, numreservation, nomparticipant, prenomparticipant, genreparticipant, datenaissanceparticipant) VALUES (nextval('participant_numparticipant_seq'), 58, 'Robert', 'Jean', 'M', '2002-08-28');
INSERT INTO enregistrer (numactivite, numreservation) VALUES (6, 58);
INSERT INTO panier (numpanier, numclient, datecreation, prixpanier) VALUES (nextval('panier_numpanier_seq'), 94, '2022-01-17', 1317.49);
INSERT INTO reservation (numreservation, numclient, numtransport, numpanier, statut, nbpersonnes, prixtotal, datedebut, datefin) VALUES (nextval('reservation_numreservation_seq'), 94, 1, 59, 'Annulée', 4, 1566.75, '2023-01-31', '2023-02-10');
INSERT INTO choisir (numreservation, numtype) VALUES (59, 4);
INSERT INTO lier (idchambre, numreservation) VALUES (761, 59);
INSERT INTO participant (numparticipant, numreservation, nomparticipant, prenomparticipant, genreparticipant, datenaissanceparticipant) VALUES (nextval('participant_numparticipant_seq'), 59, 'Simon', 'Marie', 'M', '1996-07-21');
INSERT INTO participant (numparticipant, numreservation, nomparticipant, prenomparticipant, genreparticipant, datenaissanceparticipant) VALUES (nextval('participant_numparticipant_seq'), 59, 'Leroy', 'Marie', 'F', '1993-03-15');
INSERT INTO enregistrer (numactivite, numreservation) VALUES (16, 59);
INSERT INTO enregistrer (numactivite, numreservation) VALUES (6, 59);
INSERT INTO panier (numpanier, numclient, datecreation, prixpanier) VALUES (nextval('panier_numpanier_seq'), 25, '2023-05-28', 4122.8);
INSERT INTO reservation (numreservation, numclient, numtransport, numpanier, statut, nbpersonnes, prixtotal, datedebut, datefin) VALUES (nextval('reservation_numreservation_seq'), 25, 1, 60, 'Terminée', 4, 4320.53, '2023-09-07', '2023-09-21');
INSERT INTO choisir (numreservation, numtype) VALUES (60, 1);
INSERT INTO lier (idchambre, numreservation) VALUES (408, 60);
INSERT INTO participant (numparticipant, numreservation, nomparticipant, prenomparticipant, genreparticipant, datenaissanceparticipant) VALUES (nextval('participant_numparticipant_seq'), 60, 'Richard', 'Sophie', 'F', '2007-06-16');
INSERT INTO participant (numparticipant, numreservation, nomparticipant, prenomparticipant, genreparticipant, datenaissanceparticipant) VALUES (nextval('participant_numparticipant_seq'), 60, 'Simon', 'Emma', 'M', '2018-03-23');
INSERT INTO enregistrer (numactivite, numreservation) VALUES (2, 60);
INSERT INTO enregistrer (numactivite, numreservation) VALUES (18, 60);
INSERT INTO panier (numpanier, numclient, datecreation, prixpanier) VALUES (nextval('panier_numpanier_seq'), 33, '2024-09-12', 3264.9);
INSERT INTO reservation (numreservation, numclient, numtransport, numpanier, statut, nbpersonnes, prixtotal, datedebut, datefin) VALUES (nextval('reservation_numreservation_seq'), 33, 5, 61, 'Confirmée', 1, 3453.67, '2025-01-08', '2025-01-11');
INSERT INTO choisir (numreservation, numtype) VALUES (61, 4);
INSERT INTO lier (idchambre, numreservation) VALUES (665, 61);
INSERT INTO participant (numparticipant, numreservation, nomparticipant, prenomparticipant, genreparticipant, datenaissanceparticipant) VALUES (nextval('participant_numparticipant_seq'), 61, 'Leroy', 'Claire', 'M', '2007-10-03');
INSERT INTO panier (numpanier, numclient, datecreation, prixpanier) VALUES (nextval('panier_numpanier_seq'), 2, '2022-03-28', 2989.17);
INSERT INTO reservation (numreservation, numclient, numtransport, numpanier, statut, nbpersonnes, prixtotal, datedebut, datefin) VALUES (nextval('reservation_numreservation_seq'), 2, 4, 62, 'Confirmée', 3, 3605.81, '2025-08-31', '2025-09-14');
INSERT INTO choisir (numreservation, numtype) VALUES (62, 2);
INSERT INTO lier (idchambre, numreservation) VALUES (323, 62);
INSERT INTO participant (numparticipant, numreservation, nomparticipant, prenomparticipant, genreparticipant, datenaissanceparticipant) VALUES (nextval('participant_numparticipant_seq'), 62, 'Simon', 'Luc', 'M', '1992-09-06');
INSERT INTO participant (numparticipant, numreservation, nomparticipant, prenomparticipant, genreparticipant, datenaissanceparticipant) VALUES (nextval('participant_numparticipant_seq'), 62, 'Petit', 'Laura', 'M', '1995-08-24');
INSERT INTO enregistrer (numactivite, numreservation) VALUES (8, 62);
INSERT INTO panier (numpanier, numclient, datecreation, prixpanier) VALUES (nextval('panier_numpanier_seq'), 41, '2025-02-17', 3985.1);
INSERT INTO reservation (numreservation, numclient, numtransport, numpanier, statut, nbpersonnes, prixtotal, datedebut, datefin) VALUES (nextval('reservation_numreservation_seq'), 41, 5, 63, 'Confirmée', 1, 4536.5, '2024-12-12', '2024-12-22');
INSERT INTO choisir (numreservation, numtype) VALUES (63, 3);
INSERT INTO lier (idchambre, numreservation) VALUES (1484, 63);
INSERT INTO participant (numparticipant, numreservation, nomparticipant, prenomparticipant, genreparticipant, datenaissanceparticipant) VALUES (nextval('participant_numparticipant_seq'), 63, 'Martin', 'Paul', 'F', '2009-08-17');
INSERT INTO enregistrer (numactivite, numreservation) VALUES (10, 63);
INSERT INTO enregistrer (numactivite, numreservation) VALUES (18, 63);
INSERT INTO panier (numpanier, numclient, datecreation, prixpanier) VALUES (nextval('panier_numpanier_seq'), 90, '2024-09-30', 1110.92);
INSERT INTO reservation (numreservation, numclient, numtransport, numpanier, statut, nbpersonnes, prixtotal, datedebut, datefin) VALUES (nextval('reservation_numreservation_seq'), 90, 5, 64, 'Terminée', 3, 1805.05, '2024-12-13', '2024-12-21');
INSERT INTO choisir (numreservation, numtype) VALUES (64, 5);
INSERT INTO lier (idchambre, numreservation) VALUES (1763, 64);
INSERT INTO participant (numparticipant, numreservation, nomparticipant, prenomparticipant, genreparticipant, datenaissanceparticipant) VALUES (nextval('participant_numparticipant_seq'), 64, 'Bernard', 'Claire', 'M', '2010-02-27');
INSERT INTO participant (numparticipant, numreservation, nomparticipant, prenomparticipant, genreparticipant, datenaissanceparticipant) VALUES (nextval('participant_numparticipant_seq'), 64, 'Leroy', 'Emma', 'F', '2010-05-15');
INSERT INTO participant (numparticipant, numreservation, nomparticipant, prenomparticipant, genreparticipant, datenaissanceparticipant) VALUES (nextval('participant_numparticipant_seq'), 64, 'Lefebvre', 'Jean', 'M', '1990-11-03');
INSERT INTO enregistrer (numactivite, numreservation) VALUES (12, 64);
INSERT INTO enregistrer (numactivite, numreservation) VALUES (8, 64);
INSERT INTO avis (numavis, numclient, numresort, noteavis, commentaire, datepublication) VALUES (nextval('avis_numavis_seq'), 90, 12, 2.66, 'Très bon séjour à Les 2 Alpes.', '2025-02-28');
INSERT INTO panier (numpanier, numclient, datecreation, prixpanier) VALUES (nextval('panier_numpanier_seq'), 50, '2023-01-24', 2715.53);
INSERT INTO reservation (numreservation, numclient, numtransport, numpanier, statut, nbpersonnes, prixtotal, datedebut, datefin) VALUES (nextval('reservation_numreservation_seq'), 50, 2, 65, 'Annulée', 4, 3228.25, '2023-11-12', '2023-11-24');
INSERT INTO choisir (numreservation, numtype) VALUES (65, 1);
INSERT INTO lier (idchambre, numreservation) VALUES (198, 65);
INSERT INTO participant (numparticipant, numreservation, nomparticipant, prenomparticipant, genreparticipant, datenaissanceparticipant) VALUES (nextval('participant_numparticipant_seq'), 65, 'Martin', 'Luc', 'M', '1998-01-05');
INSERT INTO participant (numparticipant, numreservation, nomparticipant, prenomparticipant, genreparticipant, datenaissanceparticipant) VALUES (nextval('participant_numparticipant_seq'), 65, 'Richard', 'Marie', 'M', '2011-10-10');
INSERT INTO participant (numparticipant, numreservation, nomparticipant, prenomparticipant, genreparticipant, datenaissanceparticipant) VALUES (nextval('participant_numparticipant_seq'), 65, 'Thomas', 'Marc', 'M', '2015-08-13');
INSERT INTO enregistrer (numactivite, numreservation) VALUES (14, 65);
INSERT INTO enregistrer (numactivite, numreservation) VALUES (16, 65);
INSERT INTO panier (numpanier, numclient, datecreation, prixpanier) VALUES (nextval('panier_numpanier_seq'), 68, '2025-07-01', 3566.31);
INSERT INTO reservation (numreservation, numclient, numtransport, numpanier, statut, nbpersonnes, prixtotal, datedebut, datefin) VALUES (nextval('reservation_numreservation_seq'), 68, 1, 66, 'En attente', 1, 4310.48, '2023-04-11', '2023-04-19');
INSERT INTO choisir (numreservation, numtype) VALUES (66, 2);
INSERT INTO lier (idchambre, numreservation) VALUES (1343, 66);
INSERT INTO participant (numparticipant, numreservation, nomparticipant, prenomparticipant, genreparticipant, datenaissanceparticipant) VALUES (nextval('participant_numparticipant_seq'), 66, 'Roux', 'Luc', 'M', '2006-03-11');
INSERT INTO participant (numparticipant, numreservation, nomparticipant, prenomparticipant, genreparticipant, datenaissanceparticipant) VALUES (nextval('participant_numparticipant_seq'), 66, 'Michel', 'Camille', 'M', '2017-09-03');
INSERT INTO enregistrer (numactivite, numreservation) VALUES (18, 66);
INSERT INTO panier (numpanier, numclient, datecreation, prixpanier) VALUES (nextval('panier_numpanier_seq'), 6, '2022-05-25', 4205.39);
INSERT INTO reservation (numreservation, numclient, numtransport, numpanier, statut, nbpersonnes, prixtotal, datedebut, datefin) VALUES (nextval('reservation_numreservation_seq'), 6, NULL, 67, 'En attente', 6, 4390.2, '2024-03-18', '2024-03-29');
INSERT INTO choisir (numreservation, numtype) VALUES (67, 4);
INSERT INTO lier (idchambre, numreservation) VALUES (389, 67);
INSERT INTO participant (numparticipant, numreservation, nomparticipant, prenomparticipant, genreparticipant, datenaissanceparticipant) VALUES (nextval('participant_numparticipant_seq'), 67, 'Robert', 'Julie', 'F', '1994-09-25');
INSERT INTO enregistrer (numactivite, numreservation) VALUES (20, 67);
INSERT INTO enregistrer (numactivite, numreservation) VALUES (12, 67);
INSERT INTO panier (numpanier, numclient, datecreation, prixpanier) VALUES (nextval('panier_numpanier_seq'), 87, '2024-07-28', 3572.24);
INSERT INTO reservation (numreservation, numclient, numtransport, numpanier, statut, nbpersonnes, prixtotal, datedebut, datefin) VALUES (nextval('reservation_numreservation_seq'), 87, 1, 68, 'Terminée', 5, 3842.25, '2023-08-02', '2023-08-07');
INSERT INTO choisir (numreservation, numtype) VALUES (68, 2);
INSERT INTO lier (idchambre, numreservation) VALUES (1094, 68);
INSERT INTO participant (numparticipant, numreservation, nomparticipant, prenomparticipant, genreparticipant, datenaissanceparticipant) VALUES (nextval('participant_numparticipant_seq'), 68, 'Michel', 'Antoine', 'F', '2014-09-04');
INSERT INTO participant (numparticipant, numreservation, nomparticipant, prenomparticipant, genreparticipant, datenaissanceparticipant) VALUES (nextval('participant_numparticipant_seq'), 68, 'Michel', 'Thomas', 'F', '2018-05-29');
INSERT INTO participant (numparticipant, numreservation, nomparticipant, prenomparticipant, genreparticipant, datenaissanceparticipant) VALUES (nextval('participant_numparticipant_seq'), 68, 'Simon', 'Camille', 'M', '2015-04-06');
INSERT INTO enregistrer (numactivite, numreservation) VALUES (8, 68);
INSERT INTO enregistrer (numactivite, numreservation) VALUES (14, 68);
INSERT INTO panier (numpanier, numclient, datecreation, prixpanier) VALUES (nextval('panier_numpanier_seq'), 96, '2023-06-05', 1928.04);
INSERT INTO reservation (numreservation, numclient, numtransport, numpanier, statut, nbpersonnes, prixtotal, datedebut, datefin) VALUES (nextval('reservation_numreservation_seq'), 96, NULL, 69, 'En attente', 3, 2404.65, '2025-07-05', '2025-07-14');
INSERT INTO choisir (numreservation, numtype) VALUES (69, 5);
INSERT INTO lier (idchambre, numreservation) VALUES (277, 69);
INSERT INTO participant (numparticipant, numreservation, nomparticipant, prenomparticipant, genreparticipant, datenaissanceparticipant) VALUES (nextval('participant_numparticipant_seq'), 69, 'Moreau', 'Jean', 'M', '1999-08-21');
INSERT INTO participant (numparticipant, numreservation, nomparticipant, prenomparticipant, genreparticipant, datenaissanceparticipant) VALUES (nextval('participant_numparticipant_seq'), 69, 'Dubois', 'Thomas', 'F', '2014-11-02');
INSERT INTO enregistrer (numactivite, numreservation) VALUES (18, 69);
INSERT INTO enregistrer (numactivite, numreservation) VALUES (6, 69);
INSERT INTO panier (numpanier, numclient, datecreation, prixpanier) VALUES (nextval('panier_numpanier_seq'), 13, '2022-03-19', 2409.78);
INSERT INTO reservation (numreservation, numclient, numtransport, numpanier, statut, nbpersonnes, prixtotal, datedebut, datefin) VALUES (nextval('reservation_numreservation_seq'), 13, 2, 70, 'Confirmée', 2, 2614.78, '2023-10-11', '2023-10-18');
INSERT INTO choisir (numreservation, numtype) VALUES (70, 3);
INSERT INTO lier (idchambre, numreservation) VALUES (189, 70);
INSERT INTO participant (numparticipant, numreservation, nomparticipant, prenomparticipant, genreparticipant, datenaissanceparticipant) VALUES (nextval('participant_numparticipant_seq'), 70, 'Richard', 'Nicolas', 'M', '2004-07-25');
INSERT INTO participant (numparticipant, numreservation, nomparticipant, prenomparticipant, genreparticipant, datenaissanceparticipant) VALUES (nextval('participant_numparticipant_seq'), 70, 'Robert', 'Chloé', 'F', '2015-11-06');
INSERT INTO participant (numparticipant, numreservation, nomparticipant, prenomparticipant, genreparticipant, datenaissanceparticipant) VALUES (nextval('participant_numparticipant_seq'), 70, 'Moreau', 'Sophie', 'M', '2015-11-07');
INSERT INTO enregistrer (numactivite, numreservation) VALUES (4, 70);
INSERT INTO panier (numpanier, numclient, datecreation, prixpanier) VALUES (nextval('panier_numpanier_seq'), 100, '2022-04-25', 4624.98);
INSERT INTO reservation (numreservation, numclient, numtransport, numpanier, statut, nbpersonnes, prixtotal, datedebut, datefin) VALUES (nextval('reservation_numreservation_seq'), 100, 3, 71, 'En attente', 2, 5223.12, '2024-12-13', '2024-12-22');
INSERT INTO choisir (numreservation, numtype) VALUES (71, 5);
INSERT INTO lier (idchambre, numreservation) VALUES (24, 71);
INSERT INTO participant (numparticipant, numreservation, nomparticipant, prenomparticipant, genreparticipant, datenaissanceparticipant) VALUES (nextval('participant_numparticipant_seq'), 71, 'Martin', 'Nicolas', 'F', '2013-07-10');
INSERT INTO participant (numparticipant, numreservation, nomparticipant, prenomparticipant, genreparticipant, datenaissanceparticipant) VALUES (nextval('participant_numparticipant_seq'), 71, 'Simon', 'Marie', 'M', '2004-08-29');
INSERT INTO participant (numparticipant, numreservation, nomparticipant, prenomparticipant, genreparticipant, datenaissanceparticipant) VALUES (nextval('participant_numparticipant_seq'), 71, 'Petit', 'Julie', 'M', '2007-08-16');
INSERT INTO enregistrer (numactivite, numreservation) VALUES (20, 71);
INSERT INTO panier (numpanier, numclient, datecreation, prixpanier) VALUES (nextval('panier_numpanier_seq'), 74, '2024-10-30', 632.4);
INSERT INTO reservation (numreservation, numclient, numtransport, numpanier, statut, nbpersonnes, prixtotal, datedebut, datefin) VALUES (nextval('reservation_numreservation_seq'), 74, 1, 72, 'Confirmée', 3, 698.44, '2024-08-16', '2024-08-25');
INSERT INTO choisir (numreservation, numtype) VALUES (72, 5);
INSERT INTO lier (idchambre, numreservation) VALUES (1527, 72);
INSERT INTO participant (numparticipant, numreservation, nomparticipant, prenomparticipant, genreparticipant, datenaissanceparticipant) VALUES (nextval('participant_numparticipant_seq'), 72, 'Leroy', 'Nicolas', 'M', '2007-11-17');
INSERT INTO enregistrer (numactivite, numreservation) VALUES (14, 72);
INSERT INTO enregistrer (numactivite, numreservation) VALUES (6, 72);
INSERT INTO panier (numpanier, numclient, datecreation, prixpanier) VALUES (nextval('panier_numpanier_seq'), 98, '2022-10-04', 2508.43);
INSERT INTO reservation (numreservation, numclient, numtransport, numpanier, statut, nbpersonnes, prixtotal, datedebut, datefin) VALUES (nextval('reservation_numreservation_seq'), 98, 5, 73, 'Confirmée', 5, 3001.23, '2025-09-26', '2025-10-05');
INSERT INTO choisir (numreservation, numtype) VALUES (73, 5);
INSERT INTO lier (idchambre, numreservation) VALUES (505, 73);
INSERT INTO participant (numparticipant, numreservation, nomparticipant, prenomparticipant, genreparticipant, datenaissanceparticipant) VALUES (nextval('participant_numparticipant_seq'), 73, 'Leroy', 'Luc', 'F', '2004-07-04');
INSERT INTO enregistrer (numactivite, numreservation) VALUES (20, 73);
INSERT INTO enregistrer (numactivite, numreservation) VALUES (4, 73);
INSERT INTO panier (numpanier, numclient, datecreation, prixpanier) VALUES (nextval('panier_numpanier_seq'), 15, '2025-10-07', 2185.19);
INSERT INTO reservation (numreservation, numclient, numtransport, numpanier, statut, nbpersonnes, prixtotal, datedebut, datefin) VALUES (nextval('reservation_numreservation_seq'), 15, 2, 74, 'Annulée', 5, 2709.52, '2024-12-14', '2024-12-20');
INSERT INTO choisir (numreservation, numtype) VALUES (74, 3);
INSERT INTO lier (idchambre, numreservation) VALUES (347, 74);
INSERT INTO participant (numparticipant, numreservation, nomparticipant, prenomparticipant, genreparticipant, datenaissanceparticipant) VALUES (nextval('participant_numparticipant_seq'), 74, 'Petit', 'Antoine', 'F', '1992-01-06');
INSERT INTO participant (numparticipant, numreservation, nomparticipant, prenomparticipant, genreparticipant, datenaissanceparticipant) VALUES (nextval('participant_numparticipant_seq'), 74, 'Richard', 'Julie', 'F', '1996-12-30');
INSERT INTO enregistrer (numactivite, numreservation) VALUES (4, 74);
INSERT INTO enregistrer (numactivite, numreservation) VALUES (20, 74);
INSERT INTO panier (numpanier, numclient, datecreation, prixpanier) VALUES (nextval('panier_numpanier_seq'), 95, '2022-04-22', 1366.63);
INSERT INTO reservation (numreservation, numclient, numtransport, numpanier, statut, nbpersonnes, prixtotal, datedebut, datefin) VALUES (nextval('reservation_numreservation_seq'), 95, NULL, 75, 'Annulée', 6, 2010.05, '2023-10-30', '2023-11-06');
INSERT INTO choisir (numreservation, numtype) VALUES (75, 3);
INSERT INTO lier (idchambre, numreservation) VALUES (922, 75);
INSERT INTO participant (numparticipant, numreservation, nomparticipant, prenomparticipant, genreparticipant, datenaissanceparticipant) VALUES (nextval('participant_numparticipant_seq'), 75, 'Simon', 'Jean', 'M', '2014-02-18');
INSERT INTO participant (numparticipant, numreservation, nomparticipant, prenomparticipant, genreparticipant, datenaissanceparticipant) VALUES (nextval('participant_numparticipant_seq'), 75, 'Richard', 'Marc', 'F', '2014-08-14');
INSERT INTO enregistrer (numactivite, numreservation) VALUES (20, 75);
INSERT INTO panier (numpanier, numclient, datecreation, prixpanier) VALUES (nextval('panier_numpanier_seq'), 94, '2022-10-17', 3536.34);
INSERT INTO reservation (numreservation, numclient, numtransport, numpanier, statut, nbpersonnes, prixtotal, datedebut, datefin) VALUES (nextval('reservation_numreservation_seq'), 94, 4, 76, 'En attente', 3, 3672.6, '2023-02-07', '2023-02-16');
INSERT INTO choisir (numreservation, numtype) VALUES (76, 3);
INSERT INTO lier (idchambre, numreservation) VALUES (412, 76);
INSERT INTO participant (numparticipant, numreservation, nomparticipant, prenomparticipant, genreparticipant, datenaissanceparticipant) VALUES (nextval('participant_numparticipant_seq'), 76, 'Martin', 'Paul', 'F', '1990-05-17');
INSERT INTO participant (numparticipant, numreservation, nomparticipant, prenomparticipant, genreparticipant, datenaissanceparticipant) VALUES (nextval('participant_numparticipant_seq'), 76, 'Lefebvre', 'Luc', 'F', '2006-02-27');
INSERT INTO participant (numparticipant, numreservation, nomparticipant, prenomparticipant, genreparticipant, datenaissanceparticipant) VALUES (nextval('participant_numparticipant_seq'), 76, 'Dubois', 'Sophie', 'F', '2007-05-04');
INSERT INTO panier (numpanier, numclient, datecreation, prixpanier) VALUES (nextval('panier_numpanier_seq'), 49, '2024-11-07', 4887.74);
INSERT INTO reservation (numreservation, numclient, numtransport, numpanier, statut, nbpersonnes, prixtotal, datedebut, datefin) VALUES (nextval('reservation_numreservation_seq'), 49, 4, 77, 'En attente', 2, 5046.84, '2024-10-08', '2024-10-18');
INSERT INTO choisir (numreservation, numtype) VALUES (77, 4);
INSERT INTO lier (idchambre, numreservation) VALUES (1149, 77);
INSERT INTO participant (numparticipant, numreservation, nomparticipant, prenomparticipant, genreparticipant, datenaissanceparticipant) VALUES (nextval('participant_numparticipant_seq'), 77, 'Martin', 'Jean', 'M', '2013-09-30');
INSERT INTO participant (numparticipant, numreservation, nomparticipant, prenomparticipant, genreparticipant, datenaissanceparticipant) VALUES (nextval('participant_numparticipant_seq'), 77, 'Simon', 'Emma', 'F', '2007-08-25');
INSERT INTO participant (numparticipant, numreservation, nomparticipant, prenomparticipant, genreparticipant, datenaissanceparticipant) VALUES (nextval('participant_numparticipant_seq'), 77, 'Dubois', 'Claire', 'F', '2005-10-14');
INSERT INTO enregistrer (numactivite, numreservation) VALUES (10, 77);
INSERT INTO panier (numpanier, numclient, datecreation, prixpanier) VALUES (nextval('panier_numpanier_seq'), 31, '2024-10-23', 1524.22);
INSERT INTO reservation (numreservation, numclient, numtransport, numpanier, statut, nbpersonnes, prixtotal, datedebut, datefin) VALUES (nextval('reservation_numreservation_seq'), 31, NULL, 78, 'Annulée', 2, 1645.59, '2024-06-11', '2024-06-20');
INSERT INTO choisir (numreservation, numtype) VALUES (78, 4);
INSERT INTO lier (idchambre, numreservation) VALUES (1346, 78);
INSERT INTO participant (numparticipant, numreservation, nomparticipant, prenomparticipant, genreparticipant, datenaissanceparticipant) VALUES (nextval('participant_numparticipant_seq'), 78, 'Lefebvre', 'Luc', 'M', '2008-09-20');
INSERT INTO panier (numpanier, numclient, datecreation, prixpanier) VALUES (nextval('panier_numpanier_seq'), 74, '2022-11-09', 2247.03);
INSERT INTO reservation (numreservation, numclient, numtransport, numpanier, statut, nbpersonnes, prixtotal, datedebut, datefin) VALUES (nextval('reservation_numreservation_seq'), 74, 4, 79, 'Confirmée', 2, 2769.01, '2024-11-05', '2024-11-15');
INSERT INTO choisir (numreservation, numtype) VALUES (79, 5);
INSERT INTO lier (idchambre, numreservation) VALUES (1109, 79);
INSERT INTO participant (numparticipant, numreservation, nomparticipant, prenomparticipant, genreparticipant, datenaissanceparticipant) VALUES (nextval('participant_numparticipant_seq'), 79, 'Petit', 'Marc', 'F', '2013-07-01');
INSERT INTO participant (numparticipant, numreservation, nomparticipant, prenomparticipant, genreparticipant, datenaissanceparticipant) VALUES (nextval('participant_numparticipant_seq'), 79, 'Leroux', 'Pierre', 'M', '2015-05-04');
INSERT INTO participant (numparticipant, numreservation, nomparticipant, prenomparticipant, genreparticipant, datenaissanceparticipant) VALUES (nextval('participant_numparticipant_seq'), 79, 'Simon', 'Claire', 'M', '2015-01-01');
INSERT INTO enregistrer (numactivite, numreservation) VALUES (4, 79);
INSERT INTO enregistrer (numactivite, numreservation) VALUES (6, 79);
INSERT INTO panier (numpanier, numclient, datecreation, prixpanier) VALUES (nextval('panier_numpanier_seq'), 41, '2022-10-26', 3689.98);
INSERT INTO reservation (numreservation, numclient, numtransport, numpanier, statut, nbpersonnes, prixtotal, datedebut, datefin) VALUES (nextval('reservation_numreservation_seq'), 41, 3, 80, 'Annulée', 4, 4286.47, '2024-10-14', '2024-10-23');
INSERT INTO choisir (numreservation, numtype) VALUES (80, 3);
INSERT INTO lier (idchambre, numreservation) VALUES (312, 80);
INSERT INTO participant (numparticipant, numreservation, nomparticipant, prenomparticipant, genreparticipant, datenaissanceparticipant) VALUES (nextval('participant_numparticipant_seq'), 80, 'Petit', 'Sophie', 'M', '1991-03-06');
INSERT INTO enregistrer (numactivite, numreservation) VALUES (20, 80);
INSERT INTO enregistrer (numactivite, numreservation) VALUES (10, 80);
INSERT INTO panier (numpanier, numclient, datecreation, prixpanier) VALUES (nextval('panier_numpanier_seq'), 78, '2025-03-07', 3139.34);
INSERT INTO reservation (numreservation, numclient, numtransport, numpanier, statut, nbpersonnes, prixtotal, datedebut, datefin) VALUES (nextval('reservation_numreservation_seq'), 78, 5, 81, 'En attente', 3, 3202.92, '2024-04-20', '2024-04-26');
INSERT INTO choisir (numreservation, numtype) VALUES (81, 4);
INSERT INTO lier (idchambre, numreservation) VALUES (275, 81);
INSERT INTO participant (numparticipant, numreservation, nomparticipant, prenomparticipant, genreparticipant, datenaissanceparticipant) VALUES (nextval('participant_numparticipant_seq'), 81, 'Michel', 'Chloé', 'M', '2007-05-20');
INSERT INTO participant (numparticipant, numreservation, nomparticipant, prenomparticipant, genreparticipant, datenaissanceparticipant) VALUES (nextval('participant_numparticipant_seq'), 81, 'Garnier', 'Chloé', 'M', '1997-05-07');
INSERT INTO participant (numparticipant, numreservation, nomparticipant, prenomparticipant, genreparticipant, datenaissanceparticipant) VALUES (nextval('participant_numparticipant_seq'), 81, 'Durand', 'Marc', 'M', '2008-04-30');
INSERT INTO panier (numpanier, numclient, datecreation, prixpanier) VALUES (nextval('panier_numpanier_seq'), 35, '2024-04-25', 1268.26);
INSERT INTO reservation (numreservation, numclient, numtransport, numpanier, statut, nbpersonnes, prixtotal, datedebut, datefin) VALUES (nextval('reservation_numreservation_seq'), 35, NULL, 82, 'Confirmée', 4, 1961.96, '2024-02-20', '2024-02-26');
INSERT INTO choisir (numreservation, numtype) VALUES (82, 4);
INSERT INTO lier (idchambre, numreservation) VALUES (1409, 82);
INSERT INTO participant (numparticipant, numreservation, nomparticipant, prenomparticipant, genreparticipant, datenaissanceparticipant) VALUES (nextval('participant_numparticipant_seq'), 82, 'Durand', 'Antoine', 'F', '2008-02-29');
INSERT INTO participant (numparticipant, numreservation, nomparticipant, prenomparticipant, genreparticipant, datenaissanceparticipant) VALUES (nextval('participant_numparticipant_seq'), 82, 'Lefebvre', 'Marie', 'F', '2007-09-06');
INSERT INTO enregistrer (numactivite, numreservation) VALUES (20, 82);
INSERT INTO enregistrer (numactivite, numreservation) VALUES (18, 82);
INSERT INTO panier (numpanier, numclient, datecreation, prixpanier) VALUES (nextval('panier_numpanier_seq'), 68, '2025-08-06', 4403.76);
INSERT INTO reservation (numreservation, numclient, numtransport, numpanier, statut, nbpersonnes, prixtotal, datedebut, datefin) VALUES (nextval('reservation_numreservation_seq'), 68, 3, 83, 'Terminée', 1, 5105.98, '2025-12-02', '2025-12-06');
INSERT INTO choisir (numreservation, numtype) VALUES (83, 2);
INSERT INTO lier (idchambre, numreservation) VALUES (1063, 83);
INSERT INTO participant (numparticipant, numreservation, nomparticipant, prenomparticipant, genreparticipant, datenaissanceparticipant) VALUES (nextval('participant_numparticipant_seq'), 83, 'Martin', 'Nicolas', 'F', '2013-02-25');
INSERT INTO participant (numparticipant, numreservation, nomparticipant, prenomparticipant, genreparticipant, datenaissanceparticipant) VALUES (nextval('participant_numparticipant_seq'), 83, 'Richard', 'Marie', 'F', '2009-09-19');
INSERT INTO participant (numparticipant, numreservation, nomparticipant, prenomparticipant, genreparticipant, datenaissanceparticipant) VALUES (nextval('participant_numparticipant_seq'), 83, 'Moreau', 'Nicolas', 'F', '2010-09-11');
INSERT INTO panier (numpanier, numclient, datecreation, prixpanier) VALUES (nextval('panier_numpanier_seq'), 79, '2022-04-22', 3511.77);
INSERT INTO reservation (numreservation, numclient, numtransport, numpanier, statut, nbpersonnes, prixtotal, datedebut, datefin) VALUES (nextval('reservation_numreservation_seq'), 79, 3, 84, 'En attente', 6, 3912.3, '2025-08-07', '2025-08-20');
INSERT INTO choisir (numreservation, numtype) VALUES (84, 2);
INSERT INTO lier (idchambre, numreservation) VALUES (1595, 84);
INSERT INTO participant (numparticipant, numreservation, nomparticipant, prenomparticipant, genreparticipant, datenaissanceparticipant) VALUES (nextval('participant_numparticipant_seq'), 84, 'Lefebvre', 'Pierre', 'F', '2004-07-05');
INSERT INTO participant (numparticipant, numreservation, nomparticipant, prenomparticipant, genreparticipant, datenaissanceparticipant) VALUES (nextval('participant_numparticipant_seq'), 84, 'Dubois', 'Antoine', 'M', '2010-05-09');
INSERT INTO participant (numparticipant, numreservation, nomparticipant, prenomparticipant, genreparticipant, datenaissanceparticipant) VALUES (nextval('participant_numparticipant_seq'), 84, 'Roux', 'Marc', 'M', '2001-03-21');
INSERT INTO enregistrer (numactivite, numreservation) VALUES (6, 84);
INSERT INTO panier (numpanier, numclient, datecreation, prixpanier) VALUES (nextval('panier_numpanier_seq'), 92, '2022-09-11', 637.72);
INSERT INTO reservation (numreservation, numclient, numtransport, numpanier, statut, nbpersonnes, prixtotal, datedebut, datefin) VALUES (nextval('reservation_numreservation_seq'), 92, 2, 85, 'En attente', 5, 1203.54, '2025-07-09', '2025-07-22');
INSERT INTO choisir (numreservation, numtype) VALUES (85, 5);
INSERT INTO lier (idchambre, numreservation) VALUES (1254, 85);
INSERT INTO participant (numparticipant, numreservation, nomparticipant, prenomparticipant, genreparticipant, datenaissanceparticipant) VALUES (nextval('participant_numparticipant_seq'), 85, 'Lefebvre', 'Nicolas', 'M', '1997-08-31');
INSERT INTO enregistrer (numactivite, numreservation) VALUES (20, 85);
INSERT INTO panier (numpanier, numclient, datecreation, prixpanier) VALUES (nextval('panier_numpanier_seq'), 85, '2022-11-04', 978.2);
INSERT INTO reservation (numreservation, numclient, numtransport, numpanier, statut, nbpersonnes, prixtotal, datedebut, datefin) VALUES (nextval('reservation_numreservation_seq'), 85, NULL, 86, 'Terminée', 3, 1225.81, '2024-01-02', '2024-01-16');
INSERT INTO choisir (numreservation, numtype) VALUES (86, 4);
INSERT INTO lier (idchambre, numreservation) VALUES (592, 86);
INSERT INTO participant (numparticipant, numreservation, nomparticipant, prenomparticipant, genreparticipant, datenaissanceparticipant) VALUES (nextval('participant_numparticipant_seq'), 86, 'Thomas', 'Claire', 'M', '1999-02-06');
INSERT INTO participant (numparticipant, numreservation, nomparticipant, prenomparticipant, genreparticipant, datenaissanceparticipant) VALUES (nextval('participant_numparticipant_seq'), 86, 'Leroy', 'Jean', 'M', '2010-07-29');
INSERT INTO participant (numparticipant, numreservation, nomparticipant, prenomparticipant, genreparticipant, datenaissanceparticipant) VALUES (nextval('participant_numparticipant_seq'), 86, 'Garnier', 'Chloé', 'M', '2017-04-10');
INSERT INTO enregistrer (numactivite, numreservation) VALUES (8, 86);
INSERT INTO avis (numavis, numclient, numresort, noteavis, commentaire, datepublication) VALUES (nextval('avis_numavis_seq'), 85, 10, 4.15, 'Très bon séjour à Flaine.', '2024-03-15');
INSERT INTO panier (numpanier, numclient, datecreation, prixpanier) VALUES (nextval('panier_numpanier_seq'), 53, '2024-06-23', 581.14);
INSERT INTO reservation (numreservation, numclient, numtransport, numpanier, statut, nbpersonnes, prixtotal, datedebut, datefin) VALUES (nextval('reservation_numreservation_seq'), 53, 4, 87, 'Annulée', 5, 1084.05, '2023-01-14', '2023-01-20');
INSERT INTO choisir (numreservation, numtype) VALUES (87, 2);
INSERT INTO lier (idchambre, numreservation) VALUES (101, 87);
INSERT INTO participant (numparticipant, numreservation, nomparticipant, prenomparticipant, genreparticipant, datenaissanceparticipant) VALUES (nextval('participant_numparticipant_seq'), 87, 'Martin', 'Pierre', 'F', '1991-08-25');
INSERT INTO panier (numpanier, numclient, datecreation, prixpanier) VALUES (nextval('panier_numpanier_seq'), 5, '2025-09-28', 2974.85);
INSERT INTO reservation (numreservation, numclient, numtransport, numpanier, statut, nbpersonnes, prixtotal, datedebut, datefin) VALUES (nextval('reservation_numreservation_seq'), 5, NULL, 88, 'En attente', 1, 3308.42, '2024-09-03', '2024-09-11');
INSERT INTO choisir (numreservation, numtype) VALUES (88, 2);
INSERT INTO lier (idchambre, numreservation) VALUES (331, 88);
INSERT INTO participant (numparticipant, numreservation, nomparticipant, prenomparticipant, genreparticipant, datenaissanceparticipant) VALUES (nextval('participant_numparticipant_seq'), 88, 'Robert', 'Emma', 'F', '2015-12-21');
INSERT INTO participant (numparticipant, numreservation, nomparticipant, prenomparticipant, genreparticipant, datenaissanceparticipant) VALUES (nextval('participant_numparticipant_seq'), 88, 'Martin', 'Laura', 'M', '2003-06-05');
INSERT INTO participant (numparticipant, numreservation, nomparticipant, prenomparticipant, genreparticipant, datenaissanceparticipant) VALUES (nextval('participant_numparticipant_seq'), 88, 'Michel', 'Thomas', 'F', '1993-01-13');
INSERT INTO enregistrer (numactivite, numreservation) VALUES (18, 88);
INSERT INTO panier (numpanier, numclient, datecreation, prixpanier) VALUES (nextval('panier_numpanier_seq'), 9, '2023-08-23', 2459.92);
INSERT INTO reservation (numreservation, numclient, numtransport, numpanier, statut, nbpersonnes, prixtotal, datedebut, datefin) VALUES (nextval('reservation_numreservation_seq'), 9, 4, 89, 'Terminée', 5, 2627.8, '2024-07-16', '2024-07-24');
INSERT INTO choisir (numreservation, numtype) VALUES (89, 2);
INSERT INTO lier (idchambre, numreservation) VALUES (1254, 89);
INSERT INTO participant (numparticipant, numreservation, nomparticipant, prenomparticipant, genreparticipant, datenaissanceparticipant) VALUES (nextval('participant_numparticipant_seq'), 89, 'Bernard', 'Sophie', 'F', '2017-02-16');
INSERT INTO enregistrer (numactivite, numreservation) VALUES (10, 89);
INSERT INTO enregistrer (numactivite, numreservation) VALUES (14, 89);
INSERT INTO panier (numpanier, numclient, datecreation, prixpanier) VALUES (nextval('panier_numpanier_seq'), 41, '2023-06-16', 2721.88);
INSERT INTO reservation (numreservation, numclient, numtransport, numpanier, statut, nbpersonnes, prixtotal, datedebut, datefin) VALUES (nextval('reservation_numreservation_seq'), 41, 4, 90, 'Terminée', 5, 3305.23, '2024-12-25', '2024-12-30');
INSERT INTO choisir (numreservation, numtype) VALUES (90, 4);
INSERT INTO lier (idchambre, numreservation) VALUES (1009, 90);
INSERT INTO participant (numparticipant, numreservation, nomparticipant, prenomparticipant, genreparticipant, datenaissanceparticipant) VALUES (nextval('participant_numparticipant_seq'), 90, 'Moreau', 'Julie', 'M', '1990-01-26');
INSERT INTO avis (numavis, numclient, numresort, noteavis, commentaire, datepublication) VALUES (nextval('avis_numavis_seq'), 41, 40, 4.06, 'Très bon séjour à Madeira.', '2025-01-15');
INSERT INTO panier (numpanier, numclient, datecreation, prixpanier) VALUES (nextval('panier_numpanier_seq'), 95, '2023-03-01', 4037.91);
INSERT INTO reservation (numreservation, numclient, numtransport, numpanier, statut, nbpersonnes, prixtotal, datedebut, datefin) VALUES (nextval('reservation_numreservation_seq'), 95, 2, 91, 'Annulée', 5, 4682.74, '2025-04-27', '2025-04-30');
INSERT INTO choisir (numreservation, numtype) VALUES (91, 2);
INSERT INTO lier (idchambre, numreservation) VALUES (24, 91);
INSERT INTO participant (numparticipant, numreservation, nomparticipant, prenomparticipant, genreparticipant, datenaissanceparticipant) VALUES (nextval('participant_numparticipant_seq'), 91, 'Moreau', 'Marc', 'F', '1993-01-16');
INSERT INTO participant (numparticipant, numreservation, nomparticipant, prenomparticipant, genreparticipant, datenaissanceparticipant) VALUES (nextval('participant_numparticipant_seq'), 91, 'Moreau', 'Emma', 'F', '1990-04-11');
INSERT INTO participant (numparticipant, numreservation, nomparticipant, prenomparticipant, genreparticipant, datenaissanceparticipant) VALUES (nextval('participant_numparticipant_seq'), 91, 'Simon', 'Sophie', 'F', '2007-10-07');
INSERT INTO enregistrer (numactivite, numreservation) VALUES (20, 91);
INSERT INTO enregistrer (numactivite, numreservation) VALUES (2, 91);
INSERT INTO panier (numpanier, numclient, datecreation, prixpanier) VALUES (nextval('panier_numpanier_seq'), 23, '2023-02-02', 1786.47);
INSERT INTO reservation (numreservation, numclient, numtransport, numpanier, statut, nbpersonnes, prixtotal, datedebut, datefin) VALUES (nextval('reservation_numreservation_seq'), 23, NULL, 92, 'Confirmée', 4, 1910.78, '2025-09-08', '2025-09-18');
INSERT INTO choisir (numreservation, numtype) VALUES (92, 4);
INSERT INTO lier (idchambre, numreservation) VALUES (1827, 92);
INSERT INTO participant (numparticipant, numreservation, nomparticipant, prenomparticipant, genreparticipant, datenaissanceparticipant) VALUES (nextval('participant_numparticipant_seq'), 92, 'Roux', 'Thomas', 'F', '1992-07-06');
INSERT INTO participant (numparticipant, numreservation, nomparticipant, prenomparticipant, genreparticipant, datenaissanceparticipant) VALUES (nextval('participant_numparticipant_seq'), 92, 'Simon', 'Emma', 'M', '1999-05-06');
INSERT INTO participant (numparticipant, numreservation, nomparticipant, prenomparticipant, genreparticipant, datenaissanceparticipant) VALUES (nextval('participant_numparticipant_seq'), 92, 'Michel', 'Thomas', 'M', '1996-09-12');
INSERT INTO enregistrer (numactivite, numreservation) VALUES (2, 92);
INSERT INTO panier (numpanier, numclient, datecreation, prixpanier) VALUES (nextval('panier_numpanier_seq'), 44, '2024-02-08', 3207.25);
INSERT INTO reservation (numreservation, numclient, numtransport, numpanier, statut, nbpersonnes, prixtotal, datedebut, datefin) VALUES (nextval('reservation_numreservation_seq'), 44, 4, 93, 'En attente', 3, 3771.46, '2025-03-08', '2025-03-13');
INSERT INTO choisir (numreservation, numtype) VALUES (93, 3);
INSERT INTO lier (idchambre, numreservation) VALUES (1454, 93);
INSERT INTO participant (numparticipant, numreservation, nomparticipant, prenomparticipant, genreparticipant, datenaissanceparticipant) VALUES (nextval('participant_numparticipant_seq'), 93, 'Leroux', 'Paul', 'M', '2012-04-18');
INSERT INTO panier (numpanier, numclient, datecreation, prixpanier) VALUES (nextval('panier_numpanier_seq'), 48, '2024-07-14', 4181.4);
INSERT INTO reservation (numreservation, numclient, numtransport, numpanier, statut, nbpersonnes, prixtotal, datedebut, datefin) VALUES (nextval('reservation_numreservation_seq'), 48, 2, 94, 'Confirmée', 1, 4480.77, '2024-03-18', '2024-03-29');
INSERT INTO choisir (numreservation, numtype) VALUES (94, 1);
INSERT INTO lier (idchambre, numreservation) VALUES (1593, 94);
INSERT INTO participant (numparticipant, numreservation, nomparticipant, prenomparticipant, genreparticipant, datenaissanceparticipant) VALUES (nextval('participant_numparticipant_seq'), 94, 'Roux', 'Luc', 'M', '2011-08-26');
INSERT INTO enregistrer (numactivite, numreservation) VALUES (6, 94);
INSERT INTO enregistrer (numactivite, numreservation) VALUES (8, 94);
INSERT INTO panier (numpanier, numclient, datecreation, prixpanier) VALUES (nextval('panier_numpanier_seq'), 44, '2024-09-17', 3715.72);
INSERT INTO reservation (numreservation, numclient, numtransport, numpanier, statut, nbpersonnes, prixtotal, datedebut, datefin) VALUES (nextval('reservation_numreservation_seq'), 44, 1, 95, 'En attente', 5, 4257.09, '2024-09-27', '2024-10-05');
INSERT INTO choisir (numreservation, numtype) VALUES (95, 2);
INSERT INTO lier (idchambre, numreservation) VALUES (421, 95);
INSERT INTO participant (numparticipant, numreservation, nomparticipant, prenomparticipant, genreparticipant, datenaissanceparticipant) VALUES (nextval('participant_numparticipant_seq'), 95, 'Roux', 'Marie', 'F', '2013-06-07');
INSERT INTO participant (numparticipant, numreservation, nomparticipant, prenomparticipant, genreparticipant, datenaissanceparticipant) VALUES (nextval('participant_numparticipant_seq'), 95, 'Dubois', 'Sophie', 'F', '1991-12-23');
INSERT INTO participant (numparticipant, numreservation, nomparticipant, prenomparticipant, genreparticipant, datenaissanceparticipant) VALUES (nextval('participant_numparticipant_seq'), 95, 'Simon', 'Luc', 'F', '1992-01-26');
INSERT INTO panier (numpanier, numclient, datecreation, prixpanier) VALUES (nextval('panier_numpanier_seq'), 67, '2025-09-11', 3778.66);
INSERT INTO reservation (numreservation, numclient, numtransport, numpanier, statut, nbpersonnes, prixtotal, datedebut, datefin) VALUES (nextval('reservation_numreservation_seq'), 67, 1, 96, 'Annulée', 2, 3932.7, '2024-10-01', '2024-10-14');
INSERT INTO choisir (numreservation, numtype) VALUES (96, 3);
INSERT INTO lier (idchambre, numreservation) VALUES (1091, 96);
INSERT INTO participant (numparticipant, numreservation, nomparticipant, prenomparticipant, genreparticipant, datenaissanceparticipant) VALUES (nextval('participant_numparticipant_seq'), 96, 'Thomas', 'Antoine', 'F', '1996-09-12');
INSERT INTO participant (numparticipant, numreservation, nomparticipant, prenomparticipant, genreparticipant, datenaissanceparticipant) VALUES (nextval('participant_numparticipant_seq'), 96, 'Leroy', 'Claire', 'M', '1990-09-07');
INSERT INTO enregistrer (numactivite, numreservation) VALUES (18, 96);
INSERT INTO enregistrer (numactivite, numreservation) VALUES (20, 96);
INSERT INTO panier (numpanier, numclient, datecreation, prixpanier) VALUES (nextval('panier_numpanier_seq'), 14, '2023-02-28', 2804.14);
INSERT INTO reservation (numreservation, numclient, numtransport, numpanier, statut, nbpersonnes, prixtotal, datedebut, datefin) VALUES (nextval('reservation_numreservation_seq'), 14, 1, 97, 'Annulée', 5, 3000.0, '2024-10-14', '2024-10-21');
INSERT INTO choisir (numreservation, numtype) VALUES (97, 1);
INSERT INTO lier (idchambre, numreservation) VALUES (638, 97);
INSERT INTO participant (numparticipant, numreservation, nomparticipant, prenomparticipant, genreparticipant, datenaissanceparticipant) VALUES (nextval('participant_numparticipant_seq'), 97, 'Roux', 'Thomas', 'M', '1995-11-02');
INSERT INTO participant (numparticipant, numreservation, nomparticipant, prenomparticipant, genreparticipant, datenaissanceparticipant) VALUES (nextval('participant_numparticipant_seq'), 97, 'Garnier', 'Jean', 'M', '1994-10-02');
INSERT INTO participant (numparticipant, numreservation, nomparticipant, prenomparticipant, genreparticipant, datenaissanceparticipant) VALUES (nextval('participant_numparticipant_seq'), 97, 'Martin', 'Nicolas', 'M', '2009-02-17');
INSERT INTO enregistrer (numactivite, numreservation) VALUES (6, 97);
INSERT INTO panier (numpanier, numclient, datecreation, prixpanier) VALUES (nextval('panier_numpanier_seq'), 91, '2025-05-05', 4478.12);
INSERT INTO reservation (numreservation, numclient, numtransport, numpanier, statut, nbpersonnes, prixtotal, datedebut, datefin) VALUES (nextval('reservation_numreservation_seq'), 91, 2, 98, 'Annulée', 3, 5132.07, '2025-07-02', '2025-07-14');
INSERT INTO choisir (numreservation, numtype) VALUES (98, 5);
INSERT INTO lier (idchambre, numreservation) VALUES (161, 98);
INSERT INTO participant (numparticipant, numreservation, nomparticipant, prenomparticipant, genreparticipant, datenaissanceparticipant) VALUES (nextval('participant_numparticipant_seq'), 98, 'Bernard', 'Pierre', 'F', '1994-05-13');
INSERT INTO participant (numparticipant, numreservation, nomparticipant, prenomparticipant, genreparticipant, datenaissanceparticipant) VALUES (nextval('participant_numparticipant_seq'), 98, 'Moreau', 'Antoine', 'F', '2011-02-09');
INSERT INTO panier (numpanier, numclient, datecreation, prixpanier) VALUES (nextval('panier_numpanier_seq'), 29, '2022-10-22', 4333.26);
INSERT INTO reservation (numreservation, numclient, numtransport, numpanier, statut, nbpersonnes, prixtotal, datedebut, datefin) VALUES (nextval('reservation_numreservation_seq'), 29, 3, 99, 'Confirmée', 6, 5067.07, '2024-06-12', '2024-06-20');
INSERT INTO choisir (numreservation, numtype) VALUES (99, 3);
INSERT INTO lier (idchambre, numreservation) VALUES (1616, 99);
INSERT INTO participant (numparticipant, numreservation, nomparticipant, prenomparticipant, genreparticipant, datenaissanceparticipant) VALUES (nextval('participant_numparticipant_seq'), 99, 'Garnier', 'Antoine', 'M', '1992-12-06');
INSERT INTO participant (numparticipant, numreservation, nomparticipant, prenomparticipant, genreparticipant, datenaissanceparticipant) VALUES (nextval('participant_numparticipant_seq'), 99, 'Thomas', 'Chloé', 'F', '2011-06-22');
INSERT INTO enregistrer (numactivite, numreservation) VALUES (6, 99);
INSERT INTO panier (numpanier, numclient, datecreation, prixpanier) VALUES (nextval('panier_numpanier_seq'), 37, '2023-12-15', 3101.31);
INSERT INTO reservation (numreservation, numclient, numtransport, numpanier, statut, nbpersonnes, prixtotal, datedebut, datefin) VALUES (nextval('reservation_numreservation_seq'), 37, 3, 100, 'En attente', 3, 3546.23, '2025-11-06', '2025-11-10');
INSERT INTO choisir (numreservation, numtype) VALUES (100, 1);
INSERT INTO lier (idchambre, numreservation) VALUES (1623, 100);
INSERT INTO participant (numparticipant, numreservation, nomparticipant, prenomparticipant, genreparticipant, datenaissanceparticipant) VALUES (nextval('participant_numparticipant_seq'), 100, 'Lefebvre', 'Antoine', 'F', '2000-09-13');
INSERT INTO participant (numparticipant, numreservation, nomparticipant, prenomparticipant, genreparticipant, datenaissanceparticipant) VALUES (nextval('participant_numparticipant_seq'), 100, 'Robert', 'Julie', 'F', '2007-03-21');

INSERT INTO cartebancaire (idcarte, numclient, numeromasque, dateexpiration, nomtitulaire, tokenpaiement) VALUES (nextval('cartebancaire_idcarte_seq'), 63, 'XXXX-XXXX-XXXX-5066', '2026-12-31', 'Chloé Bernard', 'tok_1');
INSERT INTO cartebancaire (idcarte, numclient, numeromasque, dateexpiration, nomtitulaire, tokenpaiement) VALUES (nextval('cartebancaire_idcarte_seq'), 10, 'XXXX-XXXX-XXXX-2940', '2026-12-31', 'Claire Durand', 'tok_2');
INSERT INTO cartebancaire (idcarte, numclient, numeromasque, dateexpiration, nomtitulaire, tokenpaiement) VALUES (nextval('cartebancaire_idcarte_seq'), 74, 'XXXX-XXXX-XXXX-7818', '2026-12-31', 'Julie Garnier', 'tok_3');
INSERT INTO cartebancaire (idcarte, numclient, numeromasque, dateexpiration, nomtitulaire, tokenpaiement) VALUES (nextval('cartebancaire_idcarte_seq'), 81, 'XXXX-XXXX-XXXX-4697', '2026-12-31', 'Paul Michel', 'tok_4');
INSERT INTO cartebancaire (idcarte, numclient, numeromasque, dateexpiration, nomtitulaire, tokenpaiement) VALUES (nextval('cartebancaire_idcarte_seq'), 88, 'XXXX-XXXX-XXXX-9561', '2026-12-31', 'Luc Leroy', 'tok_5');
INSERT INTO cartebancaire (idcarte, numclient, numeromasque, dateexpiration, nomtitulaire, tokenpaiement) VALUES (nextval('cartebancaire_idcarte_seq'), 7, 'XXXX-XXXX-XXXX-7232', '2026-12-31', 'Laura Richard', 'tok_6');
INSERT INTO cartebancaire (idcarte, numclient, numeromasque, dateexpiration, nomtitulaire, tokenpaiement) VALUES (nextval('cartebancaire_idcarte_seq'), 20, 'XXXX-XXXX-XXXX-8381', '2026-12-31', 'Thomas Garnier', 'tok_7');
INSERT INTO cartebancaire (idcarte, numclient, numeromasque, dateexpiration, nomtitulaire, tokenpaiement) VALUES (nextval('cartebancaire_idcarte_seq'), 73, 'XXXX-XXXX-XXXX-8253', '2026-12-31', 'Nicolas Garnier', 'tok_8');
INSERT INTO cartebancaire (idcarte, numclient, numeromasque, dateexpiration, nomtitulaire, tokenpaiement) VALUES (nextval('cartebancaire_idcarte_seq'), 39, 'XXXX-XXXX-XXXX-5871', '2026-12-31', 'Pierre Moreau', 'tok_9');
INSERT INTO cartebancaire (idcarte, numclient, numeromasque, dateexpiration, nomtitulaire, tokenpaiement) VALUES (nextval('cartebancaire_idcarte_seq'), 11, 'XXXX-XXXX-XXXX-8025', '2026-12-31', 'Julie Simon', 'tok_10');

INSERT INTO recommander (numresort, res_numresort) VALUES (1, 22);
INSERT INTO recommander (numresort, res_numresort) VALUES (2, 14);
INSERT INTO recommander (numresort, res_numresort) VALUES (3, 45);
INSERT INTO recommander (numresort, res_numresort) VALUES (4, 38);
INSERT INTO recommander (numresort, res_numresort) VALUES (5, 28);
INSERT INTO recommander (numresort, res_numresort) VALUES (6, 28);
INSERT INTO recommander (numresort, res_numresort) VALUES (7, 37);
INSERT INTO recommander (numresort, res_numresort) VALUES (8, 22);
INSERT INTO recommander (numresort, res_numresort) VALUES (9, 35);
INSERT INTO recommander (numresort, res_numresort) VALUES (10, 45);
INSERT INTO recommander (numresort, res_numresort) VALUES (11, 16);
INSERT INTO recommander (numresort, res_numresort) VALUES (13, 43);
INSERT INTO recommander (numresort, res_numresort) VALUES (14, 43);
INSERT INTO recommander (numresort, res_numresort) VALUES (15, 5);
INSERT INTO recommander (numresort, res_numresort) VALUES (16, 48);
INSERT INTO recommander (numresort, res_numresort) VALUES (17, 46);
INSERT INTO recommander (numresort, res_numresort) VALUES (18, 37);
INSERT INTO recommander (numresort, res_numresort) VALUES (19, 32);
INSERT INTO recommander (numresort, res_numresort) VALUES (20, 8);
INSERT INTO recommander (numresort, res_numresort) VALUES (21, 38);
INSERT INTO recommander (numresort, res_numresort) VALUES (22, 39);
INSERT INTO recommander (numresort, res_numresort) VALUES (23, 30);
INSERT INTO recommander (numresort, res_numresort) VALUES (24, 21);
INSERT INTO recommander (numresort, res_numresort) VALUES (25, 36);
INSERT INTO recommander (numresort, res_numresort) VALUES (26, 7);
INSERT INTO recommander (numresort, res_numresort) VALUES (27, 29);
INSERT INTO recommander (numresort, res_numresort) VALUES (28, 12);
INSERT INTO recommander (numresort, res_numresort) VALUES (29, 20);
INSERT INTO recommander (numresort, res_numresort) VALUES (30, 26);
INSERT INTO recommander (numresort, res_numresort) VALUES (31, 5);
INSERT INTO recommander (numresort, res_numresort) VALUES (32, 39);
INSERT INTO recommander (numresort, res_numresort) VALUES (33, 7);
INSERT INTO recommander (numresort, res_numresort) VALUES (34, 44);
INSERT INTO recommander (numresort, res_numresort) VALUES (35, 39);
INSERT INTO recommander (numresort, res_numresort) VALUES (36, 50);
INSERT INTO recommander (numresort, res_numresort) VALUES (37, 25);
INSERT INTO recommander (numresort, res_numresort) VALUES (38, 21);
INSERT INTO recommander (numresort, res_numresort) VALUES (39, 32);
INSERT INTO recommander (numresort, res_numresort) VALUES (40, 42);
INSERT INTO recommander (numresort, res_numresort) VALUES (41, 43);
INSERT INTO recommander (numresort, res_numresort) VALUES (42, 4);
INSERT INTO recommander (numresort, res_numresort) VALUES (43, 6);
INSERT INTO recommander (numresort, res_numresort) VALUES (44, 14);
INSERT INTO recommander (numresort, res_numresort) VALUES (45, 9);
INSERT INTO recommander (numresort, res_numresort) VALUES (46, 38);
INSERT INTO recommander (numresort, res_numresort) VALUES (47, 49);
INSERT INTO recommander (numresort, res_numresort) VALUES (48, 41);
INSERT INTO recommander (numresort, res_numresort) VALUES (49, 1);
INSERT INTO recommander (numresort, res_numresort) VALUES (50, 49);

